ISO-10303-21;
HEADER;

FILE_DESCRIPTION(
/* description */ ('STEP AP242 Edition 2',
'CAx-IF Rec.Pracs.---Representation and Presentation of Product Manufa
cturing Information (PMI)---4.0---2014-10-13',
'CAx-IF Rec.Pracs.---3D Tessellated Geometry---0.4---2014-09-14','2;1',
'CAx-IF Rec.Pracs.---User Defined Attributes---1.5---2016-08-15'),
/* implementation_level */ '2;1');

FILE_NAME(
/* name */ 'Top Shell - LCSC Connector',
/* authorisation */ '  ');

FILE_SCHEMA (('AP242_MANAGED_MODEL_BASED_3D_ENGINEERING_MIM_LF { 1 0 10303 442 3 1 4 }'));
ENDSEC;

DATA;
#10=CONTEXT_DEPENDENT_SHAPE_REPRESENTATION(#12,#6486);
#11=NEXT_ASSEMBLY_USAGE_OCCURRENCE('NAUO1','Top Shell','Top Shell',#6487,
#6488,'');
#12=(
REPRESENTATION_RELATIONSHIP(' ',' ',#3943,#3942)
REPRESENTATION_RELATIONSHIP_WITH_TRANSFORMATION(#13)
SHAPE_REPRESENTATION_RELATIONSHIP()
);
#13=ITEM_DEFINED_TRANSFORMATION(' ',' ',#3944,#4263);
#14=SHAPE_REPRESENTATION_RELATIONSHIP('','',#3943,#15);
#15=ADVANCED_BREP_SHAPE_REPRESENTATION('',(#3939),#6478);
#16=SPHERICAL_SURFACE('',#4217,0.001);
#17=SPHERICAL_SURFACE('',#4222,0.001);
#18=TOROIDAL_SURFACE('',#4097,0.002,0.001);
#19=TOROIDAL_SURFACE('',#4101,0.002,0.001);
#20=TOROIDAL_SURFACE('',#4105,0.002,0.001);
#21=TOROIDAL_SURFACE('',#4109,0.002,0.001);
#22=CONICAL_SURFACE('',#4082,0.00255,0.785398163397449);
#23=CONICAL_SURFACE('',#4085,0.00255,0.785398163397446);
#24=CONICAL_SURFACE('',#4088,0.00255,0.785398163397449);
#25=CONICAL_SURFACE('',#4091,0.00255,0.785398163397449);
#26=CONICAL_SURFACE('',#4213,0.0035,0.785398163397448);
#27=CONICAL_SURFACE('',#4214,0.0025,0.785398163397448);
#28=CONICAL_SURFACE('',#4237,0.00314854021031124,0.139626340159546);
#29=CONICAL_SURFACE('',#4240,0.00314854021031124,0.139626340159546);
#30=CONICAL_SURFACE('',#4244,0.000648540210311236,0.139626340159546);
#31=CONICAL_SURFACE('',#4246,0.000648540210311236,0.139626340159546);
#32=CONICAL_SURFACE('',#4249,0.000648540210311236,0.139626340159546);
#33=CONICAL_SURFACE('',#4252,0.000648540210311236,0.139626340159546);
#34=ELLIPSE('',#3965,0.0010943175335329,0.001);
#35=ELLIPSE('',#4014,0.0014142135623731,0.001);
#36=ELLIPSE('',#4015,0.0014142135623731,0.001);
#37=ELLIPSE('',#4226,0.0010943175335329,0.001);
#38=CYLINDRICAL_SURFACE('',#3964,0.001);
#39=CYLINDRICAL_SURFACE('',#4026,0.003);
#40=CYLINDRICAL_SURFACE('',#4028,0.003);
#41=CYLINDRICAL_SURFACE('',#4030,0.003);
#42=CYLINDRICAL_SURFACE('',#4033,0.003);
#43=CYLINDRICAL_SURFACE('',#4075,0.0025);
#44=CYLINDRICAL_SURFACE('',#4078,0.0025);
#45=CYLINDRICAL_SURFACE('',#4094,0.001);
#46=CYLINDRICAL_SURFACE('',#4099,0.001);
#47=CYLINDRICAL_SURFACE('',#4103,0.001);
#48=CYLINDRICAL_SURFACE('',#4107,0.001);
#49=CYLINDRICAL_SURFACE('',#4111,0.001);
#50=CYLINDRICAL_SURFACE('',#4114,0.00045);
#51=CYLINDRICAL_SURFACE('',#4116,0.00045);
#52=CYLINDRICAL_SURFACE('',#4118,0.00045);
#53=CYLINDRICAL_SURFACE('',#4120,0.00045);
#54=CYLINDRICAL_SURFACE('',#4122,0.00045);
#55=CYLINDRICAL_SURFACE('',#4124,0.00045);
#56=CYLINDRICAL_SURFACE('',#4126,0.00045);
#57=CYLINDRICAL_SURFACE('',#4128,0.00045);
#58=CYLINDRICAL_SURFACE('',#4130,0.00045);
#59=CYLINDRICAL_SURFACE('',#4132,0.00045);
#60=CYLINDRICAL_SURFACE('',#4134,0.00045);
#61=CYLINDRICAL_SURFACE('',#4136,0.00045);
#62=CYLINDRICAL_SURFACE('',#4138,0.00045);
#63=CYLINDRICAL_SURFACE('',#4140,0.00045);
#64=CYLINDRICAL_SURFACE('',#4142,0.00045);
#65=CYLINDRICAL_SURFACE('',#4144,0.00045);
#66=CYLINDRICAL_SURFACE('',#4146,0.00045);
#67=CYLINDRICAL_SURFACE('',#4148,0.00045);
#68=CYLINDRICAL_SURFACE('',#4215,0.001);
#69=CYLINDRICAL_SURFACE('',#4219,0.001);
#70=CYLINDRICAL_SURFACE('',#4220,0.001);
#71=CYLINDRICAL_SURFACE('',#4224,0.001);
#72=CYLINDRICAL_SURFACE('',#4225,0.001);
#73=CYLINDRICAL_SURFACE('',#4227,0.001);
#74=CYLINDRICAL_SURFACE('',#4228,0.001);
#75=CYLINDRICAL_SURFACE('',#4229,0.001);
#76=CYLINDRICAL_SURFACE('',#4230,0.001);
#77=CYLINDRICAL_SURFACE('',#4231,0.001);
#78=CYLINDRICAL_SURFACE('',#4232,0.001);
#79=CYLINDRICAL_SURFACE('',#4233,0.001);
#80=CYLINDRICAL_SURFACE('',#4234,0.001);
#81=CYLINDRICAL_SURFACE('',#4261,0.0046);
#82=CYLINDRICAL_SURFACE('',#4262,0.0046);
#83=LINE('',#5351,#525);
#84=LINE('',#5355,#526);
#85=LINE('',#5359,#527);
#86=LINE('',#5363,#528);
#87=LINE('',#5368,#529);
#88=LINE('',#5375,#530);
#89=LINE('',#5381,#531);
#90=LINE('',#5383,#532);
#91=LINE('',#5385,#533);
#92=LINE('',#5389,#534);
#93=LINE('',#5393,#535);
#94=LINE('',#5395,#536);
#95=LINE('',#5397,#537);
#96=LINE('',#5401,#538);
#97=LINE('',#5405,#539);
#98=LINE('',#5409,#540);
#99=LINE('',#5413,#541);
#100=LINE('',#5415,#542);
#101=LINE('',#5417,#543);
#102=LINE('',#5421,#544);
#103=LINE('',#5425,#545);
#104=LINE('',#5427,#546);
#105=LINE('',#5429,#547);
#106=LINE('',#5434,#548);
#107=LINE('',#5435,#549);
#108=LINE('',#5439,#550);
#109=LINE('',#5442,#551);
#110=LINE('',#5444,#552);
#111=LINE('',#5446,#553);
#112=LINE('',#5448,#554);
#113=LINE('',#5451,#555);
#114=LINE('',#5453,#556);
#115=LINE('',#5455,#557);
#116=LINE('',#5457,#558);
#117=LINE('',#5460,#559);
#118=LINE('',#5462,#560);
#119=LINE('',#5464,#561);
#120=LINE('',#5466,#562);
#121=LINE('',#5469,#563);
#122=LINE('',#5471,#564);
#123=LINE('',#5473,#565);
#124=LINE('',#5475,#566);
#125=LINE('',#5478,#567);
#126=LINE('',#5480,#568);
#127=LINE('',#5482,#569);
#128=LINE('',#5484,#570);
#129=LINE('',#5487,#571);
#130=LINE('',#5489,#572);
#131=LINE('',#5491,#573);
#132=LINE('',#5493,#574);
#133=LINE('',#5496,#575);
#134=LINE('',#5498,#576);
#135=LINE('',#5500,#577);
#136=LINE('',#5502,#578);
#137=LINE('',#5505,#579);
#138=LINE('',#5507,#580);
#139=LINE('',#5509,#581);
#140=LINE('',#5511,#582);
#141=LINE('',#5514,#583);
#142=LINE('',#5516,#584);
#143=LINE('',#5518,#585);
#144=LINE('',#5520,#586);
#145=LINE('',#5523,#587);
#146=LINE('',#5525,#588);
#147=LINE('',#5527,#589);
#148=LINE('',#5529,#590);
#149=LINE('',#5532,#591);
#150=LINE('',#5534,#592);
#151=LINE('',#5536,#593);
#152=LINE('',#5538,#594);
#153=LINE('',#5541,#595);
#154=LINE('',#5543,#596);
#155=LINE('',#5545,#597);
#156=LINE('',#5547,#598);
#157=LINE('',#5550,#599);
#158=LINE('',#5552,#600);
#159=LINE('',#5554,#601);
#160=LINE('',#5556,#602);
#161=LINE('',#5559,#603);
#162=LINE('',#5561,#604);
#163=LINE('',#5563,#605);
#164=LINE('',#5565,#606);
#165=LINE('',#5568,#607);
#166=LINE('',#5570,#608);
#167=LINE('',#5574,#609);
#168=LINE('',#5576,#610);
#169=LINE('',#5580,#611);
#170=LINE('',#5583,#612);
#171=LINE('',#5585,#613);
#172=LINE('',#5587,#614);
#173=LINE('',#5589,#615);
#174=LINE('',#5592,#616);
#175=LINE('',#5594,#617);
#176=LINE('',#5596,#618);
#177=LINE('',#5598,#619);
#178=LINE('',#5603,#620);
#179=LINE('',#5605,#621);
#180=LINE('',#5609,#622);
#181=LINE('',#5611,#623);
#182=LINE('',#5613,#624);
#183=LINE('',#5616,#625);
#184=LINE('',#5617,#626);
#185=LINE('',#5619,#627);
#186=LINE('',#5621,#628);
#187=LINE('',#5622,#629);
#188=LINE('',#5624,#630);
#189=LINE('',#5626,#631);
#190=LINE('',#5627,#632);
#191=LINE('',#5629,#633);
#192=LINE('',#5631,#634);
#193=LINE('',#5632,#635);
#194=LINE('',#5634,#636);
#195=LINE('',#5636,#637);
#196=LINE('',#5637,#638);
#197=LINE('',#5639,#639);
#198=LINE('',#5641,#640);
#199=LINE('',#5642,#641);
#200=LINE('',#5644,#642);
#201=LINE('',#5646,#643);
#202=LINE('',#5648,#644);
#203=LINE('',#5650,#645);
#204=LINE('',#5652,#646);
#205=LINE('',#5655,#647);
#206=LINE('',#5656,#648);
#207=LINE('',#5658,#649);
#208=LINE('',#5660,#650);
#209=LINE('',#5661,#651);
#210=LINE('',#5663,#652);
#211=LINE('',#5665,#653);
#212=LINE('',#5666,#654);
#213=LINE('',#5668,#655);
#214=LINE('',#5670,#656);
#215=LINE('',#5671,#657);
#216=LINE('',#5673,#658);
#217=LINE('',#5675,#659);
#218=LINE('',#5676,#660);
#219=LINE('',#5678,#661);
#220=LINE('',#5680,#662);
#221=LINE('',#5681,#663);
#222=LINE('',#5683,#664);
#223=LINE('',#5685,#665);
#224=LINE('',#5686,#666);
#225=LINE('',#5688,#667);
#226=LINE('',#5690,#668);
#227=LINE('',#5691,#669);
#228=LINE('',#5693,#670);
#229=LINE('',#5695,#671);
#230=LINE('',#5696,#672);
#231=LINE('',#5698,#673);
#232=LINE('',#5701,#674);
#233=LINE('',#5703,#675);
#234=LINE('',#5705,#676);
#235=LINE('',#5706,#677);
#236=LINE('',#5708,#678);
#237=LINE('',#5710,#679);
#238=LINE('',#5711,#680);
#239=LINE('',#5713,#681);
#240=LINE('',#5715,#682);
#241=LINE('',#5716,#683);
#242=LINE('',#5718,#684);
#243=LINE('',#5720,#685);
#244=LINE('',#5721,#686);
#245=LINE('',#5723,#687);
#246=LINE('',#5725,#688);
#247=LINE('',#5727,#689);
#248=LINE('',#5729,#690);
#249=LINE('',#5731,#691);
#250=LINE('',#5733,#692);
#251=LINE('',#5735,#693);
#252=LINE('',#5736,#694);
#253=LINE('',#5745,#695);
#254=LINE('',#5749,#696);
#255=LINE('',#5753,#697);
#256=LINE('',#5757,#698);
#257=LINE('',#5761,#699);
#258=LINE('',#5765,#700);
#259=LINE('',#5769,#701);
#260=LINE('',#5773,#702);
#261=LINE('',#5777,#703);
#262=LINE('',#5781,#704);
#263=LINE('',#5785,#705);
#264=LINE('',#5789,#706);
#265=LINE('',#5793,#707);
#266=LINE('',#5797,#708);
#267=LINE('',#5801,#709);
#268=LINE('',#5805,#710);
#269=LINE('',#5809,#711);
#270=LINE('',#5813,#712);
#271=LINE('',#5814,#713);
#272=LINE('',#5819,#714);
#273=LINE('',#5821,#715);
#274=LINE('',#5823,#716);
#275=LINE('',#5827,#717);
#276=LINE('',#5831,#718);
#277=LINE('',#5835,#719);
#278=LINE('',#5839,#720);
#279=LINE('',#5843,#721);
#280=LINE('',#5845,#722);
#281=LINE('',#5847,#723);
#282=LINE('',#5849,#724);
#283=LINE('',#5851,#725);
#284=LINE('',#5853,#726);
#285=LINE('',#5855,#727);
#286=LINE('',#5857,#728);
#287=LINE('',#5859,#729);
#288=LINE('',#5862,#730);
#289=LINE('',#5864,#731);
#290=LINE('',#5866,#732);
#291=LINE('',#5868,#733);
#292=LINE('',#5870,#734);
#293=LINE('',#5871,#735);
#294=LINE('',#5873,#736);
#295=LINE('',#5874,#737);
#296=LINE('',#5876,#738);
#297=LINE('',#5878,#739);
#298=LINE('',#5881,#740);
#299=LINE('',#5882,#741);
#300=LINE('',#5888,#742);
#301=LINE('',#5892,#743);
#302=LINE('',#5895,#744);
#303=LINE('',#5896,#745);
#304=LINE('',#5898,#746);
#305=LINE('',#5900,#747);
#306=LINE('',#5901,#748);
#307=LINE('',#5903,#749);
#308=LINE('',#5905,#750);
#309=LINE('',#5906,#751);
#310=LINE('',#5908,#752);
#311=LINE('',#5909,#753);
#312=LINE('',#5911,#754);
#313=LINE('',#5913,#755);
#314=LINE('',#5914,#756);
#315=LINE('',#5916,#757);
#316=LINE('',#5918,#758);
#317=LINE('',#5919,#759);
#318=LINE('',#5921,#760);
#319=LINE('',#5923,#761);
#320=LINE('',#5924,#762);
#321=LINE('',#5926,#763);
#322=LINE('',#5930,#764);
#323=LINE('',#5932,#765);
#324=LINE('',#5934,#766);
#325=LINE('',#5936,#767);
#326=LINE('',#5938,#768);
#327=LINE('',#5940,#769);
#328=LINE('',#5942,#770);
#329=LINE('',#5943,#771);
#330=LINE('',#5945,#772);
#331=LINE('',#5947,#773);
#332=LINE('',#5949,#774);
#333=LINE('',#5951,#775);
#334=LINE('',#5953,#776);
#335=LINE('',#5956,#777);
#336=LINE('',#5957,#778);
#337=LINE('',#5959,#779);
#338=LINE('',#5961,#780);
#339=LINE('',#5963,#781);
#340=LINE('',#5966,#782);
#341=LINE('',#5968,#783);
#342=LINE('',#5970,#784);
#343=LINE('',#5972,#785);
#344=LINE('',#5974,#786);
#345=LINE('',#5975,#787);
#346=LINE('',#5977,#788);
#347=LINE('',#5979,#789);
#348=LINE('',#5980,#790);
#349=LINE('',#5982,#791);
#350=LINE('',#5984,#792);
#351=LINE('',#5985,#793);
#352=LINE('',#5987,#794);
#353=LINE('',#5989,#795);
#354=LINE('',#5990,#796);
#355=LINE('',#5992,#797);
#356=LINE('',#5994,#798);
#357=LINE('',#5995,#799);
#358=LINE('',#5997,#800);
#359=LINE('',#5999,#801);
#360=LINE('',#6001,#802);
#361=LINE('',#6002,#803);
#362=LINE('',#6004,#804);
#363=LINE('',#6006,#805);
#364=LINE('',#6007,#806);
#365=LINE('',#6009,#807);
#366=LINE('',#6011,#808);
#367=LINE('',#6012,#809);
#368=LINE('',#6014,#810);
#369=LINE('',#6016,#811);
#370=LINE('',#6017,#812);
#371=LINE('',#6019,#813);
#372=LINE('',#6021,#814);
#373=LINE('',#6022,#815);
#374=LINE('',#6024,#816);
#375=LINE('',#6026,#817);
#376=LINE('',#6027,#818);
#377=LINE('',#6029,#819);
#378=LINE('',#6031,#820);
#379=LINE('',#6032,#821);
#380=LINE('',#6034,#822);
#381=LINE('',#6036,#823);
#382=LINE('',#6037,#824);
#383=LINE('',#6039,#825);
#384=LINE('',#6041,#826);
#385=LINE('',#6043,#827);
#386=LINE('',#6045,#828);
#387=LINE('',#6047,#829);
#388=LINE('',#6049,#830);
#389=LINE('',#6051,#831);
#390=LINE('',#6053,#832);
#391=LINE('',#6054,#833);
#392=LINE('',#6058,#834);
#393=LINE('',#6065,#835);
#394=LINE('',#6069,#836);
#395=LINE('',#6073,#837);
#396=LINE('',#6077,#838);
#397=LINE('',#6081,#839);
#398=LINE('',#6085,#840);
#399=LINE('',#6089,#841);
#400=LINE('',#6093,#842);
#401=LINE('',#6097,#843);
#402=LINE('',#6101,#844);
#403=LINE('',#6105,#845);
#404=LINE('',#6109,#846);
#405=LINE('',#6113,#847);
#406=LINE('',#6117,#848);
#407=LINE('',#6121,#849);
#408=LINE('',#6125,#850);
#409=LINE('',#6129,#851);
#410=LINE('',#6133,#852);
#411=LINE('',#6155,#853);
#412=LINE('',#6157,#854);
#413=LINE('',#6159,#855);
#414=LINE('',#6163,#856);
#415=LINE('',#6165,#857);
#416=LINE('',#6167,#858);
#417=LINE('',#6171,#859);
#418=LINE('',#6173,#860);
#419=LINE('',#6175,#861);
#420=LINE('',#6179,#862);
#421=LINE('',#6181,#863);
#422=LINE('',#6183,#864);
#423=LINE('',#6187,#865);
#424=LINE('',#6189,#866);
#425=LINE('',#6191,#867);
#426=LINE('',#6212,#868);
#427=LINE('',#6213,#869);
#428=LINE('',#6215,#870);
#429=LINE('',#6217,#871);
#430=LINE('',#6220,#872);
#431=LINE('',#6221,#873);
#432=LINE('',#6223,#874);
#433=LINE('',#6225,#875);
#434=LINE('',#6228,#876);
#435=LINE('',#6229,#877);
#436=LINE('',#6231,#878);
#437=LINE('',#6233,#879);
#438=LINE('',#6236,#880);
#439=LINE('',#6237,#881);
#440=LINE('',#6239,#882);
#441=LINE('',#6241,#883);
#442=LINE('',#6244,#884);
#443=LINE('',#6245,#885);
#444=LINE('',#6247,#886);
#445=LINE('',#6249,#887);
#446=LINE('',#6252,#888);
#447=LINE('',#6253,#889);
#448=LINE('',#6255,#890);
#449=LINE('',#6257,#891);
#450=LINE('',#6260,#892);
#451=LINE('',#6261,#893);
#452=LINE('',#6263,#894);
#453=LINE('',#6265,#895);
#454=LINE('',#6268,#896);
#455=LINE('',#6269,#897);
#456=LINE('',#6271,#898);
#457=LINE('',#6273,#899);
#458=LINE('',#6276,#900);
#459=LINE('',#6277,#901);
#460=LINE('',#6279,#902);
#461=LINE('',#6281,#903);
#462=LINE('',#6284,#904);
#463=LINE('',#6286,#905);
#464=LINE('',#6288,#906);
#465=LINE('',#6292,#907);
#466=LINE('',#6294,#908);
#467=LINE('',#6297,#909);
#468=LINE('',#6299,#910);
#469=LINE('',#6302,#911);
#470=LINE('',#6304,#912);
#471=LINE('',#6307,#913);
#472=LINE('',#6309,#914);
#473=LINE('',#6312,#915);
#474=LINE('',#6314,#916);
#475=LINE('',#6317,#917);
#476=LINE('',#6319,#918);
#477=LINE('',#6322,#919);
#478=LINE('',#6324,#920);
#479=LINE('',#6327,#921);
#480=LINE('',#6329,#922);
#481=LINE('',#6332,#923);
#482=LINE('',#6334,#924);
#483=LINE('',#6337,#925);
#484=LINE('',#6339,#926);
#485=LINE('',#6342,#927);
#486=LINE('',#6344,#928);
#487=LINE('',#6347,#929);
#488=LINE('',#6349,#930);
#489=LINE('',#6352,#931);
#490=LINE('',#6354,#932);
#491=LINE('',#6357,#933);
#492=LINE('',#6359,#934);
#493=LINE('',#6362,#935);
#494=LINE('',#6364,#936);
#495=LINE('',#6367,#937);
#496=LINE('',#6369,#938);
#497=LINE('',#6371,#939);
#498=LINE('',#6375,#940);
#499=LINE('',#6377,#941);
#500=LINE('',#6380,#942);
#501=LINE('',#6382,#943);
#502=LINE('',#6386,#944);
#503=LINE('',#6388,#945);
#504=LINE('',#6404,#946);
#505=LINE('',#6413,#947);
#506=LINE('',#6415,#948);
#507=LINE('',#6426,#949);
#508=LINE('',#6431,#950);
#509=LINE('',#6435,#951);
#510=LINE('',#6436,#952);
#511=LINE('',#6438,#953);
#512=LINE('',#6440,#954);
#513=LINE('',#6443,#955);
#514=LINE('',#6445,#956);
#515=LINE('',#6447,#957);
#516=LINE('',#6451,#958);
#517=LINE('',#6453,#959);
#518=LINE('',#6455,#960);
#519=LINE('',#6460,#961);
#520=LINE('',#6462,#962);
#521=LINE('',#6464,#963);
#522=LINE('',#6466,#964);
#523=LINE('',#6468,#965);
#524=LINE('',#6470,#966);
#525=VECTOR('',#4270,1.);
#526=VECTOR('',#4273,1.);
#527=VECTOR('',#4276,1.);
#528=VECTOR('',#4279,1.);
#529=VECTOR('',#4284,1.);
#530=VECTOR('',#4289,1.);
#531=VECTOR('',#4294,1.);
#532=VECTOR('',#4295,1.);
#533=VECTOR('',#4296,1.);
#534=VECTOR('',#4299,1.);
#535=VECTOR('',#4302,1.);
#536=VECTOR('',#4303,1.);
#537=VECTOR('',#4304,1.);
#538=VECTOR('',#4307,1.);
#539=VECTOR('',#4310,1.);
#540=VECTOR('',#4313,1.);
#541=VECTOR('',#4316,1.);
#542=VECTOR('',#4317,1.);
#543=VECTOR('',#4318,1.);
#544=VECTOR('',#4321,1.);
#545=VECTOR('',#4324,1.);
#546=VECTOR('',#4325,1.);
#547=VECTOR('',#4328,1.);
#548=VECTOR('',#4331,1.);
#549=VECTOR('',#4332,1.);
#550=VECTOR('',#4337,1.);
#551=VECTOR('',#4338,1.);
#552=VECTOR('',#4339,1.);
#553=VECTOR('',#4340,1.);
#554=VECTOR('',#4343,1.);
#555=VECTOR('',#4344,1.);
#556=VECTOR('',#4345,1.);
#557=VECTOR('',#4346,1.);
#558=VECTOR('',#4349,1.);
#559=VECTOR('',#4350,1.);
#560=VECTOR('',#4351,1.);
#561=VECTOR('',#4352,1.);
#562=VECTOR('',#4355,1.);
#563=VECTOR('',#4356,1.);
#564=VECTOR('',#4357,1.);
#565=VECTOR('',#4358,1.);
#566=VECTOR('',#4361,1.);
#567=VECTOR('',#4362,1.);
#568=VECTOR('',#4363,1.);
#569=VECTOR('',#4364,1.);
#570=VECTOR('',#4367,1.);
#571=VECTOR('',#4368,1.);
#572=VECTOR('',#4369,1.);
#573=VECTOR('',#4370,1.);
#574=VECTOR('',#4373,1.);
#575=VECTOR('',#4374,1.);
#576=VECTOR('',#4375,1.);
#577=VECTOR('',#4376,1.);
#578=VECTOR('',#4379,1.);
#579=VECTOR('',#4380,1.);
#580=VECTOR('',#4381,1.);
#581=VECTOR('',#4382,1.);
#582=VECTOR('',#4385,1.);
#583=VECTOR('',#4386,1.);
#584=VECTOR('',#4387,1.);
#585=VECTOR('',#4388,1.);
#586=VECTOR('',#4391,1.);
#587=VECTOR('',#4392,1.);
#588=VECTOR('',#4393,1.);
#589=VECTOR('',#4394,1.);
#590=VECTOR('',#4397,1.);
#591=VECTOR('',#4398,1.);
#592=VECTOR('',#4399,1.);
#593=VECTOR('',#4400,1.);
#594=VECTOR('',#4403,1.);
#595=VECTOR('',#4404,1.);
#596=VECTOR('',#4405,1.);
#597=VECTOR('',#4406,1.);
#598=VECTOR('',#4409,1.);
#599=VECTOR('',#4410,1.);
#600=VECTOR('',#4411,1.);
#601=VECTOR('',#4412,1.);
#602=VECTOR('',#4415,1.);
#603=VECTOR('',#4416,1.);
#604=VECTOR('',#4417,1.);
#605=VECTOR('',#4418,1.);
#606=VECTOR('',#4421,1.);
#607=VECTOR('',#4422,1.);
#608=VECTOR('',#4423,1.);
#609=VECTOR('',#4426,1.);
#610=VECTOR('',#4427,1.);
#611=VECTOR('',#4432,1.);
#612=VECTOR('',#4433,1.);
#613=VECTOR('',#4434,1.);
#614=VECTOR('',#4435,1.);
#615=VECTOR('',#4438,1.);
#616=VECTOR('',#4439,1.);
#617=VECTOR('',#4440,1.);
#618=VECTOR('',#4441,1.);
#619=VECTOR('',#4444,1.);
#620=VECTOR('',#4447,1.);
#621=VECTOR('',#4448,1.);
#622=VECTOR('',#4451,1.);
#623=VECTOR('',#4452,1.);
#624=VECTOR('',#4455,1.);
#625=VECTOR('',#4456,1.);
#626=VECTOR('',#4457,1.);
#627=VECTOR('',#4458,1.);
#628=VECTOR('',#4459,1.);
#629=VECTOR('',#4460,1.);
#630=VECTOR('',#4461,1.);
#631=VECTOR('',#4462,1.);
#632=VECTOR('',#4463,1.);
#633=VECTOR('',#4464,1.);
#634=VECTOR('',#4465,1.);
#635=VECTOR('',#4466,1.);
#636=VECTOR('',#4467,1.);
#637=VECTOR('',#4468,1.);
#638=VECTOR('',#4469,1.);
#639=VECTOR('',#4470,1.);
#640=VECTOR('',#4471,1.);
#641=VECTOR('',#4472,1.);
#642=VECTOR('',#4473,1.);
#643=VECTOR('',#4474,1.);
#644=VECTOR('',#4475,1.);
#645=VECTOR('',#4476,1.);
#646=VECTOR('',#4479,1.);
#647=VECTOR('',#4480,1.);
#648=VECTOR('',#4481,1.);
#649=VECTOR('',#4482,1.);
#650=VECTOR('',#4483,1.);
#651=VECTOR('',#4484,1.);
#652=VECTOR('',#4485,1.);
#653=VECTOR('',#4486,1.);
#654=VECTOR('',#4487,1.);
#655=VECTOR('',#4488,1.);
#656=VECTOR('',#4489,1.);
#657=VECTOR('',#4490,1.);
#658=VECTOR('',#4491,1.);
#659=VECTOR('',#4492,1.);
#660=VECTOR('',#4493,1.);
#661=VECTOR('',#4494,1.);
#662=VECTOR('',#4495,1.);
#663=VECTOR('',#4496,1.);
#664=VECTOR('',#4497,1.);
#665=VECTOR('',#4498,1.);
#666=VECTOR('',#4499,1.);
#667=VECTOR('',#4500,1.);
#668=VECTOR('',#4501,1.);
#669=VECTOR('',#4502,1.);
#670=VECTOR('',#4503,1.);
#671=VECTOR('',#4504,1.);
#672=VECTOR('',#4505,1.);
#673=VECTOR('',#4508,1.);
#674=VECTOR('',#4509,1.);
#675=VECTOR('',#4510,1.);
#676=VECTOR('',#4511,1.);
#677=VECTOR('',#4512,1.);
#678=VECTOR('',#4513,1.);
#679=VECTOR('',#4514,1.);
#680=VECTOR('',#4515,1.);
#681=VECTOR('',#4516,1.);
#682=VECTOR('',#4517,1.);
#683=VECTOR('',#4518,1.);
#684=VECTOR('',#4519,1.);
#685=VECTOR('',#4520,1.);
#686=VECTOR('',#4521,1.);
#687=VECTOR('',#4522,1.);
#688=VECTOR('',#4523,1.);
#689=VECTOR('',#4524,1.);
#690=VECTOR('',#4525,1.);
#691=VECTOR('',#4526,1.);
#692=VECTOR('',#4527,1.);
#693=VECTOR('',#4530,1.);
#694=VECTOR('',#4531,1.);
#695=VECTOR('',#4540,1.);
#696=VECTOR('',#4543,1.);
#697=VECTOR('',#4546,1.);
#698=VECTOR('',#4549,1.);
#699=VECTOR('',#4552,1.);
#700=VECTOR('',#4555,1.);
#701=VECTOR('',#4558,1.);
#702=VECTOR('',#4561,1.);
#703=VECTOR('',#4564,1.);
#704=VECTOR('',#4567,1.);
#705=VECTOR('',#4570,1.);
#706=VECTOR('',#4573,1.);
#707=VECTOR('',#4576,1.);
#708=VECTOR('',#4579,1.);
#709=VECTOR('',#4582,1.);
#710=VECTOR('',#4585,1.);
#711=VECTOR('',#4588,1.);
#712=VECTOR('',#4591,1.);
#713=VECTOR('',#4592,1.);
#714=VECTOR('',#4595,1.);
#715=VECTOR('',#4596,1.);
#716=VECTOR('',#4597,1.);
#717=VECTOR('',#4600,1.);
#718=VECTOR('',#4603,1.);
#719=VECTOR('',#4606,1.);
#720=VECTOR('',#4609,1.);
#721=VECTOR('',#4614,1.);
#722=VECTOR('',#4615,1.);
#723=VECTOR('',#4618,1.);
#724=VECTOR('',#4619,1.);
#725=VECTOR('',#4620,1.);
#726=VECTOR('',#4623,1.);
#727=VECTOR('',#4624,1.);
#728=VECTOR('',#4625,1.);
#729=VECTOR('',#4628,1.);
#730=VECTOR('',#4629,1.);
#731=VECTOR('',#4630,1.);
#732=VECTOR('',#4631,1.);
#733=VECTOR('',#4634,1.);
#734=VECTOR('',#4635,1.);
#735=VECTOR('',#4636,1.);
#736=VECTOR('',#4637,1.);
#737=VECTOR('',#4638,1.);
#738=VECTOR('',#4639,1.);
#739=VECTOR('',#4642,1.);
#740=VECTOR('',#4643,1.);
#741=VECTOR('',#4644,1.);
#742=VECTOR('',#4655,1.);
#743=VECTOR('',#4660,1.);
#744=VECTOR('',#4661,1.);
#745=VECTOR('',#4662,1.);
#746=VECTOR('',#4663,1.);
#747=VECTOR('',#4664,1.);
#748=VECTOR('',#4665,1.);
#749=VECTOR('',#4666,1.);
#750=VECTOR('',#4667,1.);
#751=VECTOR('',#4668,1.);
#752=VECTOR('',#4669,1.);
#753=VECTOR('',#4670,1.);
#754=VECTOR('',#4671,1.);
#755=VECTOR('',#4672,1.);
#756=VECTOR('',#4673,1.);
#757=VECTOR('',#4674,1.);
#758=VECTOR('',#4675,1.);
#759=VECTOR('',#4676,1.);
#760=VECTOR('',#4677,1.);
#761=VECTOR('',#4678,1.);
#762=VECTOR('',#4679,1.);
#763=VECTOR('',#4682,1.);
#764=VECTOR('',#4687,1.);
#765=VECTOR('',#4688,1.);
#766=VECTOR('',#4691,1.);
#767=VECTOR('',#4692,1.);
#768=VECTOR('',#4693,1.);
#769=VECTOR('',#4694,1.);
#770=VECTOR('',#4695,1.);
#771=VECTOR('',#4696,1.);
#772=VECTOR('',#4697,1.);
#773=VECTOR('',#4700,1.);
#774=VECTOR('',#4701,1.);
#775=VECTOR('',#4702,1.);
#776=VECTOR('',#4705,1.);
#777=VECTOR('',#4706,1.);
#778=VECTOR('',#4707,1.);
#779=VECTOR('',#4708,1.);
#780=VECTOR('',#4709,1.);
#781=VECTOR('',#4712,1.);
#782=VECTOR('',#4713,1.);
#783=VECTOR('',#4714,1.);
#784=VECTOR('',#4715,1.);
#785=VECTOR('',#4716,1.);
#786=VECTOR('',#4717,1.);
#787=VECTOR('',#4718,1.);
#788=VECTOR('',#4719,1.);
#789=VECTOR('',#4720,1.);
#790=VECTOR('',#4721,1.);
#791=VECTOR('',#4722,1.);
#792=VECTOR('',#4723,1.);
#793=VECTOR('',#4724,1.);
#794=VECTOR('',#4725,1.);
#795=VECTOR('',#4726,1.);
#796=VECTOR('',#4727,1.);
#797=VECTOR('',#4728,1.);
#798=VECTOR('',#4729,1.);
#799=VECTOR('',#4730,1.);
#800=VECTOR('',#4733,1.);
#801=VECTOR('',#4734,1.);
#802=VECTOR('',#4735,1.);
#803=VECTOR('',#4736,1.);
#804=VECTOR('',#4737,1.);
#805=VECTOR('',#4738,1.);
#806=VECTOR('',#4739,1.);
#807=VECTOR('',#4740,1.);
#808=VECTOR('',#4741,1.);
#809=VECTOR('',#4742,1.);
#810=VECTOR('',#4743,1.);
#811=VECTOR('',#4744,1.);
#812=VECTOR('',#4745,1.);
#813=VECTOR('',#4746,1.);
#814=VECTOR('',#4747,1.);
#815=VECTOR('',#4748,1.);
#816=VECTOR('',#4749,1.);
#817=VECTOR('',#4750,1.);
#818=VECTOR('',#4751,1.);
#819=VECTOR('',#4752,1.);
#820=VECTOR('',#4753,1.);
#821=VECTOR('',#4754,1.);
#822=VECTOR('',#4755,1.);
#823=VECTOR('',#4756,1.);
#824=VECTOR('',#4757,1.);
#825=VECTOR('',#4758,1.);
#826=VECTOR('',#4759,1.);
#827=VECTOR('',#4762,1.);
#828=VECTOR('',#4763,1.);
#829=VECTOR('',#4764,1.);
#830=VECTOR('',#4765,1.);
#831=VECTOR('',#4766,1.);
#832=VECTOR('',#4769,1.);
#833=VECTOR('',#4770,1.);
#834=VECTOR('',#4777,1.);
#835=VECTOR('',#4786,1.);
#836=VECTOR('',#4789,1.);
#837=VECTOR('',#4792,1.);
#838=VECTOR('',#4795,1.);
#839=VECTOR('',#4798,1.);
#840=VECTOR('',#4801,1.);
#841=VECTOR('',#4804,1.);
#842=VECTOR('',#4807,1.);
#843=VECTOR('',#4810,1.);
#844=VECTOR('',#4813,1.);
#845=VECTOR('',#4816,1.);
#846=VECTOR('',#4819,1.);
#847=VECTOR('',#4822,1.);
#848=VECTOR('',#4825,1.);
#849=VECTOR('',#4828,1.);
#850=VECTOR('',#4831,1.);
#851=VECTOR('',#4834,1.);
#852=VECTOR('',#4837,1.);
#853=VECTOR('',#4868,1.);
#854=VECTOR('',#4869,1.);
#855=VECTOR('',#4870,1.);
#856=VECTOR('',#4875,1.);
#857=VECTOR('',#4878,1.);
#858=VECTOR('',#4879,1.);
#859=VECTOR('',#4884,1.);
#860=VECTOR('',#4887,1.);
#861=VECTOR('',#4888,1.);
#862=VECTOR('',#4893,1.);
#863=VECTOR('',#4896,1.);
#864=VECTOR('',#4897,1.);
#865=VECTOR('',#4902,1.);
#866=VECTOR('',#4905,1.);
#867=VECTOR('',#4906,1.);
#868=VECTOR('',#4947,1.);
#869=VECTOR('',#4948,1.);
#870=VECTOR('',#4951,1.);
#871=VECTOR('',#4954,1.);
#872=VECTOR('',#4959,1.);
#873=VECTOR('',#4960,1.);
#874=VECTOR('',#4963,1.);
#875=VECTOR('',#4966,1.);
#876=VECTOR('',#4971,1.);
#877=VECTOR('',#4972,1.);
#878=VECTOR('',#4975,1.);
#879=VECTOR('',#4978,1.);
#880=VECTOR('',#4983,1.);
#881=VECTOR('',#4984,1.);
#882=VECTOR('',#4987,1.);
#883=VECTOR('',#4990,1.);
#884=VECTOR('',#4995,1.);
#885=VECTOR('',#4996,1.);
#886=VECTOR('',#4999,1.);
#887=VECTOR('',#5002,1.);
#888=VECTOR('',#5007,1.);
#889=VECTOR('',#5008,1.);
#890=VECTOR('',#5011,1.);
#891=VECTOR('',#5014,1.);
#892=VECTOR('',#5019,1.);
#893=VECTOR('',#5020,1.);
#894=VECTOR('',#5023,1.);
#895=VECTOR('',#5026,1.);
#896=VECTOR('',#5031,1.);
#897=VECTOR('',#5032,1.);
#898=VECTOR('',#5035,1.);
#899=VECTOR('',#5038,1.);
#900=VECTOR('',#5043,1.);
#901=VECTOR('',#5044,1.);
#902=VECTOR('',#5047,1.);
#903=VECTOR('',#5050,1.);
#904=VECTOR('',#5055,1.);
#905=VECTOR('',#5056,1.);
#906=VECTOR('',#5059,1.);
#907=VECTOR('',#5066,1.);
#908=VECTOR('',#5069,1.);
#909=VECTOR('',#5074,1.);
#910=VECTOR('',#5077,1.);
#911=VECTOR('',#5082,1.);
#912=VECTOR('',#5085,1.);
#913=VECTOR('',#5090,1.);
#914=VECTOR('',#5093,1.);
#915=VECTOR('',#5098,1.);
#916=VECTOR('',#5101,1.);
#917=VECTOR('',#5106,1.);
#918=VECTOR('',#5109,1.);
#919=VECTOR('',#5114,1.);
#920=VECTOR('',#5117,1.);
#921=VECTOR('',#5122,1.);
#922=VECTOR('',#5125,1.);
#923=VECTOR('',#5130,1.);
#924=VECTOR('',#5133,1.);
#925=VECTOR('',#5138,1.);
#926=VECTOR('',#5141,1.);
#927=VECTOR('',#5146,1.);
#928=VECTOR('',#5149,1.);
#929=VECTOR('',#5154,1.);
#930=VECTOR('',#5157,1.);
#931=VECTOR('',#5162,1.);
#932=VECTOR('',#5165,1.);
#933=VECTOR('',#5170,1.);
#934=VECTOR('',#5173,1.);
#935=VECTOR('',#5178,1.);
#936=VECTOR('',#5181,1.);
#937=VECTOR('',#5186,1.);
#938=VECTOR('',#5189,1.);
#939=VECTOR('',#5190,1.);
#940=VECTOR('',#5197,1.);
#941=VECTOR('',#5200,1.);
#942=VECTOR('',#5205,1.);
#943=VECTOR('',#5208,1.);
#944=VECTOR('',#5215,1.);
#945=VECTOR('',#5218,1.);
#946=VECTOR('',#5249,1.);
#947=VECTOR('',#5264,1.);
#948=VECTOR('',#5267,1.);
#949=VECTOR('',#5284,1.);
#950=VECTOR('',#5287,1.);
#951=VECTOR('',#5292,1.);
#952=VECTOR('',#5293,1.);
#953=VECTOR('',#5296,1.);
#954=VECTOR('',#5299,1.);
#955=VECTOR('',#5304,1.);
#956=VECTOR('',#5305,1.);
#957=VECTOR('',#5306,1.);
#958=VECTOR('',#5311,1.);
#959=VECTOR('',#5314,1.);
#960=VECTOR('',#5315,1.);
#961=VECTOR('',#5324,1.);
#962=VECTOR('',#5325,1.);
#963=VECTOR('',#5328,1.);
#964=VECTOR('',#5331,1.);
#965=VECTOR('',#5332,1.);
#966=VECTOR('',#5335,1.);
#967=ORIENTED_EDGE('',*,*,#2083,.F.);
#968=ORIENTED_EDGE('',*,*,#2084,.F.);
#969=ORIENTED_EDGE('',*,*,#2085,.F.);
#970=ORIENTED_EDGE('',*,*,#2086,.T.);
#971=ORIENTED_EDGE('',*,*,#2087,.F.);
#972=ORIENTED_EDGE('',*,*,#2088,.F.);
#973=ORIENTED_EDGE('',*,*,#2089,.F.);
#974=ORIENTED_EDGE('',*,*,#2090,.T.);
#975=ORIENTED_EDGE('',*,*,#2091,.T.);
#976=ORIENTED_EDGE('',*,*,#2092,.F.);
#977=ORIENTED_EDGE('',*,*,#2093,.F.);
#978=ORIENTED_EDGE('',*,*,#2094,.T.);
#979=ORIENTED_EDGE('',*,*,#2095,.T.);
#980=ORIENTED_EDGE('',*,*,#2096,.T.);
#981=ORIENTED_EDGE('',*,*,#2097,.T.);
#982=ORIENTED_EDGE('',*,*,#2098,.T.);
#983=ORIENTED_EDGE('',*,*,#2099,.T.);
#984=ORIENTED_EDGE('',*,*,#2100,.T.);
#985=ORIENTED_EDGE('',*,*,#2101,.T.);
#986=ORIENTED_EDGE('',*,*,#2102,.F.);
#987=ORIENTED_EDGE('',*,*,#2103,.T.);
#988=ORIENTED_EDGE('',*,*,#2104,.T.);
#989=ORIENTED_EDGE('',*,*,#2105,.T.);
#990=ORIENTED_EDGE('',*,*,#2106,.T.);
#991=ORIENTED_EDGE('',*,*,#2107,.F.);
#992=ORIENTED_EDGE('',*,*,#2108,.T.);
#993=ORIENTED_EDGE('',*,*,#2109,.T.);
#994=ORIENTED_EDGE('',*,*,#2110,.T.);
#995=ORIENTED_EDGE('',*,*,#2111,.F.);
#996=ORIENTED_EDGE('',*,*,#2112,.T.);
#997=ORIENTED_EDGE('',*,*,#2113,.F.);
#998=ORIENTED_EDGE('',*,*,#2114,.T.);
#999=ORIENTED_EDGE('',*,*,#2115,.T.);
#1000=ORIENTED_EDGE('',*,*,#2116,.F.);
#1001=ORIENTED_EDGE('',*,*,#2117,.F.);
#1002=ORIENTED_EDGE('',*,*,#2118,.T.);
#1003=ORIENTED_EDGE('',*,*,#2119,.F.);
#1004=ORIENTED_EDGE('',*,*,#2120,.F.);
#1005=ORIENTED_EDGE('',*,*,#2121,.F.);
#1006=ORIENTED_EDGE('',*,*,#2122,.F.);
#1007=ORIENTED_EDGE('',*,*,#2123,.F.);
#1008=ORIENTED_EDGE('',*,*,#2124,.T.);
#1009=ORIENTED_EDGE('',*,*,#2125,.T.);
#1010=ORIENTED_EDGE('',*,*,#2114,.F.);
#1011=ORIENTED_EDGE('',*,*,#2126,.F.);
#1012=ORIENTED_EDGE('',*,*,#2127,.F.);
#1013=ORIENTED_EDGE('',*,*,#2128,.F.);
#1014=ORIENTED_EDGE('',*,*,#2129,.F.);
#1015=ORIENTED_EDGE('',*,*,#2130,.T.);
#1016=ORIENTED_EDGE('',*,*,#2131,.T.);
#1017=ORIENTED_EDGE('',*,*,#2132,.F.);
#1018=ORIENTED_EDGE('',*,*,#2133,.F.);
#1019=ORIENTED_EDGE('',*,*,#2134,.T.);
#1020=ORIENTED_EDGE('',*,*,#2135,.F.);
#1021=ORIENTED_EDGE('',*,*,#2136,.F.);
#1022=ORIENTED_EDGE('',*,*,#2137,.F.);
#1023=ORIENTED_EDGE('',*,*,#2138,.T.);
#1024=ORIENTED_EDGE('',*,*,#2139,.F.);
#1025=ORIENTED_EDGE('',*,*,#2140,.F.);
#1026=ORIENTED_EDGE('',*,*,#2141,.F.);
#1027=ORIENTED_EDGE('',*,*,#2142,.T.);
#1028=ORIENTED_EDGE('',*,*,#2143,.F.);
#1029=ORIENTED_EDGE('',*,*,#2144,.F.);
#1030=ORIENTED_EDGE('',*,*,#2145,.F.);
#1031=ORIENTED_EDGE('',*,*,#2146,.T.);
#1032=ORIENTED_EDGE('',*,*,#2147,.T.);
#1033=ORIENTED_EDGE('',*,*,#2148,.F.);
#1034=ORIENTED_EDGE('',*,*,#2149,.F.);
#1035=ORIENTED_EDGE('',*,*,#2150,.T.);
#1036=ORIENTED_EDGE('',*,*,#2151,.T.);
#1037=ORIENTED_EDGE('',*,*,#2152,.F.);
#1038=ORIENTED_EDGE('',*,*,#2153,.F.);
#1039=ORIENTED_EDGE('',*,*,#2154,.T.);
#1040=ORIENTED_EDGE('',*,*,#2155,.T.);
#1041=ORIENTED_EDGE('',*,*,#2156,.F.);
#1042=ORIENTED_EDGE('',*,*,#2157,.F.);
#1043=ORIENTED_EDGE('',*,*,#2158,.T.);
#1044=ORIENTED_EDGE('',*,*,#2159,.T.);
#1045=ORIENTED_EDGE('',*,*,#2160,.F.);
#1046=ORIENTED_EDGE('',*,*,#2161,.T.);
#1047=ORIENTED_EDGE('',*,*,#2162,.T.);
#1048=ORIENTED_EDGE('',*,*,#2163,.T.);
#1049=ORIENTED_EDGE('',*,*,#2164,.F.);
#1050=ORIENTED_EDGE('',*,*,#2165,.T.);
#1051=ORIENTED_EDGE('',*,*,#2166,.T.);
#1052=ORIENTED_EDGE('',*,*,#2167,.T.);
#1053=ORIENTED_EDGE('',*,*,#2168,.F.);
#1054=ORIENTED_EDGE('',*,*,#2169,.T.);
#1055=ORIENTED_EDGE('',*,*,#2170,.T.);
#1056=ORIENTED_EDGE('',*,*,#2171,.T.);
#1057=ORIENTED_EDGE('',*,*,#2172,.F.);
#1058=ORIENTED_EDGE('',*,*,#2173,.T.);
#1059=ORIENTED_EDGE('',*,*,#2174,.T.);
#1060=ORIENTED_EDGE('',*,*,#2175,.T.);
#1061=ORIENTED_EDGE('',*,*,#2176,.F.);
#1062=ORIENTED_EDGE('',*,*,#2177,.F.);
#1063=ORIENTED_EDGE('',*,*,#2178,.T.);
#1064=ORIENTED_EDGE('',*,*,#2179,.F.);
#1065=ORIENTED_EDGE('',*,*,#2180,.F.);
#1066=ORIENTED_EDGE('',*,*,#2181,.T.);
#1067=ORIENTED_EDGE('',*,*,#2182,.F.);
#1068=ORIENTED_EDGE('',*,*,#2183,.F.);
#1069=ORIENTED_EDGE('',*,*,#2184,.F.);
#1070=ORIENTED_EDGE('',*,*,#2185,.T.);
#1071=ORIENTED_EDGE('',*,*,#2186,.T.);
#1072=ORIENTED_EDGE('',*,*,#2187,.F.);
#1073=ORIENTED_EDGE('',*,*,#2188,.T.);
#1074=ORIENTED_EDGE('',*,*,#2189,.F.);
#1075=ORIENTED_EDGE('',*,*,#2190,.T.);
#1076=ORIENTED_EDGE('',*,*,#2191,.F.);
#1077=ORIENTED_EDGE('',*,*,#2192,.F.);
#1078=ORIENTED_EDGE('',*,*,#2193,.T.);
#1079=ORIENTED_EDGE('',*,*,#2194,.T.);
#1080=ORIENTED_EDGE('',*,*,#2195,.F.);
#1081=ORIENTED_EDGE('',*,*,#2196,.F.);
#1082=ORIENTED_EDGE('',*,*,#2197,.T.);
#1083=ORIENTED_EDGE('',*,*,#2198,.T.);
#1084=ORIENTED_EDGE('',*,*,#2199,.F.);
#1085=ORIENTED_EDGE('',*,*,#2200,.T.);
#1086=ORIENTED_EDGE('',*,*,#2201,.T.);
#1087=ORIENTED_EDGE('',*,*,#2202,.F.);
#1088=ORIENTED_EDGE('',*,*,#2203,.F.);
#1089=ORIENTED_EDGE('',*,*,#2204,.T.);
#1090=ORIENTED_EDGE('',*,*,#2205,.F.);
#1091=ORIENTED_EDGE('',*,*,#2206,.T.);
#1092=ORIENTED_EDGE('',*,*,#2207,.T.);
#1093=ORIENTED_EDGE('',*,*,#2163,.F.);
#1094=ORIENTED_EDGE('',*,*,#2208,.F.);
#1095=ORIENTED_EDGE('',*,*,#2209,.T.);
#1096=ORIENTED_EDGE('',*,*,#2210,.T.);
#1097=ORIENTED_EDGE('',*,*,#2167,.F.);
#1098=ORIENTED_EDGE('',*,*,#2211,.F.);
#1099=ORIENTED_EDGE('',*,*,#2212,.T.);
#1100=ORIENTED_EDGE('',*,*,#2213,.T.);
#1101=ORIENTED_EDGE('',*,*,#2171,.F.);
#1102=ORIENTED_EDGE('',*,*,#2214,.F.);
#1103=ORIENTED_EDGE('',*,*,#2215,.T.);
#1104=ORIENTED_EDGE('',*,*,#2216,.T.);
#1105=ORIENTED_EDGE('',*,*,#2175,.F.);
#1106=ORIENTED_EDGE('',*,*,#2217,.F.);
#1107=ORIENTED_EDGE('',*,*,#2218,.T.);
#1108=ORIENTED_EDGE('',*,*,#2219,.T.);
#1109=ORIENTED_EDGE('',*,*,#2188,.F.);
#1110=ORIENTED_EDGE('',*,*,#2220,.F.);
#1111=ORIENTED_EDGE('',*,*,#2221,.T.);
#1112=ORIENTED_EDGE('',*,*,#2222,.T.);
#1113=ORIENTED_EDGE('',*,*,#2101,.F.);
#1114=ORIENTED_EDGE('',*,*,#2223,.F.);
#1115=ORIENTED_EDGE('',*,*,#2224,.T.);
#1116=ORIENTED_EDGE('',*,*,#2225,.T.);
#1117=ORIENTED_EDGE('',*,*,#2226,.F.);
#1118=ORIENTED_EDGE('',*,*,#2227,.F.);
#1119=ORIENTED_EDGE('',*,*,#2228,.T.);
#1120=ORIENTED_EDGE('',*,*,#2229,.T.);
#1121=ORIENTED_EDGE('',*,*,#2131,.F.);
#1122=ORIENTED_EDGE('',*,*,#2230,.F.);
#1123=ORIENTED_EDGE('',*,*,#2231,.T.);
#1124=ORIENTED_EDGE('',*,*,#2232,.T.);
#1125=ORIENTED_EDGE('',*,*,#2147,.F.);
#1126=ORIENTED_EDGE('',*,*,#2233,.F.);
#1127=ORIENTED_EDGE('',*,*,#2234,.T.);
#1128=ORIENTED_EDGE('',*,*,#2235,.T.);
#1129=ORIENTED_EDGE('',*,*,#2151,.F.);
#1130=ORIENTED_EDGE('',*,*,#2236,.F.);
#1131=ORIENTED_EDGE('',*,*,#2237,.T.);
#1132=ORIENTED_EDGE('',*,*,#2238,.T.);
#1133=ORIENTED_EDGE('',*,*,#2155,.F.);
#1134=ORIENTED_EDGE('',*,*,#2239,.F.);
#1135=ORIENTED_EDGE('',*,*,#2240,.T.);
#1136=ORIENTED_EDGE('',*,*,#2241,.T.);
#1137=ORIENTED_EDGE('',*,*,#2159,.F.);
#1138=ORIENTED_EDGE('',*,*,#2242,.F.);
#1139=ORIENTED_EDGE('',*,*,#2243,.T.);
#1140=ORIENTED_EDGE('',*,*,#2244,.T.);
#1141=ORIENTED_EDGE('',*,*,#2194,.F.);
#1142=ORIENTED_EDGE('',*,*,#2245,.F.);
#1143=ORIENTED_EDGE('',*,*,#2246,.T.);
#1144=ORIENTED_EDGE('',*,*,#2247,.T.);
#1145=ORIENTED_EDGE('',*,*,#2198,.F.);
#1146=ORIENTED_EDGE('',*,*,#2248,.F.);
#1147=ORIENTED_EDGE('',*,*,#2249,.T.);
#1148=ORIENTED_EDGE('',*,*,#2250,.T.);
#1149=ORIENTED_EDGE('',*,*,#2204,.F.);
#1150=ORIENTED_EDGE('',*,*,#2251,.F.);
#1151=ORIENTED_EDGE('',*,*,#2252,.T.);
#1152=ORIENTED_EDGE('',*,*,#2253,.T.);
#1153=ORIENTED_EDGE('',*,*,#2186,.F.);
#1154=ORIENTED_EDGE('',*,*,#2254,.F.);
#1155=ORIENTED_EDGE('',*,*,#2255,.T.);
#1156=ORIENTED_EDGE('',*,*,#2256,.T.);
#1157=ORIENTED_EDGE('',*,*,#2257,.F.);
#1158=ORIENTED_EDGE('',*,*,#2258,.T.);
#1159=ORIENTED_EDGE('',*,*,#2173,.F.);
#1160=ORIENTED_EDGE('',*,*,#2259,.F.);
#1161=ORIENTED_EDGE('',*,*,#2260,.F.);
#1162=ORIENTED_EDGE('',*,*,#2261,.T.);
#1163=ORIENTED_EDGE('',*,*,#2169,.F.);
#1164=ORIENTED_EDGE('',*,*,#2262,.F.);
#1165=ORIENTED_EDGE('',*,*,#2263,.F.);
#1166=ORIENTED_EDGE('',*,*,#2264,.T.);
#1167=ORIENTED_EDGE('',*,*,#2165,.F.);
#1168=ORIENTED_EDGE('',*,*,#2265,.F.);
#1169=ORIENTED_EDGE('',*,*,#2266,.F.);
#1170=ORIENTED_EDGE('',*,*,#2267,.T.);
#1171=ORIENTED_EDGE('',*,*,#2161,.F.);
#1172=ORIENTED_EDGE('',*,*,#2268,.F.);
#1173=ORIENTED_EDGE('',*,*,#2269,.F.);
#1174=ORIENTED_EDGE('',*,*,#2270,.T.);
#1175=ORIENTED_EDGE('',*,*,#2271,.F.);
#1176=ORIENTED_EDGE('',*,*,#2272,.F.);
#1177=ORIENTED_EDGE('',*,*,#2273,.F.);
#1178=ORIENTED_EDGE('',*,*,#2274,.T.);
#1179=ORIENTED_EDGE('',*,*,#2271,.T.);
#1180=ORIENTED_EDGE('',*,*,#2275,.T.);
#1181=ORIENTED_EDGE('',*,*,#2226,.T.);
#1182=ORIENTED_EDGE('',*,*,#2276,.F.);
#1183=ORIENTED_EDGE('',*,*,#2277,.T.);
#1184=ORIENTED_EDGE('',*,*,#2278,.T.);
#1185=ORIENTED_EDGE('',*,*,#2279,.F.);
#1186=ORIENTED_EDGE('',*,*,#2280,.F.);
#1187=ORIENTED_EDGE('',*,*,#2281,.F.);
#1188=ORIENTED_EDGE('',*,*,#2282,.T.);
#1189=ORIENTED_EDGE('',*,*,#2283,.F.);
#1190=ORIENTED_EDGE('',*,*,#2284,.F.);
#1191=ORIENTED_EDGE('',*,*,#2285,.F.);
#1192=ORIENTED_EDGE('',*,*,#2286,.T.);
#1193=ORIENTED_EDGE('',*,*,#2287,.F.);
#1194=ORIENTED_EDGE('',*,*,#2288,.F.);
#1195=ORIENTED_EDGE('',*,*,#2289,.F.);
#1196=ORIENTED_EDGE('',*,*,#2290,.T.);
#1197=ORIENTED_EDGE('',*,*,#2291,.F.);
#1198=ORIENTED_EDGE('',*,*,#2292,.F.);
#1199=ORIENTED_EDGE('',*,*,#2293,.F.);
#1200=ORIENTED_EDGE('',*,*,#2294,.T.);
#1201=ORIENTED_EDGE('',*,*,#2295,.F.);
#1202=ORIENTED_EDGE('',*,*,#2296,.F.);
#1203=ORIENTED_EDGE('',*,*,#2297,.F.);
#1204=ORIENTED_EDGE('',*,*,#2298,.T.);
#1205=ORIENTED_EDGE('',*,*,#2299,.F.);
#1206=ORIENTED_EDGE('',*,*,#2300,.F.);
#1207=ORIENTED_EDGE('',*,*,#2301,.F.);
#1208=ORIENTED_EDGE('',*,*,#2302,.T.);
#1209=ORIENTED_EDGE('',*,*,#2303,.F.);
#1210=ORIENTED_EDGE('',*,*,#2304,.F.);
#1211=ORIENTED_EDGE('',*,*,#2305,.F.);
#1212=ORIENTED_EDGE('',*,*,#2306,.T.);
#1213=ORIENTED_EDGE('',*,*,#2307,.F.);
#1214=ORIENTED_EDGE('',*,*,#2308,.F.);
#1215=ORIENTED_EDGE('',*,*,#2309,.F.);
#1216=ORIENTED_EDGE('',*,*,#2310,.T.);
#1217=ORIENTED_EDGE('',*,*,#2311,.F.);
#1218=ORIENTED_EDGE('',*,*,#2312,.F.);
#1219=ORIENTED_EDGE('',*,*,#2313,.F.);
#1220=ORIENTED_EDGE('',*,*,#2314,.T.);
#1221=ORIENTED_EDGE('',*,*,#2315,.T.);
#1222=ORIENTED_EDGE('',*,*,#2316,.T.);
#1223=ORIENTED_EDGE('',*,*,#2317,.T.);
#1224=ORIENTED_EDGE('',*,*,#2318,.T.);
#1225=ORIENTED_EDGE('',*,*,#2319,.T.);
#1226=ORIENTED_EDGE('',*,*,#2320,.T.);
#1227=ORIENTED_EDGE('',*,*,#2321,.T.);
#1228=ORIENTED_EDGE('',*,*,#2322,.T.);
#1229=ORIENTED_EDGE('',*,*,#2323,.T.);
#1230=ORIENTED_EDGE('',*,*,#2324,.T.);
#1231=ORIENTED_EDGE('',*,*,#2325,.T.);
#1232=ORIENTED_EDGE('',*,*,#2326,.T.);
#1233=ORIENTED_EDGE('',*,*,#2327,.T.);
#1234=ORIENTED_EDGE('',*,*,#2328,.T.);
#1235=ORIENTED_EDGE('',*,*,#2329,.F.);
#1236=ORIENTED_EDGE('',*,*,#2126,.T.);
#1237=ORIENTED_EDGE('',*,*,#2113,.T.);
#1238=ORIENTED_EDGE('',*,*,#2330,.T.);
#1239=ORIENTED_EDGE('',*,*,#2111,.T.);
#1240=ORIENTED_EDGE('',*,*,#2331,.T.);
#1241=ORIENTED_EDGE('',*,*,#2332,.F.);
#1242=ORIENTED_EDGE('',*,*,#2333,.T.);
#1243=ORIENTED_EDGE('',*,*,#2109,.F.);
#1244=ORIENTED_EDGE('',*,*,#2334,.T.);
#1245=ORIENTED_EDGE('',*,*,#2335,.T.);
#1246=ORIENTED_EDGE('',*,*,#2336,.T.);
#1247=ORIENTED_EDGE('',*,*,#2337,.F.);
#1248=ORIENTED_EDGE('',*,*,#2338,.F.);
#1249=ORIENTED_EDGE('',*,*,#2339,.T.);
#1250=ORIENTED_EDGE('',*,*,#2340,.T.);
#1251=ORIENTED_EDGE('',*,*,#2338,.T.);
#1252=ORIENTED_EDGE('',*,*,#2341,.T.);
#1253=ORIENTED_EDGE('',*,*,#2342,.T.);
#1254=ORIENTED_EDGE('',*,*,#2105,.F.);
#1255=ORIENTED_EDGE('',*,*,#2343,.T.);
#1256=ORIENTED_EDGE('',*,*,#2344,.T.);
#1257=ORIENTED_EDGE('',*,*,#2319,.F.);
#1258=ORIENTED_EDGE('',*,*,#2345,.T.);
#1259=ORIENTED_EDGE('',*,*,#2346,.T.);
#1260=ORIENTED_EDGE('',*,*,#2347,.T.);
#1261=ORIENTED_EDGE('',*,*,#2348,.T.);
#1262=ORIENTED_EDGE('',*,*,#2103,.F.);
#1263=ORIENTED_EDGE('',*,*,#2349,.F.);
#1264=ORIENTED_EDGE('',*,*,#2222,.F.);
#1265=ORIENTED_EDGE('',*,*,#2350,.T.);
#1266=ORIENTED_EDGE('',*,*,#2349,.T.);
#1267=ORIENTED_EDGE('',*,*,#2102,.T.);
#1268=ORIENTED_EDGE('',*,*,#2253,.F.);
#1269=ORIENTED_EDGE('',*,*,#2351,.T.);
#1270=ORIENTED_EDGE('',*,*,#2220,.T.);
#1271=ORIENTED_EDGE('',*,*,#2187,.T.);
#1272=ORIENTED_EDGE('',*,*,#2352,.F.);
#1273=ORIENTED_EDGE('',*,*,#2353,.T.);
#1274=ORIENTED_EDGE('',*,*,#2251,.T.);
#1275=ORIENTED_EDGE('',*,*,#2203,.T.);
#1276=ORIENTED_EDGE('',*,*,#2354,.F.);
#1277=ORIENTED_EDGE('',*,*,#2355,.T.);
#1278=ORIENTED_EDGE('',*,*,#2135,.T.);
#1279=ORIENTED_EDGE('',*,*,#2356,.F.);
#1280=ORIENTED_EDGE('',*,*,#2357,.F.);
#1281=ORIENTED_EDGE('',*,*,#2358,.T.);
#1282=ORIENTED_EDGE('',*,*,#2179,.T.);
#1283=ORIENTED_EDGE('',*,*,#2359,.F.);
#1284=ORIENTED_EDGE('',*,*,#2360,.F.);
#1285=ORIENTED_EDGE('',*,*,#2361,.T.);
#1286=ORIENTED_EDGE('',*,*,#2121,.T.);
#1287=ORIENTED_EDGE('',*,*,#2362,.F.);
#1288=ORIENTED_EDGE('',*,*,#2363,.T.);
#1289=ORIENTED_EDGE('',*,*,#2352,.T.);
#1290=ORIENTED_EDGE('',*,*,#2202,.T.);
#1291=ORIENTED_EDGE('',*,*,#2364,.F.);
#1292=ORIENTED_EDGE('',*,*,#2365,.F.);
#1293=ORIENTED_EDGE('',*,*,#2366,.T.);
#1294=ORIENTED_EDGE('',*,*,#2139,.T.);
#1295=ORIENTED_EDGE('',*,*,#2367,.F.);
#1296=ORIENTED_EDGE('',*,*,#2368,.F.);
#1297=ORIENTED_EDGE('',*,*,#2369,.T.);
#1298=ORIENTED_EDGE('',*,*,#2143,.T.);
#1299=ORIENTED_EDGE('',*,*,#2370,.F.);
#1300=ORIENTED_EDGE('',*,*,#2371,.F.);
#1301=ORIENTED_EDGE('',*,*,#2372,.T.);
#1302=ORIENTED_EDGE('',*,*,#2182,.T.);
#1303=ORIENTED_EDGE('',*,*,#2373,.F.);
#1304=ORIENTED_EDGE('',*,*,#2374,.F.);
#1305=ORIENTED_EDGE('',*,*,#2375,.T.);
#1306=ORIENTED_EDGE('',*,*,#2362,.T.);
#1307=ORIENTED_EDGE('',*,*,#2120,.T.);
#1308=ORIENTED_EDGE('',*,*,#2119,.T.);
#1309=ORIENTED_EDGE('',*,*,#2376,.T.);
#1310=ORIENTED_EDGE('',*,*,#2377,.T.);
#1311=ORIENTED_EDGE('',*,*,#2374,.T.);
#1312=ORIENTED_EDGE('',*,*,#2378,.F.);
#1313=ORIENTED_EDGE('',*,*,#2379,.T.);
#1314=ORIENTED_EDGE('',*,*,#2380,.F.);
#1315=ORIENTED_EDGE('',*,*,#2381,.F.);
#1316=ORIENTED_EDGE('',*,*,#2382,.F.);
#1317=ORIENTED_EDGE('',*,*,#2317,.F.);
#1318=ORIENTED_EDGE('',*,*,#2383,.T.);
#1319=ORIENTED_EDGE('',*,*,#2384,.T.);
#1320=ORIENTED_EDGE('',*,*,#2117,.T.);
#1321=ORIENTED_EDGE('',*,*,#2096,.F.);
#1322=ORIENTED_EDGE('',*,*,#2385,.T.);
#1323=ORIENTED_EDGE('',*,*,#2386,.T.);
#1324=ORIENTED_EDGE('',*,*,#2387,.T.);
#1325=ORIENTED_EDGE('',*,*,#2388,.F.);
#1326=ORIENTED_EDGE('',*,*,#2389,.T.);
#1327=ORIENTED_EDGE('',*,*,#2093,.T.);
#1328=ORIENTED_EDGE('',*,*,#2390,.F.);
#1329=ORIENTED_EDGE('',*,*,#2391,.T.);
#1330=ORIENTED_EDGE('',*,*,#2392,.T.);
#1331=ORIENTED_EDGE('',*,*,#2393,.T.);
#1332=ORIENTED_EDGE('',*,*,#2394,.T.);
#1333=ORIENTED_EDGE('',*,*,#2395,.F.);
#1334=ORIENTED_EDGE('',*,*,#2396,.T.);
#1335=ORIENTED_EDGE('',*,*,#2397,.T.);
#1336=ORIENTED_EDGE('',*,*,#2398,.T.);
#1337=ORIENTED_EDGE('',*,*,#2177,.T.);
#1338=ORIENTED_EDGE('',*,*,#2399,.F.);
#1339=ORIENTED_EDGE('',*,*,#2400,.T.);
#1340=ORIENTED_EDGE('',*,*,#2401,.T.);
#1341=ORIENTED_EDGE('',*,*,#2133,.T.);
#1342=ORIENTED_EDGE('',*,*,#2402,.F.);
#1343=ORIENTED_EDGE('',*,*,#2403,.T.);
#1344=ORIENTED_EDGE('',*,*,#2404,.T.);
#1345=ORIENTED_EDGE('',*,*,#2180,.T.);
#1346=ORIENTED_EDGE('',*,*,#2405,.F.);
#1347=ORIENTED_EDGE('',*,*,#2406,.T.);
#1348=ORIENTED_EDGE('',*,*,#2407,.T.);
#1349=ORIENTED_EDGE('',*,*,#2141,.T.);
#1350=ORIENTED_EDGE('',*,*,#2408,.F.);
#1351=ORIENTED_EDGE('',*,*,#2409,.T.);
#1352=ORIENTED_EDGE('',*,*,#2410,.T.);
#1353=ORIENTED_EDGE('',*,*,#2137,.T.);
#1354=ORIENTED_EDGE('',*,*,#2411,.F.);
#1355=ORIENTED_EDGE('',*,*,#2184,.T.);
#1356=ORIENTED_EDGE('',*,*,#2412,.T.);
#1357=ORIENTED_EDGE('',*,*,#2413,.F.);
#1358=ORIENTED_EDGE('',*,*,#2414,.T.);
#1359=ORIENTED_EDGE('',*,*,#2199,.T.);
#1360=ORIENTED_EDGE('',*,*,#2415,.F.);
#1361=ORIENTED_EDGE('',*,*,#2416,.F.);
#1362=ORIENTED_EDGE('',*,*,#2417,.T.);
#1363=ORIENTED_EDGE('',*,*,#2196,.T.);
#1364=ORIENTED_EDGE('',*,*,#2418,.F.);
#1365=ORIENTED_EDGE('',*,*,#2419,.F.);
#1366=ORIENTED_EDGE('',*,*,#2420,.T.);
#1367=ORIENTED_EDGE('',*,*,#2192,.T.);
#1368=ORIENTED_EDGE('',*,*,#2421,.F.);
#1369=ORIENTED_EDGE('',*,*,#2422,.F.);
#1370=ORIENTED_EDGE('',*,*,#2423,.T.);
#1371=ORIENTED_EDGE('',*,*,#2157,.T.);
#1372=ORIENTED_EDGE('',*,*,#2424,.F.);
#1373=ORIENTED_EDGE('',*,*,#2425,.F.);
#1374=ORIENTED_EDGE('',*,*,#2426,.T.);
#1375=ORIENTED_EDGE('',*,*,#2153,.T.);
#1376=ORIENTED_EDGE('',*,*,#2427,.F.);
#1377=ORIENTED_EDGE('',*,*,#2428,.F.);
#1378=ORIENTED_EDGE('',*,*,#2429,.T.);
#1379=ORIENTED_EDGE('',*,*,#2149,.T.);
#1380=ORIENTED_EDGE('',*,*,#2430,.F.);
#1381=ORIENTED_EDGE('',*,*,#2431,.F.);
#1382=ORIENTED_EDGE('',*,*,#2432,.T.);
#1383=ORIENTED_EDGE('',*,*,#2145,.T.);
#1384=ORIENTED_EDGE('',*,*,#2433,.F.);
#1385=ORIENTED_EDGE('',*,*,#2434,.F.);
#1386=ORIENTED_EDGE('',*,*,#2435,.T.);
#1387=ORIENTED_EDGE('',*,*,#2129,.T.);
#1388=ORIENTED_EDGE('',*,*,#2436,.F.);
#1389=ORIENTED_EDGE('',*,*,#2437,.F.);
#1390=ORIENTED_EDGE('',*,*,#2438,.T.);
#1391=ORIENTED_EDGE('',*,*,#2099,.F.);
#1392=ORIENTED_EDGE('',*,*,#2439,.T.);
#1393=ORIENTED_EDGE('',*,*,#2440,.T.);
#1394=ORIENTED_EDGE('',*,*,#2441,.T.);
#1395=ORIENTED_EDGE('',*,*,#2442,.T.);
#1396=ORIENTED_EDGE('',*,*,#2443,.T.);
#1397=ORIENTED_EDGE('',*,*,#2380,.T.);
#1398=ORIENTED_EDGE('',*,*,#2444,.T.);
#1399=ORIENTED_EDGE('',*,*,#2123,.T.);
#1400=ORIENTED_EDGE('',*,*,#2445,.F.);
#1401=ORIENTED_EDGE('',*,*,#2332,.T.);
#1402=ORIENTED_EDGE('',*,*,#2446,.T.);
#1403=ORIENTED_EDGE('',*,*,#2335,.F.);
#1404=ORIENTED_EDGE('',*,*,#2447,.T.);
#1405=ORIENTED_EDGE('',*,*,#2339,.F.);
#1406=ORIENTED_EDGE('',*,*,#2346,.F.);
#1407=ORIENTED_EDGE('',*,*,#2448,.F.);
#1408=ORIENTED_EDGE('',*,*,#2381,.T.);
#1409=ORIENTED_EDGE('',*,*,#2445,.T.);
#1410=ORIENTED_EDGE('',*,*,#2127,.T.);
#1411=ORIENTED_EDGE('',*,*,#2329,.T.);
#1412=ORIENTED_EDGE('',*,*,#2449,.T.);
#1413=ORIENTED_EDGE('',*,*,#2448,.T.);
#1414=ORIENTED_EDGE('',*,*,#2345,.F.);
#1415=ORIENTED_EDGE('',*,*,#2318,.F.);
#1416=ORIENTED_EDGE('',*,*,#2382,.T.);
#1417=ORIENTED_EDGE('',*,*,#2450,.T.);
#1418=ORIENTED_EDGE('',*,*,#2451,.T.);
#1419=ORIENTED_EDGE('',*,*,#2452,.T.);
#1420=ORIENTED_EDGE('',*,*,#2453,.F.);
#1421=ORIENTED_EDGE('',*,*,#2454,.T.);
#1422=ORIENTED_EDGE('',*,*,#2455,.T.);
#1423=ORIENTED_EDGE('',*,*,#2456,.T.);
#1424=ORIENTED_EDGE('',*,*,#2457,.F.);
#1425=ORIENTED_EDGE('',*,*,#2458,.T.);
#1426=ORIENTED_EDGE('',*,*,#2459,.T.);
#1427=ORIENTED_EDGE('',*,*,#2460,.T.);
#1428=ORIENTED_EDGE('',*,*,#2461,.F.);
#1429=ORIENTED_EDGE('',*,*,#2462,.T.);
#1430=ORIENTED_EDGE('',*,*,#2463,.T.);
#1431=ORIENTED_EDGE('',*,*,#2464,.T.);
#1432=ORIENTED_EDGE('',*,*,#2465,.F.);
#1433=ORIENTED_EDGE('',*,*,#2466,.T.);
#1434=ORIENTED_EDGE('',*,*,#2467,.T.);
#1435=ORIENTED_EDGE('',*,*,#2468,.T.);
#1436=ORIENTED_EDGE('',*,*,#2469,.F.);
#1437=ORIENTED_EDGE('',*,*,#2470,.T.);
#1438=ORIENTED_EDGE('',*,*,#2471,.T.);
#1439=ORIENTED_EDGE('',*,*,#2472,.T.);
#1440=ORIENTED_EDGE('',*,*,#2473,.F.);
#1441=ORIENTED_EDGE('',*,*,#2474,.T.);
#1442=ORIENTED_EDGE('',*,*,#2475,.T.);
#1443=ORIENTED_EDGE('',*,*,#2476,.T.);
#1444=ORIENTED_EDGE('',*,*,#2477,.F.);
#1445=ORIENTED_EDGE('',*,*,#2478,.T.);
#1446=ORIENTED_EDGE('',*,*,#2479,.T.);
#1447=ORIENTED_EDGE('',*,*,#2480,.T.);
#1448=ORIENTED_EDGE('',*,*,#2481,.F.);
#1449=ORIENTED_EDGE('',*,*,#2482,.T.);
#1450=ORIENTED_EDGE('',*,*,#2483,.T.);
#1451=ORIENTED_EDGE('',*,*,#2484,.T.);
#1452=ORIENTED_EDGE('',*,*,#2485,.F.);
#1453=ORIENTED_EDGE('',*,*,#2413,.T.);
#1454=ORIENTED_EDGE('',*,*,#2486,.T.);
#1455=ORIENTED_EDGE('',*,*,#2255,.F.);
#1456=ORIENTED_EDGE('',*,*,#2487,.T.);
#1457=ORIENTED_EDGE('',*,*,#2440,.F.);
#1458=ORIENTED_EDGE('',*,*,#2488,.T.);
#1459=ORIENTED_EDGE('',*,*,#2489,.T.);
#1460=ORIENTED_EDGE('',*,*,#2386,.F.);
#1461=ORIENTED_EDGE('',*,*,#2490,.T.);
#1462=ORIENTED_EDGE('',*,*,#2491,.T.);
#1463=ORIENTED_EDGE('',*,*,#2388,.T.);
#1464=ORIENTED_EDGE('',*,*,#2492,.T.);
#1465=ORIENTED_EDGE('',*,*,#2395,.T.);
#1466=ORIENTED_EDGE('',*,*,#2493,.T.);
#1467=ORIENTED_EDGE('',*,*,#2494,.T.);
#1468=ORIENTED_EDGE('',*,*,#2495,.T.);
#1469=ORIENTED_EDGE('',*,*,#2496,.F.);
#1470=ORIENTED_EDGE('',*,*,#2497,.T.);
#1471=ORIENTED_EDGE('',*,*,#2321,.F.);
#1472=ORIENTED_EDGE('',*,*,#2498,.T.);
#1473=ORIENTED_EDGE('',*,*,#2499,.T.);
#1474=ORIENTED_EDGE('',*,*,#2500,.F.);
#1475=ORIENTED_EDGE('',*,*,#2500,.T.);
#1476=ORIENTED_EDGE('',*,*,#2501,.T.);
#1477=ORIENTED_EDGE('',*,*,#2502,.F.);
#1478=ORIENTED_EDGE('',*,*,#2322,.F.);
#1479=ORIENTED_EDGE('',*,*,#2502,.T.);
#1480=ORIENTED_EDGE('',*,*,#2503,.T.);
#1481=ORIENTED_EDGE('',*,*,#2504,.F.);
#1482=ORIENTED_EDGE('',*,*,#2323,.F.);
#1483=ORIENTED_EDGE('',*,*,#2504,.T.);
#1484=ORIENTED_EDGE('',*,*,#2505,.T.);
#1485=ORIENTED_EDGE('',*,*,#2506,.F.);
#1486=ORIENTED_EDGE('',*,*,#2324,.F.);
#1487=ORIENTED_EDGE('',*,*,#2506,.T.);
#1488=ORIENTED_EDGE('',*,*,#2507,.T.);
#1489=ORIENTED_EDGE('',*,*,#2508,.F.);
#1490=ORIENTED_EDGE('',*,*,#2325,.F.);
#1491=ORIENTED_EDGE('',*,*,#2508,.T.);
#1492=ORIENTED_EDGE('',*,*,#2509,.T.);
#1493=ORIENTED_EDGE('',*,*,#2510,.F.);
#1494=ORIENTED_EDGE('',*,*,#2326,.F.);
#1495=ORIENTED_EDGE('',*,*,#2510,.T.);
#1496=ORIENTED_EDGE('',*,*,#2511,.T.);
#1497=ORIENTED_EDGE('',*,*,#2512,.F.);
#1498=ORIENTED_EDGE('',*,*,#2327,.F.);
#1499=ORIENTED_EDGE('',*,*,#2512,.T.);
#1500=ORIENTED_EDGE('',*,*,#2513,.T.);
#1501=ORIENTED_EDGE('',*,*,#2514,.F.);
#1502=ORIENTED_EDGE('',*,*,#2328,.F.);
#1503=ORIENTED_EDGE('',*,*,#2515,.T.);
#1504=ORIENTED_EDGE('',*,*,#2516,.T.);
#1505=ORIENTED_EDGE('',*,*,#2315,.F.);
#1506=ORIENTED_EDGE('',*,*,#2514,.T.);
#1507=ORIENTED_EDGE('',*,*,#2499,.F.);
#1508=ORIENTED_EDGE('',*,*,#2517,.T.);
#1509=ORIENTED_EDGE('',*,*,#2347,.F.);
#1510=ORIENTED_EDGE('',*,*,#2518,.F.);
#1511=ORIENTED_EDGE('',*,*,#2518,.T.);
#1512=ORIENTED_EDGE('',*,*,#2350,.F.);
#1513=ORIENTED_EDGE('',*,*,#2519,.F.);
#1514=ORIENTED_EDGE('',*,*,#2501,.F.);
#1515=ORIENTED_EDGE('',*,*,#2519,.T.);
#1516=ORIENTED_EDGE('',*,*,#2221,.F.);
#1517=ORIENTED_EDGE('',*,*,#2520,.F.);
#1518=ORIENTED_EDGE('',*,*,#2503,.F.);
#1519=ORIENTED_EDGE('',*,*,#2520,.T.);
#1520=ORIENTED_EDGE('',*,*,#2351,.F.);
#1521=ORIENTED_EDGE('',*,*,#2521,.F.);
#1522=ORIENTED_EDGE('',*,*,#2505,.F.);
#1523=ORIENTED_EDGE('',*,*,#2521,.T.);
#1524=ORIENTED_EDGE('',*,*,#2252,.F.);
#1525=ORIENTED_EDGE('',*,*,#2522,.F.);
#1526=ORIENTED_EDGE('',*,*,#2507,.F.);
#1527=ORIENTED_EDGE('',*,*,#2522,.T.);
#1528=ORIENTED_EDGE('',*,*,#2353,.F.);
#1529=ORIENTED_EDGE('',*,*,#2523,.F.);
#1530=ORIENTED_EDGE('',*,*,#2509,.F.);
#1531=ORIENTED_EDGE('',*,*,#2523,.T.);
#1532=ORIENTED_EDGE('',*,*,#2363,.F.);
#1533=ORIENTED_EDGE('',*,*,#2524,.F.);
#1534=ORIENTED_EDGE('',*,*,#2511,.F.);
#1535=ORIENTED_EDGE('',*,*,#2524,.T.);
#1536=ORIENTED_EDGE('',*,*,#2375,.F.);
#1537=ORIENTED_EDGE('',*,*,#2525,.F.);
#1538=ORIENTED_EDGE('',*,*,#2513,.F.);
#1539=ORIENTED_EDGE('',*,*,#2377,.F.);
#1540=ORIENTED_EDGE('',*,*,#2526,.T.);
#1541=ORIENTED_EDGE('',*,*,#2515,.F.);
#1542=ORIENTED_EDGE('',*,*,#2525,.T.);
#1543=ORIENTED_EDGE('',*,*,#2312,.T.);
#1544=ORIENTED_EDGE('',*,*,#2527,.T.);
#1545=ORIENTED_EDGE('',*,*,#2483,.F.);
#1546=ORIENTED_EDGE('',*,*,#2528,.F.);
#1547=ORIENTED_EDGE('',*,*,#2313,.T.);
#1548=ORIENTED_EDGE('',*,*,#2528,.T.);
#1549=ORIENTED_EDGE('',*,*,#2482,.F.);
#1550=ORIENTED_EDGE('',*,*,#2529,.F.);
#1551=ORIENTED_EDGE('',*,*,#2529,.T.);
#1552=ORIENTED_EDGE('',*,*,#2485,.T.);
#1553=ORIENTED_EDGE('',*,*,#2530,.F.);
#1554=ORIENTED_EDGE('',*,*,#2314,.F.);
#1555=ORIENTED_EDGE('',*,*,#2311,.T.);
#1556=ORIENTED_EDGE('',*,*,#2530,.T.);
#1557=ORIENTED_EDGE('',*,*,#2484,.F.);
#1558=ORIENTED_EDGE('',*,*,#2527,.F.);
#1559=ORIENTED_EDGE('',*,*,#2308,.T.);
#1560=ORIENTED_EDGE('',*,*,#2531,.T.);
#1561=ORIENTED_EDGE('',*,*,#2479,.F.);
#1562=ORIENTED_EDGE('',*,*,#2532,.F.);
#1563=ORIENTED_EDGE('',*,*,#2309,.T.);
#1564=ORIENTED_EDGE('',*,*,#2532,.T.);
#1565=ORIENTED_EDGE('',*,*,#2478,.F.);
#1566=ORIENTED_EDGE('',*,*,#2533,.F.);
#1567=ORIENTED_EDGE('',*,*,#2533,.T.);
#1568=ORIENTED_EDGE('',*,*,#2481,.T.);
#1569=ORIENTED_EDGE('',*,*,#2534,.F.);
#1570=ORIENTED_EDGE('',*,*,#2310,.F.);
#1571=ORIENTED_EDGE('',*,*,#2307,.T.);
#1572=ORIENTED_EDGE('',*,*,#2534,.T.);
#1573=ORIENTED_EDGE('',*,*,#2480,.F.);
#1574=ORIENTED_EDGE('',*,*,#2531,.F.);
#1575=ORIENTED_EDGE('',*,*,#2304,.T.);
#1576=ORIENTED_EDGE('',*,*,#2535,.T.);
#1577=ORIENTED_EDGE('',*,*,#2475,.F.);
#1578=ORIENTED_EDGE('',*,*,#2536,.F.);
#1579=ORIENTED_EDGE('',*,*,#2305,.T.);
#1580=ORIENTED_EDGE('',*,*,#2536,.T.);
#1581=ORIENTED_EDGE('',*,*,#2474,.F.);
#1582=ORIENTED_EDGE('',*,*,#2537,.F.);
#1583=ORIENTED_EDGE('',*,*,#2537,.T.);
#1584=ORIENTED_EDGE('',*,*,#2477,.T.);
#1585=ORIENTED_EDGE('',*,*,#2538,.F.);
#1586=ORIENTED_EDGE('',*,*,#2306,.F.);
#1587=ORIENTED_EDGE('',*,*,#2303,.T.);
#1588=ORIENTED_EDGE('',*,*,#2538,.T.);
#1589=ORIENTED_EDGE('',*,*,#2476,.F.);
#1590=ORIENTED_EDGE('',*,*,#2535,.F.);
#1591=ORIENTED_EDGE('',*,*,#2300,.T.);
#1592=ORIENTED_EDGE('',*,*,#2539,.T.);
#1593=ORIENTED_EDGE('',*,*,#2471,.F.);
#1594=ORIENTED_EDGE('',*,*,#2540,.F.);
#1595=ORIENTED_EDGE('',*,*,#2301,.T.);
#1596=ORIENTED_EDGE('',*,*,#2540,.T.);
#1597=ORIENTED_EDGE('',*,*,#2470,.F.);
#1598=ORIENTED_EDGE('',*,*,#2541,.F.);
#1599=ORIENTED_EDGE('',*,*,#2541,.T.);
#1600=ORIENTED_EDGE('',*,*,#2473,.T.);
#1601=ORIENTED_EDGE('',*,*,#2542,.F.);
#1602=ORIENTED_EDGE('',*,*,#2302,.F.);
#1603=ORIENTED_EDGE('',*,*,#2299,.T.);
#1604=ORIENTED_EDGE('',*,*,#2542,.T.);
#1605=ORIENTED_EDGE('',*,*,#2472,.F.);
#1606=ORIENTED_EDGE('',*,*,#2539,.F.);
#1607=ORIENTED_EDGE('',*,*,#2296,.T.);
#1608=ORIENTED_EDGE('',*,*,#2543,.T.);
#1609=ORIENTED_EDGE('',*,*,#2467,.F.);
#1610=ORIENTED_EDGE('',*,*,#2544,.F.);
#1611=ORIENTED_EDGE('',*,*,#2297,.T.);
#1612=ORIENTED_EDGE('',*,*,#2544,.T.);
#1613=ORIENTED_EDGE('',*,*,#2466,.F.);
#1614=ORIENTED_EDGE('',*,*,#2545,.F.);
#1615=ORIENTED_EDGE('',*,*,#2545,.T.);
#1616=ORIENTED_EDGE('',*,*,#2469,.T.);
#1617=ORIENTED_EDGE('',*,*,#2546,.F.);
#1618=ORIENTED_EDGE('',*,*,#2298,.F.);
#1619=ORIENTED_EDGE('',*,*,#2295,.T.);
#1620=ORIENTED_EDGE('',*,*,#2546,.T.);
#1621=ORIENTED_EDGE('',*,*,#2468,.F.);
#1622=ORIENTED_EDGE('',*,*,#2543,.F.);
#1623=ORIENTED_EDGE('',*,*,#2292,.T.);
#1624=ORIENTED_EDGE('',*,*,#2547,.T.);
#1625=ORIENTED_EDGE('',*,*,#2463,.F.);
#1626=ORIENTED_EDGE('',*,*,#2548,.F.);
#1627=ORIENTED_EDGE('',*,*,#2293,.T.);
#1628=ORIENTED_EDGE('',*,*,#2548,.T.);
#1629=ORIENTED_EDGE('',*,*,#2462,.F.);
#1630=ORIENTED_EDGE('',*,*,#2549,.F.);
#1631=ORIENTED_EDGE('',*,*,#2549,.T.);
#1632=ORIENTED_EDGE('',*,*,#2465,.T.);
#1633=ORIENTED_EDGE('',*,*,#2550,.F.);
#1634=ORIENTED_EDGE('',*,*,#2294,.F.);
#1635=ORIENTED_EDGE('',*,*,#2291,.T.);
#1636=ORIENTED_EDGE('',*,*,#2550,.T.);
#1637=ORIENTED_EDGE('',*,*,#2464,.F.);
#1638=ORIENTED_EDGE('',*,*,#2547,.F.);
#1639=ORIENTED_EDGE('',*,*,#2288,.T.);
#1640=ORIENTED_EDGE('',*,*,#2551,.T.);
#1641=ORIENTED_EDGE('',*,*,#2459,.F.);
#1642=ORIENTED_EDGE('',*,*,#2552,.F.);
#1643=ORIENTED_EDGE('',*,*,#2289,.T.);
#1644=ORIENTED_EDGE('',*,*,#2552,.T.);
#1645=ORIENTED_EDGE('',*,*,#2458,.F.);
#1646=ORIENTED_EDGE('',*,*,#2553,.F.);
#1647=ORIENTED_EDGE('',*,*,#2553,.T.);
#1648=ORIENTED_EDGE('',*,*,#2461,.T.);
#1649=ORIENTED_EDGE('',*,*,#2554,.F.);
#1650=ORIENTED_EDGE('',*,*,#2290,.F.);
#1651=ORIENTED_EDGE('',*,*,#2287,.T.);
#1652=ORIENTED_EDGE('',*,*,#2554,.T.);
#1653=ORIENTED_EDGE('',*,*,#2460,.F.);
#1654=ORIENTED_EDGE('',*,*,#2551,.F.);
#1655=ORIENTED_EDGE('',*,*,#2284,.T.);
#1656=ORIENTED_EDGE('',*,*,#2555,.T.);
#1657=ORIENTED_EDGE('',*,*,#2455,.F.);
#1658=ORIENTED_EDGE('',*,*,#2556,.F.);
#1659=ORIENTED_EDGE('',*,*,#2285,.T.);
#1660=ORIENTED_EDGE('',*,*,#2556,.T.);
#1661=ORIENTED_EDGE('',*,*,#2454,.F.);
#1662=ORIENTED_EDGE('',*,*,#2557,.F.);
#1663=ORIENTED_EDGE('',*,*,#2557,.T.);
#1664=ORIENTED_EDGE('',*,*,#2457,.T.);
#1665=ORIENTED_EDGE('',*,*,#2558,.F.);
#1666=ORIENTED_EDGE('',*,*,#2286,.F.);
#1667=ORIENTED_EDGE('',*,*,#2283,.T.);
#1668=ORIENTED_EDGE('',*,*,#2558,.T.);
#1669=ORIENTED_EDGE('',*,*,#2456,.F.);
#1670=ORIENTED_EDGE('',*,*,#2555,.F.);
#1671=ORIENTED_EDGE('',*,*,#2280,.T.);
#1672=ORIENTED_EDGE('',*,*,#2559,.T.);
#1673=ORIENTED_EDGE('',*,*,#2451,.F.);
#1674=ORIENTED_EDGE('',*,*,#2560,.F.);
#1675=ORIENTED_EDGE('',*,*,#2281,.T.);
#1676=ORIENTED_EDGE('',*,*,#2560,.T.);
#1677=ORIENTED_EDGE('',*,*,#2450,.F.);
#1678=ORIENTED_EDGE('',*,*,#2561,.F.);
#1679=ORIENTED_EDGE('',*,*,#2561,.T.);
#1680=ORIENTED_EDGE('',*,*,#2453,.T.);
#1681=ORIENTED_EDGE('',*,*,#2562,.F.);
#1682=ORIENTED_EDGE('',*,*,#2282,.F.);
#1683=ORIENTED_EDGE('',*,*,#2279,.T.);
#1684=ORIENTED_EDGE('',*,*,#2562,.T.);
#1685=ORIENTED_EDGE('',*,*,#2452,.F.);
#1686=ORIENTED_EDGE('',*,*,#2559,.F.);
#1687=ORIENTED_EDGE('',*,*,#2189,.T.);
#1688=ORIENTED_EDGE('',*,*,#2219,.F.);
#1689=ORIENTED_EDGE('',*,*,#2563,.F.);
#1690=ORIENTED_EDGE('',*,*,#2564,.T.);
#1691=ORIENTED_EDGE('',*,*,#2174,.F.);
#1692=ORIENTED_EDGE('',*,*,#2258,.F.);
#1693=ORIENTED_EDGE('',*,*,#2565,.T.);
#1694=ORIENTED_EDGE('',*,*,#2217,.T.);
#1695=ORIENTED_EDGE('',*,*,#2257,.T.);
#1696=ORIENTED_EDGE('',*,*,#2566,.T.);
#1697=ORIENTED_EDGE('',*,*,#2563,.T.);
#1698=ORIENTED_EDGE('',*,*,#2218,.F.);
#1699=ORIENTED_EDGE('',*,*,#2565,.F.);
#1700=ORIENTED_EDGE('',*,*,#2172,.T.);
#1701=ORIENTED_EDGE('',*,*,#2216,.F.);
#1702=ORIENTED_EDGE('',*,*,#2567,.F.);
#1703=ORIENTED_EDGE('',*,*,#2259,.T.);
#1704=ORIENTED_EDGE('',*,*,#2170,.F.);
#1705=ORIENTED_EDGE('',*,*,#2261,.F.);
#1706=ORIENTED_EDGE('',*,*,#2568,.T.);
#1707=ORIENTED_EDGE('',*,*,#2214,.T.);
#1708=ORIENTED_EDGE('',*,*,#2260,.T.);
#1709=ORIENTED_EDGE('',*,*,#2567,.T.);
#1710=ORIENTED_EDGE('',*,*,#2215,.F.);
#1711=ORIENTED_EDGE('',*,*,#2568,.F.);
#1712=ORIENTED_EDGE('',*,*,#2168,.T.);
#1713=ORIENTED_EDGE('',*,*,#2213,.F.);
#1714=ORIENTED_EDGE('',*,*,#2569,.F.);
#1715=ORIENTED_EDGE('',*,*,#2262,.T.);
#1716=ORIENTED_EDGE('',*,*,#2166,.F.);
#1717=ORIENTED_EDGE('',*,*,#2264,.F.);
#1718=ORIENTED_EDGE('',*,*,#2570,.T.);
#1719=ORIENTED_EDGE('',*,*,#2211,.T.);
#1720=ORIENTED_EDGE('',*,*,#2263,.T.);
#1721=ORIENTED_EDGE('',*,*,#2569,.T.);
#1722=ORIENTED_EDGE('',*,*,#2212,.F.);
#1723=ORIENTED_EDGE('',*,*,#2570,.F.);
#1724=ORIENTED_EDGE('',*,*,#2164,.T.);
#1725=ORIENTED_EDGE('',*,*,#2210,.F.);
#1726=ORIENTED_EDGE('',*,*,#2571,.F.);
#1727=ORIENTED_EDGE('',*,*,#2265,.T.);
#1728=ORIENTED_EDGE('',*,*,#2162,.F.);
#1729=ORIENTED_EDGE('',*,*,#2267,.F.);
#1730=ORIENTED_EDGE('',*,*,#2572,.T.);
#1731=ORIENTED_EDGE('',*,*,#2208,.T.);
#1732=ORIENTED_EDGE('',*,*,#2266,.T.);
#1733=ORIENTED_EDGE('',*,*,#2571,.T.);
#1734=ORIENTED_EDGE('',*,*,#2209,.F.);
#1735=ORIENTED_EDGE('',*,*,#2572,.F.);
#1736=ORIENTED_EDGE('',*,*,#2160,.T.);
#1737=ORIENTED_EDGE('',*,*,#2207,.F.);
#1738=ORIENTED_EDGE('',*,*,#2573,.F.);
#1739=ORIENTED_EDGE('',*,*,#2268,.T.);
#1740=ORIENTED_EDGE('',*,*,#2275,.F.);
#1741=ORIENTED_EDGE('',*,*,#2270,.F.);
#1742=ORIENTED_EDGE('',*,*,#2574,.T.);
#1743=ORIENTED_EDGE('',*,*,#2227,.T.);
#1744=ORIENTED_EDGE('',*,*,#2269,.T.);
#1745=ORIENTED_EDGE('',*,*,#2573,.T.);
#1746=ORIENTED_EDGE('',*,*,#2206,.F.);
#1747=ORIENTED_EDGE('',*,*,#2574,.F.);
#1748=ORIENTED_EDGE('',*,*,#2197,.F.);
#1749=ORIENTED_EDGE('',*,*,#2417,.F.);
#1750=ORIENTED_EDGE('',*,*,#2575,.T.);
#1751=ORIENTED_EDGE('',*,*,#2248,.T.);
#1752=ORIENTED_EDGE('',*,*,#2205,.T.);
#1753=ORIENTED_EDGE('',*,*,#2250,.F.);
#1754=ORIENTED_EDGE('',*,*,#2576,.F.);
#1755=ORIENTED_EDGE('',*,*,#2415,.T.);
#1756=ORIENTED_EDGE('',*,*,#2575,.F.);
#1757=ORIENTED_EDGE('',*,*,#2416,.T.);
#1758=ORIENTED_EDGE('',*,*,#2576,.T.);
#1759=ORIENTED_EDGE('',*,*,#2249,.F.);
#1760=ORIENTED_EDGE('',*,*,#2193,.F.);
#1761=ORIENTED_EDGE('',*,*,#2420,.F.);
#1762=ORIENTED_EDGE('',*,*,#2577,.T.);
#1763=ORIENTED_EDGE('',*,*,#2245,.T.);
#1764=ORIENTED_EDGE('',*,*,#2195,.T.);
#1765=ORIENTED_EDGE('',*,*,#2247,.F.);
#1766=ORIENTED_EDGE('',*,*,#2578,.F.);
#1767=ORIENTED_EDGE('',*,*,#2418,.T.);
#1768=ORIENTED_EDGE('',*,*,#2577,.F.);
#1769=ORIENTED_EDGE('',*,*,#2419,.T.);
#1770=ORIENTED_EDGE('',*,*,#2578,.T.);
#1771=ORIENTED_EDGE('',*,*,#2246,.F.);
#1772=ORIENTED_EDGE('',*,*,#2158,.F.);
#1773=ORIENTED_EDGE('',*,*,#2423,.F.);
#1774=ORIENTED_EDGE('',*,*,#2579,.T.);
#1775=ORIENTED_EDGE('',*,*,#2242,.T.);
#1776=ORIENTED_EDGE('',*,*,#2191,.T.);
#1777=ORIENTED_EDGE('',*,*,#2244,.F.);
#1778=ORIENTED_EDGE('',*,*,#2580,.F.);
#1779=ORIENTED_EDGE('',*,*,#2421,.T.);
#1780=ORIENTED_EDGE('',*,*,#2579,.F.);
#1781=ORIENTED_EDGE('',*,*,#2422,.T.);
#1782=ORIENTED_EDGE('',*,*,#2580,.T.);
#1783=ORIENTED_EDGE('',*,*,#2243,.F.);
#1784=ORIENTED_EDGE('',*,*,#2154,.F.);
#1785=ORIENTED_EDGE('',*,*,#2426,.F.);
#1786=ORIENTED_EDGE('',*,*,#2581,.T.);
#1787=ORIENTED_EDGE('',*,*,#2239,.T.);
#1788=ORIENTED_EDGE('',*,*,#2156,.T.);
#1789=ORIENTED_EDGE('',*,*,#2241,.F.);
#1790=ORIENTED_EDGE('',*,*,#2582,.F.);
#1791=ORIENTED_EDGE('',*,*,#2424,.T.);
#1792=ORIENTED_EDGE('',*,*,#2581,.F.);
#1793=ORIENTED_EDGE('',*,*,#2425,.T.);
#1794=ORIENTED_EDGE('',*,*,#2582,.T.);
#1795=ORIENTED_EDGE('',*,*,#2240,.F.);
#1796=ORIENTED_EDGE('',*,*,#2150,.F.);
#1797=ORIENTED_EDGE('',*,*,#2429,.F.);
#1798=ORIENTED_EDGE('',*,*,#2583,.T.);
#1799=ORIENTED_EDGE('',*,*,#2236,.T.);
#1800=ORIENTED_EDGE('',*,*,#2152,.T.);
#1801=ORIENTED_EDGE('',*,*,#2238,.F.);
#1802=ORIENTED_EDGE('',*,*,#2584,.F.);
#1803=ORIENTED_EDGE('',*,*,#2427,.T.);
#1804=ORIENTED_EDGE('',*,*,#2583,.F.);
#1805=ORIENTED_EDGE('',*,*,#2428,.T.);
#1806=ORIENTED_EDGE('',*,*,#2584,.T.);
#1807=ORIENTED_EDGE('',*,*,#2237,.F.);
#1808=ORIENTED_EDGE('',*,*,#2146,.F.);
#1809=ORIENTED_EDGE('',*,*,#2432,.F.);
#1810=ORIENTED_EDGE('',*,*,#2585,.T.);
#1811=ORIENTED_EDGE('',*,*,#2233,.T.);
#1812=ORIENTED_EDGE('',*,*,#2148,.T.);
#1813=ORIENTED_EDGE('',*,*,#2235,.F.);
#1814=ORIENTED_EDGE('',*,*,#2586,.F.);
#1815=ORIENTED_EDGE('',*,*,#2430,.T.);
#1816=ORIENTED_EDGE('',*,*,#2585,.F.);
#1817=ORIENTED_EDGE('',*,*,#2431,.T.);
#1818=ORIENTED_EDGE('',*,*,#2586,.T.);
#1819=ORIENTED_EDGE('',*,*,#2234,.F.);
#1820=ORIENTED_EDGE('',*,*,#2130,.F.);
#1821=ORIENTED_EDGE('',*,*,#2435,.F.);
#1822=ORIENTED_EDGE('',*,*,#2587,.T.);
#1823=ORIENTED_EDGE('',*,*,#2230,.T.);
#1824=ORIENTED_EDGE('',*,*,#2144,.T.);
#1825=ORIENTED_EDGE('',*,*,#2232,.F.);
#1826=ORIENTED_EDGE('',*,*,#2588,.F.);
#1827=ORIENTED_EDGE('',*,*,#2433,.T.);
#1828=ORIENTED_EDGE('',*,*,#2587,.F.);
#1829=ORIENTED_EDGE('',*,*,#2434,.T.);
#1830=ORIENTED_EDGE('',*,*,#2588,.T.);
#1831=ORIENTED_EDGE('',*,*,#2231,.F.);
#1832=ORIENTED_EDGE('',*,*,#2185,.F.);
#1833=ORIENTED_EDGE('',*,*,#2438,.F.);
#1834=ORIENTED_EDGE('',*,*,#2589,.T.);
#1835=ORIENTED_EDGE('',*,*,#2254,.T.);
#1836=ORIENTED_EDGE('',*,*,#2128,.T.);
#1837=ORIENTED_EDGE('',*,*,#2229,.F.);
#1838=ORIENTED_EDGE('',*,*,#2590,.F.);
#1839=ORIENTED_EDGE('',*,*,#2436,.T.);
#1840=ORIENTED_EDGE('',*,*,#2589,.F.);
#1841=ORIENTED_EDGE('',*,*,#2437,.T.);
#1842=ORIENTED_EDGE('',*,*,#2590,.T.);
#1843=ORIENTED_EDGE('',*,*,#2228,.F.);
#1844=ORIENTED_EDGE('',*,*,#2183,.T.);
#1845=ORIENTED_EDGE('',*,*,#2372,.F.);
#1846=ORIENTED_EDGE('',*,*,#2591,.F.);
#1847=ORIENTED_EDGE('',*,*,#2405,.T.);
#1848=ORIENTED_EDGE('',*,*,#2142,.F.);
#1849=ORIENTED_EDGE('',*,*,#2407,.F.);
#1850=ORIENTED_EDGE('',*,*,#2592,.T.);
#1851=ORIENTED_EDGE('',*,*,#2370,.T.);
#1852=ORIENTED_EDGE('',*,*,#2406,.F.);
#1853=ORIENTED_EDGE('',*,*,#2591,.T.);
#1854=ORIENTED_EDGE('',*,*,#2371,.T.);
#1855=ORIENTED_EDGE('',*,*,#2592,.F.);
#1856=ORIENTED_EDGE('',*,*,#2176,.T.);
#1857=ORIENTED_EDGE('',*,*,#2358,.F.);
#1858=ORIENTED_EDGE('',*,*,#2593,.F.);
#1859=ORIENTED_EDGE('',*,*,#2399,.T.);
#1860=ORIENTED_EDGE('',*,*,#2134,.F.);
#1861=ORIENTED_EDGE('',*,*,#2401,.F.);
#1862=ORIENTED_EDGE('',*,*,#2594,.T.);
#1863=ORIENTED_EDGE('',*,*,#2356,.T.);
#1864=ORIENTED_EDGE('',*,*,#2400,.F.);
#1865=ORIENTED_EDGE('',*,*,#2593,.T.);
#1866=ORIENTED_EDGE('',*,*,#2357,.T.);
#1867=ORIENTED_EDGE('',*,*,#2594,.F.);
#1868=ORIENTED_EDGE('',*,*,#2138,.F.);
#1869=ORIENTED_EDGE('',*,*,#2410,.F.);
#1870=ORIENTED_EDGE('',*,*,#2595,.T.);
#1871=ORIENTED_EDGE('',*,*,#2367,.T.);
#1872=ORIENTED_EDGE('',*,*,#2140,.T.);
#1873=ORIENTED_EDGE('',*,*,#2369,.F.);
#1874=ORIENTED_EDGE('',*,*,#2596,.F.);
#1875=ORIENTED_EDGE('',*,*,#2408,.T.);
#1876=ORIENTED_EDGE('',*,*,#2595,.F.);
#1877=ORIENTED_EDGE('',*,*,#2409,.F.);
#1878=ORIENTED_EDGE('',*,*,#2596,.T.);
#1879=ORIENTED_EDGE('',*,*,#2368,.T.);
#1880=ORIENTED_EDGE('',*,*,#2136,.T.);
#1881=ORIENTED_EDGE('',*,*,#2366,.F.);
#1882=ORIENTED_EDGE('',*,*,#2597,.F.);
#1883=ORIENTED_EDGE('',*,*,#2411,.T.);
#1884=ORIENTED_EDGE('',*,*,#2201,.F.);
#1885=ORIENTED_EDGE('',*,*,#2598,.T.);
#1886=ORIENTED_EDGE('',*,*,#2599,.T.);
#1887=ORIENTED_EDGE('',*,*,#2364,.T.);
#1888=ORIENTED_EDGE('',*,*,#2393,.F.);
#1889=ORIENTED_EDGE('',*,*,#2597,.T.);
#1890=ORIENTED_EDGE('',*,*,#2365,.T.);
#1891=ORIENTED_EDGE('',*,*,#2599,.F.);
#1892=ORIENTED_EDGE('',*,*,#2600,.T.);
#1893=ORIENTED_EDGE('',*,*,#2132,.T.);
#1894=ORIENTED_EDGE('',*,*,#2355,.F.);
#1895=ORIENTED_EDGE('',*,*,#2601,.F.);
#1896=ORIENTED_EDGE('',*,*,#2402,.T.);
#1897=ORIENTED_EDGE('',*,*,#2181,.F.);
#1898=ORIENTED_EDGE('',*,*,#2404,.F.);
#1899=ORIENTED_EDGE('',*,*,#2602,.T.);
#1900=ORIENTED_EDGE('',*,*,#2373,.T.);
#1901=ORIENTED_EDGE('',*,*,#2403,.F.);
#1902=ORIENTED_EDGE('',*,*,#2601,.T.);
#1903=ORIENTED_EDGE('',*,*,#2354,.T.);
#1904=ORIENTED_EDGE('',*,*,#2602,.F.);
#1905=ORIENTED_EDGE('',*,*,#2122,.T.);
#1906=ORIENTED_EDGE('',*,*,#2361,.F.);
#1907=ORIENTED_EDGE('',*,*,#2603,.F.);
#1908=ORIENTED_EDGE('',*,*,#2390,.T.);
#1909=ORIENTED_EDGE('',*,*,#2178,.F.);
#1910=ORIENTED_EDGE('',*,*,#2398,.F.);
#1911=ORIENTED_EDGE('',*,*,#2604,.T.);
#1912=ORIENTED_EDGE('',*,*,#2359,.T.);
#1913=ORIENTED_EDGE('',*,*,#2397,.F.);
#1914=ORIENTED_EDGE('',*,*,#2605,.T.);
#1915=ORIENTED_EDGE('',*,*,#2391,.F.);
#1916=ORIENTED_EDGE('',*,*,#2603,.T.);
#1917=ORIENTED_EDGE('',*,*,#2360,.T.);
#1918=ORIENTED_EDGE('',*,*,#2604,.F.);
#1919=ORIENTED_EDGE('',*,*,#2100,.F.);
#1920=ORIENTED_EDGE('',*,*,#2443,.F.);
#1921=ORIENTED_EDGE('',*,*,#2606,.T.);
#1922=ORIENTED_EDGE('',*,*,#2223,.T.);
#1923=ORIENTED_EDGE('',*,*,#2276,.T.);
#1924=ORIENTED_EDGE('',*,*,#2225,.F.);
#1925=ORIENTED_EDGE('',*,*,#2607,.F.);
#1926=ORIENTED_EDGE('',*,*,#2272,.T.);
#1927=ORIENTED_EDGE('',*,*,#2606,.F.);
#1928=ORIENTED_EDGE('',*,*,#2442,.F.);
#1929=ORIENTED_EDGE('',*,*,#2608,.T.);
#1930=ORIENTED_EDGE('',*,*,#2273,.T.);
#1931=ORIENTED_EDGE('',*,*,#2607,.T.);
#1932=ORIENTED_EDGE('',*,*,#2224,.F.);
#1933=ORIENTED_EDGE('',*,*,#2495,.F.);
#1934=ORIENTED_EDGE('',*,*,#2277,.F.);
#1935=ORIENTED_EDGE('',*,*,#2278,.F.);
#1936=ORIENTED_EDGE('',*,*,#2497,.F.);
#1937=ORIENTED_EDGE('',*,*,#2609,.F.);
#1938=ORIENTED_EDGE('',*,*,#2376,.F.);
#1939=ORIENTED_EDGE('',*,*,#2118,.F.);
#1940=ORIENTED_EDGE('',*,*,#2384,.F.);
#1941=ORIENTED_EDGE('',*,*,#2526,.F.);
#1942=ORIENTED_EDGE('',*,*,#2609,.T.);
#1943=ORIENTED_EDGE('',*,*,#2610,.F.);
#1944=ORIENTED_EDGE('',*,*,#2316,.F.);
#1945=ORIENTED_EDGE('',*,*,#2516,.F.);
#1946=ORIENTED_EDGE('',*,*,#2610,.T.);
#1947=ORIENTED_EDGE('',*,*,#2383,.F.);
#1948=ORIENTED_EDGE('',*,*,#2104,.F.);
#1949=ORIENTED_EDGE('',*,*,#2348,.F.);
#1950=ORIENTED_EDGE('',*,*,#2611,.F.);
#1951=ORIENTED_EDGE('',*,*,#2343,.F.);
#1952=ORIENTED_EDGE('',*,*,#2611,.T.);
#1953=ORIENTED_EDGE('',*,*,#2517,.F.);
#1954=ORIENTED_EDGE('',*,*,#2612,.F.);
#1955=ORIENTED_EDGE('',*,*,#2612,.T.);
#1956=ORIENTED_EDGE('',*,*,#2498,.F.);
#1957=ORIENTED_EDGE('',*,*,#2320,.F.);
#1958=ORIENTED_EDGE('',*,*,#2344,.F.);
#1959=ORIENTED_EDGE('',*,*,#2613,.F.);
#1960=ORIENTED_EDGE('',*,*,#2614,.T.);
#1961=ORIENTED_EDGE('',*,*,#2340,.F.);
#1962=ORIENTED_EDGE('',*,*,#2447,.F.);
#1963=ORIENTED_EDGE('',*,*,#2334,.F.);
#1964=ORIENTED_EDGE('',*,*,#2108,.F.);
#1965=ORIENTED_EDGE('',*,*,#2446,.F.);
#1966=ORIENTED_EDGE('',*,*,#2331,.F.);
#1967=ORIENTED_EDGE('',*,*,#2110,.F.);
#1968=ORIENTED_EDGE('',*,*,#2336,.F.);
#1969=ORIENTED_EDGE('',*,*,#2449,.F.);
#1970=ORIENTED_EDGE('',*,*,#2330,.F.);
#1971=ORIENTED_EDGE('',*,*,#2112,.F.);
#1972=ORIENTED_EDGE('',*,*,#2333,.F.);
#1973=ORIENTED_EDGE('',*,*,#2486,.F.);
#1974=ORIENTED_EDGE('',*,*,#2412,.F.);
#1975=ORIENTED_EDGE('',*,*,#2190,.F.);
#1976=ORIENTED_EDGE('',*,*,#2564,.F.);
#1977=ORIENTED_EDGE('',*,*,#2566,.F.);
#1978=ORIENTED_EDGE('',*,*,#2256,.F.);
#1979=ORIENTED_EDGE('',*,*,#2493,.F.);
#1980=ORIENTED_EDGE('',*,*,#2394,.F.);
#1981=ORIENTED_EDGE('',*,*,#2600,.F.);
#1982=ORIENTED_EDGE('',*,*,#2598,.F.);
#1983=ORIENTED_EDGE('',*,*,#2200,.F.);
#1984=ORIENTED_EDGE('',*,*,#2414,.F.);
#1985=ORIENTED_EDGE('',*,*,#2492,.F.);
#1986=ORIENTED_EDGE('',*,*,#2392,.F.);
#1987=ORIENTED_EDGE('',*,*,#2605,.F.);
#1988=ORIENTED_EDGE('',*,*,#2396,.F.);
#1989=ORIENTED_EDGE('',*,*,#2095,.F.);
#1990=ORIENTED_EDGE('',*,*,#2615,.T.);
#1991=ORIENTED_EDGE('',*,*,#2490,.F.);
#1992=ORIENTED_EDGE('',*,*,#2385,.F.);
#1993=ORIENTED_EDGE('',*,*,#2489,.F.);
#1994=ORIENTED_EDGE('',*,*,#2616,.T.);
#1995=ORIENTED_EDGE('',*,*,#2097,.F.);
#1996=ORIENTED_EDGE('',*,*,#2387,.F.);
#1997=ORIENTED_EDGE('',*,*,#2487,.F.);
#1998=ORIENTED_EDGE('',*,*,#2274,.F.);
#1999=ORIENTED_EDGE('',*,*,#2608,.F.);
#2000=ORIENTED_EDGE('',*,*,#2441,.F.);
#2001=ORIENTED_EDGE('',*,*,#2496,.T.);
#2002=ORIENTED_EDGE('',*,*,#2617,.F.);
#2003=ORIENTED_EDGE('',*,*,#2617,.T.);
#2004=ORIENTED_EDGE('',*,*,#2092,.T.);
#2005=ORIENTED_EDGE('',*,*,#2618,.T.);
#2006=ORIENTED_EDGE('',*,*,#2494,.F.);
#2007=ORIENTED_EDGE('',*,*,#2618,.F.);
#2008=ORIENTED_EDGE('',*,*,#2091,.F.);
#2009=ORIENTED_EDGE('',*,*,#2619,.T.);
#2010=ORIENTED_EDGE('',*,*,#2620,.T.);
#2011=ORIENTED_EDGE('',*,*,#2621,.F.);
#2012=ORIENTED_EDGE('',*,*,#2622,.T.);
#2013=ORIENTED_EDGE('',*,*,#2083,.T.);
#2014=ORIENTED_EDGE('',*,*,#2623,.F.);
#2015=ORIENTED_EDGE('',*,*,#2620,.F.);
#2016=ORIENTED_EDGE('',*,*,#2624,.T.);
#2017=ORIENTED_EDGE('',*,*,#2086,.F.);
#2018=ORIENTED_EDGE('',*,*,#2625,.F.);
#2019=ORIENTED_EDGE('',*,*,#2621,.T.);
#2020=ORIENTED_EDGE('',*,*,#2623,.T.);
#2021=ORIENTED_EDGE('',*,*,#2085,.T.);
#2022=ORIENTED_EDGE('',*,*,#2626,.F.);
#2023=ORIENTED_EDGE('',*,*,#2622,.F.);
#2024=ORIENTED_EDGE('',*,*,#2625,.T.);
#2025=ORIENTED_EDGE('',*,*,#2084,.T.);
#2026=ORIENTED_EDGE('',*,*,#2624,.F.);
#2027=ORIENTED_EDGE('',*,*,#2619,.F.);
#2028=ORIENTED_EDGE('',*,*,#2626,.T.);
#2029=ORIENTED_EDGE('',*,*,#2088,.T.);
#2030=ORIENTED_EDGE('',*,*,#2627,.F.);
#2031=ORIENTED_EDGE('',*,*,#2628,.F.);
#2032=ORIENTED_EDGE('',*,*,#2629,.T.);
#2033=ORIENTED_EDGE('',*,*,#2089,.T.);
#2034=ORIENTED_EDGE('',*,*,#2629,.F.);
#2035=ORIENTED_EDGE('',*,*,#2630,.F.);
#2036=ORIENTED_EDGE('',*,*,#2631,.T.);
#2037=ORIENTED_EDGE('',*,*,#2090,.F.);
#2038=ORIENTED_EDGE('',*,*,#2631,.F.);
#2039=ORIENTED_EDGE('',*,*,#2632,.T.);
#2040=ORIENTED_EDGE('',*,*,#2633,.T.);
#2041=ORIENTED_EDGE('',*,*,#2087,.T.);
#2042=ORIENTED_EDGE('',*,*,#2633,.F.);
#2043=ORIENTED_EDGE('',*,*,#2634,.F.);
#2044=ORIENTED_EDGE('',*,*,#2627,.T.);
#2045=ORIENTED_EDGE('',*,*,#2628,.T.);
#2046=ORIENTED_EDGE('',*,*,#2634,.T.);
#2047=ORIENTED_EDGE('',*,*,#2632,.F.);
#2048=ORIENTED_EDGE('',*,*,#2630,.T.);
#2049=ORIENTED_EDGE('',*,*,#2635,.F.);
#2050=ORIENTED_EDGE('',*,*,#2636,.T.);
#2051=ORIENTED_EDGE('',*,*,#2613,.T.);
#2052=ORIENTED_EDGE('',*,*,#2107,.T.);
#2053=ORIENTED_EDGE('',*,*,#2342,.F.);
#2054=ORIENTED_EDGE('',*,*,#2637,.T.);
#2055=ORIENTED_EDGE('',*,*,#2635,.T.);
#2056=ORIENTED_EDGE('',*,*,#2106,.F.);
#2057=ORIENTED_EDGE('',*,*,#2638,.F.);
#2058=ORIENTED_EDGE('',*,*,#2639,.T.);
#2059=ORIENTED_EDGE('',*,*,#2378,.T.);
#2060=ORIENTED_EDGE('',*,*,#2116,.T.);
#2061=ORIENTED_EDGE('',*,*,#2125,.F.);
#2062=ORIENTED_EDGE('',*,*,#2640,.T.);
#2063=ORIENTED_EDGE('',*,*,#2638,.T.);
#2064=ORIENTED_EDGE('',*,*,#2115,.F.);
#2065=ORIENTED_EDGE('',*,*,#2341,.F.);
#2066=ORIENTED_EDGE('',*,*,#2337,.T.);
#2067=ORIENTED_EDGE('',*,*,#2614,.F.);
#2068=ORIENTED_EDGE('',*,*,#2636,.F.);
#2069=ORIENTED_EDGE('',*,*,#2637,.F.);
#2070=ORIENTED_EDGE('',*,*,#2379,.F.);
#2071=ORIENTED_EDGE('',*,*,#2639,.F.);
#2072=ORIENTED_EDGE('',*,*,#2640,.F.);
#2073=ORIENTED_EDGE('',*,*,#2124,.F.);
#2074=ORIENTED_EDGE('',*,*,#2444,.F.);
#2075=ORIENTED_EDGE('',*,*,#2491,.F.);
#2076=ORIENTED_EDGE('',*,*,#2615,.F.);
#2077=ORIENTED_EDGE('',*,*,#2094,.F.);
#2078=ORIENTED_EDGE('',*,*,#2389,.F.);
#2079=ORIENTED_EDGE('',*,*,#2488,.F.);
#2080=ORIENTED_EDGE('',*,*,#2439,.F.);
#2081=ORIENTED_EDGE('',*,*,#2098,.F.);
#2082=ORIENTED_EDGE('',*,*,#2616,.F.);
#2083=EDGE_CURVE('',#2641,#2642,#3009,.F.);
#2084=EDGE_CURVE('',#2643,#2641,#83,.T.);
#2085=EDGE_CURVE('',#2644,#2643,#3010,.F.);
#2086=EDGE_CURVE('',#2644,#2642,#84,.F.);
#2087=EDGE_CURVE('',#2645,#2646,#3011,.F.);
#2088=EDGE_CURVE('',#2647,#2645,#85,.T.);
#2089=EDGE_CURVE('',#2648,#2647,#3012,.F.);
#2090=EDGE_CURVE('',#2648,#2646,#86,.F.);
#2091=EDGE_CURVE('',#2649,#2649,#3013,.T.);
#2092=EDGE_CURVE('',#2650,#2650,#3014,.F.);
#2093=EDGE_CURVE('',#2651,#2652,#87,.T.);
#2094=EDGE_CURVE('',#2651,#2653,#3015,.F.);
#2095=EDGE_CURVE('',#2653,#2654,#3016,.T.);
#2096=EDGE_CURVE('',#2654,#2655,#88,.T.);
#2097=EDGE_CURVE('',#2655,#2656,#3017,.T.);
#2098=EDGE_CURVE('',#2656,#2657,#3018,.F.);
#2099=EDGE_CURVE('',#2657,#2658,#89,.T.);
#2100=EDGE_CURVE('',#2658,#2659,#90,.T.);
#2101=EDGE_CURVE('',#2659,#2660,#91,.T.);
#2102=EDGE_CURVE('',#2661,#2660,#3019,.T.);
#2103=EDGE_CURVE('',#2661,#2662,#92,.T.);
#2104=EDGE_CURVE('',#2662,#2663,#3020,.F.);
#2105=EDGE_CURVE('',#2663,#2664,#93,.T.);
#2106=EDGE_CURVE('',#2664,#2665,#94,.T.);
#2107=EDGE_CURVE('',#2666,#2665,#95,.T.);
#2108=EDGE_CURVE('',#2666,#2667,#3021,.F.);
#2109=EDGE_CURVE('',#2667,#2668,#96,.T.);
#2110=EDGE_CURVE('',#2668,#2669,#3022,.T.);
#2111=EDGE_CURVE('',#2670,#2669,#97,.T.);
#2112=EDGE_CURVE('',#2670,#2671,#3023,.T.);
#2113=EDGE_CURVE('',#2672,#2671,#98,.T.);
#2114=EDGE_CURVE('',#2672,#2673,#3024,.F.);
#2115=EDGE_CURVE('',#2673,#2674,#99,.T.);
#2116=EDGE_CURVE('',#2675,#2674,#100,.T.);
#2117=EDGE_CURVE('',#2676,#2675,#101,.T.);
#2118=EDGE_CURVE('',#2676,#2677,#3025,.F.);
#2119=EDGE_CURVE('',#2678,#2677,#102,.T.);
#2120=EDGE_CURVE('',#2679,#2678,#3026,.T.);
#2121=EDGE_CURVE('',#2680,#2679,#103,.T.);
#2122=EDGE_CURVE('',#2652,#2680,#104,.T.);
#2123=EDGE_CURVE('',#2681,#2682,#105,.F.);
#2124=EDGE_CURVE('',#2681,#2683,#34,.T.);
#2125=EDGE_CURVE('',#2683,#2673,#106,.T.);
#2126=EDGE_CURVE('',#2684,#2672,#107,.T.);
#2127=EDGE_CURVE('',#2682,#2684,#3027,.T.);
#2128=EDGE_CURVE('',#2685,#2686,#108,.T.);
#2129=EDGE_CURVE('',#2687,#2685,#109,.T.);
#2130=EDGE_CURVE('',#2687,#2688,#110,.T.);
#2131=EDGE_CURVE('',#2688,#2686,#111,.T.);
#2132=EDGE_CURVE('',#2689,#2690,#112,.T.);
#2133=EDGE_CURVE('',#2691,#2689,#113,.T.);
#2134=EDGE_CURVE('',#2691,#2692,#114,.T.);
#2135=EDGE_CURVE('',#2690,#2692,#115,.T.);
#2136=EDGE_CURVE('',#2693,#2694,#116,.T.);
#2137=EDGE_CURVE('',#2695,#2693,#117,.T.);
#2138=EDGE_CURVE('',#2695,#2696,#118,.T.);
#2139=EDGE_CURVE('',#2694,#2696,#119,.T.);
#2140=EDGE_CURVE('',#2697,#2698,#120,.T.);
#2141=EDGE_CURVE('',#2699,#2697,#121,.T.);
#2142=EDGE_CURVE('',#2699,#2700,#122,.T.);
#2143=EDGE_CURVE('',#2698,#2700,#123,.T.);
#2144=EDGE_CURVE('',#2701,#2702,#124,.T.);
#2145=EDGE_CURVE('',#2703,#2701,#125,.T.);
#2146=EDGE_CURVE('',#2703,#2704,#126,.T.);
#2147=EDGE_CURVE('',#2704,#2702,#127,.T.);
#2148=EDGE_CURVE('',#2705,#2706,#128,.T.);
#2149=EDGE_CURVE('',#2707,#2705,#129,.T.);
#2150=EDGE_CURVE('',#2707,#2708,#130,.T.);
#2151=EDGE_CURVE('',#2708,#2706,#131,.T.);
#2152=EDGE_CURVE('',#2709,#2710,#132,.T.);
#2153=EDGE_CURVE('',#2711,#2709,#133,.T.);
#2154=EDGE_CURVE('',#2711,#2712,#134,.T.);
#2155=EDGE_CURVE('',#2712,#2710,#135,.T.);
#2156=EDGE_CURVE('',#2713,#2714,#136,.T.);
#2157=EDGE_CURVE('',#2715,#2713,#137,.T.);
#2158=EDGE_CURVE('',#2715,#2716,#138,.T.);
#2159=EDGE_CURVE('',#2716,#2714,#139,.T.);
#2160=EDGE_CURVE('',#2717,#2718,#140,.T.);
#2161=EDGE_CURVE('',#2717,#2719,#141,.T.);
#2162=EDGE_CURVE('',#2719,#2720,#142,.T.);
#2163=EDGE_CURVE('',#2720,#2718,#143,.T.);
#2164=EDGE_CURVE('',#2721,#2722,#144,.T.);
#2165=EDGE_CURVE('',#2721,#2723,#145,.T.);
#2166=EDGE_CURVE('',#2723,#2724,#146,.T.);
#2167=EDGE_CURVE('',#2724,#2722,#147,.T.);
#2168=EDGE_CURVE('',#2725,#2726,#148,.T.);
#2169=EDGE_CURVE('',#2725,#2727,#149,.T.);
#2170=EDGE_CURVE('',#2727,#2728,#150,.T.);
#2171=EDGE_CURVE('',#2728,#2726,#151,.T.);
#2172=EDGE_CURVE('',#2729,#2730,#152,.T.);
#2173=EDGE_CURVE('',#2729,#2731,#153,.T.);
#2174=EDGE_CURVE('',#2731,#2732,#154,.T.);
#2175=EDGE_CURVE('',#2732,#2730,#155,.T.);
#2176=EDGE_CURVE('',#2733,#2734,#156,.T.);
#2177=EDGE_CURVE('',#2735,#2733,#157,.T.);
#2178=EDGE_CURVE('',#2735,#2736,#158,.T.);
#2179=EDGE_CURVE('',#2734,#2736,#159,.T.);
#2180=EDGE_CURVE('',#2737,#2738,#160,.T.);
#2181=EDGE_CURVE('',#2737,#2739,#161,.T.);
#2182=EDGE_CURVE('',#2740,#2739,#162,.T.);
#2183=EDGE_CURVE('',#2738,#2740,#163,.T.);
#2184=EDGE_CURVE('',#2741,#2742,#164,.T.);
#2185=EDGE_CURVE('',#2741,#2743,#165,.T.);
#2186=EDGE_CURVE('',#2743,#2744,#166,.T.);
#2187=EDGE_CURVE('',#2745,#2744,#3028,.T.);
#2188=EDGE_CURVE('',#2745,#2746,#167,.T.);
#2189=EDGE_CURVE('',#2747,#2746,#168,.T.);
#2190=EDGE_CURVE('',#2747,#2742,#3029,.T.);
#2191=EDGE_CURVE('',#2748,#2749,#169,.T.);
#2192=EDGE_CURVE('',#2750,#2748,#170,.T.);
#2193=EDGE_CURVE('',#2750,#2751,#171,.T.);
#2194=EDGE_CURVE('',#2751,#2749,#172,.T.);
#2195=EDGE_CURVE('',#2752,#2753,#173,.T.);
#2196=EDGE_CURVE('',#2754,#2752,#174,.T.);
#2197=EDGE_CURVE('',#2754,#2755,#175,.T.);
#2198=EDGE_CURVE('',#2755,#2753,#176,.T.);
#2199=EDGE_CURVE('',#2756,#2757,#177,.T.);
#2200=EDGE_CURVE('',#2756,#2758,#3030,.T.);
#2201=EDGE_CURVE('',#2758,#2759,#178,.T.);
#2202=EDGE_CURVE('',#2760,#2759,#179,.T.);
#2203=EDGE_CURVE('',#2761,#2760,#3031,.T.);
#2204=EDGE_CURVE('',#2761,#2762,#180,.T.);
#2205=EDGE_CURVE('',#2757,#2762,#181,.T.);
#2206=EDGE_CURVE('',#2763,#2764,#182,.T.);
#2207=EDGE_CURVE('',#2764,#2718,#183,.T.);
#2208=EDGE_CURVE('',#2765,#2720,#184,.T.);
#2209=EDGE_CURVE('',#2765,#2766,#185,.T.);
#2210=EDGE_CURVE('',#2766,#2722,#186,.T.);
#2211=EDGE_CURVE('',#2767,#2724,#187,.T.);
#2212=EDGE_CURVE('',#2767,#2768,#188,.T.);
#2213=EDGE_CURVE('',#2768,#2726,#189,.T.);
#2214=EDGE_CURVE('',#2769,#2728,#190,.T.);
#2215=EDGE_CURVE('',#2769,#2770,#191,.T.);
#2216=EDGE_CURVE('',#2770,#2730,#192,.T.);
#2217=EDGE_CURVE('',#2771,#2732,#193,.T.);
#2218=EDGE_CURVE('',#2771,#2772,#194,.T.);
#2219=EDGE_CURVE('',#2772,#2746,#195,.T.);
#2220=EDGE_CURVE('',#2773,#2745,#196,.T.);
#2221=EDGE_CURVE('',#2773,#2774,#197,.F.);
#2222=EDGE_CURVE('',#2774,#2660,#198,.T.);
#2223=EDGE_CURVE('',#2775,#2659,#199,.T.);
#2224=EDGE_CURVE('',#2775,#2776,#200,.T.);
#2225=EDGE_CURVE('',#2776,#2777,#201,.T.);
#2226=EDGE_CURVE('',#2778,#2777,#202,.T.);
#2227=EDGE_CURVE('',#2763,#2778,#203,.T.);
#2228=EDGE_CURVE('',#2779,#2780,#204,.T.);
#2229=EDGE_CURVE('',#2780,#2686,#205,.T.);
#2230=EDGE_CURVE('',#2781,#2688,#206,.T.);
#2231=EDGE_CURVE('',#2781,#2782,#207,.T.);
#2232=EDGE_CURVE('',#2782,#2702,#208,.T.);
#2233=EDGE_CURVE('',#2783,#2704,#209,.T.);
#2234=EDGE_CURVE('',#2783,#2784,#210,.T.);
#2235=EDGE_CURVE('',#2784,#2706,#211,.T.);
#2236=EDGE_CURVE('',#2785,#2708,#212,.T.);
#2237=EDGE_CURVE('',#2785,#2786,#213,.T.);
#2238=EDGE_CURVE('',#2786,#2710,#214,.T.);
#2239=EDGE_CURVE('',#2787,#2712,#215,.T.);
#2240=EDGE_CURVE('',#2787,#2788,#216,.T.);
#2241=EDGE_CURVE('',#2788,#2714,#217,.T.);
#2242=EDGE_CURVE('',#2789,#2716,#218,.T.);
#2243=EDGE_CURVE('',#2789,#2790,#219,.T.);
#2244=EDGE_CURVE('',#2790,#2749,#220,.T.);
#2245=EDGE_CURVE('',#2791,#2751,#221,.T.);
#2246=EDGE_CURVE('',#2791,#2792,#222,.T.);
#2247=EDGE_CURVE('',#2792,#2753,#223,.T.);
#2248=EDGE_CURVE('',#2793,#2755,#224,.T.);
#2249=EDGE_CURVE('',#2793,#2794,#225,.T.);
#2250=EDGE_CURVE('',#2794,#2762,#226,.T.);
#2251=EDGE_CURVE('',#2795,#2761,#227,.T.);
#2252=EDGE_CURVE('',#2795,#2796,#228,.F.);
#2253=EDGE_CURVE('',#2796,#2744,#229,.T.);
#2254=EDGE_CURVE('',#2779,#2743,#230,.T.);
#2255=EDGE_CURVE('',#2797,#2798,#231,.T.);
#2256=EDGE_CURVE('',#2798,#2799,#232,.T.);
#2257=EDGE_CURVE('',#2800,#2799,#233,.T.);
#2258=EDGE_CURVE('',#2800,#2731,#234,.T.);
#2259=EDGE_CURVE('',#2801,#2729,#235,.T.);
#2260=EDGE_CURVE('',#2802,#2801,#236,.T.);
#2261=EDGE_CURVE('',#2802,#2727,#237,.T.);
#2262=EDGE_CURVE('',#2803,#2725,#238,.T.);
#2263=EDGE_CURVE('',#2804,#2803,#239,.T.);
#2264=EDGE_CURVE('',#2804,#2723,#240,.T.);
#2265=EDGE_CURVE('',#2805,#2721,#241,.T.);
#2266=EDGE_CURVE('',#2806,#2805,#242,.T.);
#2267=EDGE_CURVE('',#2806,#2719,#243,.T.);
#2268=EDGE_CURVE('',#2807,#2717,#244,.T.);
#2269=EDGE_CURVE('',#2808,#2807,#245,.T.);
#2270=EDGE_CURVE('',#2808,#2809,#246,.T.);
#2271=EDGE_CURVE('',#2810,#2809,#247,.T.);
#2272=EDGE_CURVE('',#2811,#2810,#248,.T.);
#2273=EDGE_CURVE('',#2812,#2811,#249,.T.);
#2274=EDGE_CURVE('',#2812,#2797,#250,.F.);
#2275=EDGE_CURVE('',#2809,#2778,#251,.T.);
#2276=EDGE_CURVE('',#2810,#2777,#252,.T.);
#2277=EDGE_CURVE('',#2813,#2813,#3032,.F.);
#2278=EDGE_CURVE('',#2814,#2814,#3033,.F.);
#2279=EDGE_CURVE('',#2815,#2816,#3034,.T.);
#2280=EDGE_CURVE('',#2817,#2815,#253,.T.);
#2281=EDGE_CURVE('',#2818,#2817,#3035,.T.);
#2282=EDGE_CURVE('',#2818,#2816,#254,.T.);
#2283=EDGE_CURVE('',#2819,#2820,#3036,.T.);
#2284=EDGE_CURVE('',#2821,#2819,#255,.T.);
#2285=EDGE_CURVE('',#2822,#2821,#3037,.T.);
#2286=EDGE_CURVE('',#2822,#2820,#256,.T.);
#2287=EDGE_CURVE('',#2823,#2824,#3038,.T.);
#2288=EDGE_CURVE('',#2825,#2823,#257,.T.);
#2289=EDGE_CURVE('',#2826,#2825,#3039,.T.);
#2290=EDGE_CURVE('',#2826,#2824,#258,.T.);
#2291=EDGE_CURVE('',#2827,#2828,#3040,.T.);
#2292=EDGE_CURVE('',#2829,#2827,#259,.T.);
#2293=EDGE_CURVE('',#2830,#2829,#3041,.T.);
#2294=EDGE_CURVE('',#2830,#2828,#260,.T.);
#2295=EDGE_CURVE('',#2831,#2832,#3042,.T.);
#2296=EDGE_CURVE('',#2833,#2831,#261,.T.);
#2297=EDGE_CURVE('',#2834,#2833,#3043,.T.);
#2298=EDGE_CURVE('',#2834,#2832,#262,.T.);
#2299=EDGE_CURVE('',#2835,#2836,#3044,.T.);
#2300=EDGE_CURVE('',#2837,#2835,#263,.T.);
#2301=EDGE_CURVE('',#2838,#2837,#3045,.T.);
#2302=EDGE_CURVE('',#2838,#2836,#264,.T.);
#2303=EDGE_CURVE('',#2839,#2840,#3046,.T.);
#2304=EDGE_CURVE('',#2841,#2839,#265,.T.);
#2305=EDGE_CURVE('',#2842,#2841,#3047,.T.);
#2306=EDGE_CURVE('',#2842,#2840,#266,.T.);
#2307=EDGE_CURVE('',#2843,#2844,#3048,.T.);
#2308=EDGE_CURVE('',#2845,#2843,#267,.T.);
#2309=EDGE_CURVE('',#2846,#2845,#3049,.T.);
#2310=EDGE_CURVE('',#2846,#2844,#268,.T.);
#2311=EDGE_CURVE('',#2847,#2848,#3050,.T.);
#2312=EDGE_CURVE('',#2849,#2847,#269,.T.);
#2313=EDGE_CURVE('',#2850,#2849,#3051,.T.);
#2314=EDGE_CURVE('',#2850,#2848,#270,.T.);
#2315=EDGE_CURVE('',#2851,#2852,#271,.T.);
#2316=EDGE_CURVE('',#2852,#2853,#35,.T.);
#2317=EDGE_CURVE('',#2853,#2854,#272,.T.);
#2318=EDGE_CURVE('',#2854,#2855,#273,.T.);
#2319=EDGE_CURVE('',#2855,#2856,#274,.T.);
#2320=EDGE_CURVE('',#2856,#2857,#36,.T.);
#2321=EDGE_CURVE('',#2857,#2858,#275,.T.);
#2322=EDGE_CURVE('',#2858,#2859,#3052,.T.);
#2323=EDGE_CURVE('',#2859,#2860,#276,.T.);
#2324=EDGE_CURVE('',#2860,#2861,#3053,.T.);
#2325=EDGE_CURVE('',#2861,#2862,#277,.T.);
#2326=EDGE_CURVE('',#2862,#2863,#3054,.T.);
#2327=EDGE_CURVE('',#2863,#2864,#278,.T.);
#2328=EDGE_CURVE('',#2864,#2851,#3055,.T.);
#2329=EDGE_CURVE('',#2684,#2865,#279,.T.);
#2330=EDGE_CURVE('',#2671,#2865,#280,.F.);
#2331=EDGE_CURVE('',#2669,#2866,#281,.F.);
#2332=EDGE_CURVE('',#2867,#2866,#282,.T.);
#2333=EDGE_CURVE('',#2867,#2670,#283,.T.);
#2334=EDGE_CURVE('',#2667,#2868,#284,.F.);
#2335=EDGE_CURVE('',#2868,#2869,#285,.T.);
#2336=EDGE_CURVE('',#2869,#2668,#286,.T.);
#2337=EDGE_CURVE('',#2870,#2871,#287,.T.);
#2338=EDGE_CURVE('',#2872,#2870,#288,.T.);
#2339=EDGE_CURVE('',#2872,#2873,#289,.T.);
#2340=EDGE_CURVE('',#2873,#2871,#290,.T.);
#2341=EDGE_CURVE('',#2870,#2874,#291,.F.);
#2342=EDGE_CURVE('',#2874,#2664,#292,.T.);
#2343=EDGE_CURVE('',#2663,#2875,#293,.F.);
#2344=EDGE_CURVE('',#2875,#2856,#294,.F.);
#2345=EDGE_CURVE('',#2855,#2876,#295,.T.);
#2346=EDGE_CURVE('',#2876,#2872,#296,.T.);
#2347=EDGE_CURVE('',#2877,#2878,#297,.F.);
#2348=EDGE_CURVE('',#2878,#2662,#298,.T.);
#2349=EDGE_CURVE('',#2877,#2661,#299,.T.);
#2350=EDGE_CURVE('',#2774,#2877,#3056,.F.);
#2351=EDGE_CURVE('',#2796,#2773,#3057,.F.);
#2352=EDGE_CURVE('',#2879,#2760,#300,.T.);
#2353=EDGE_CURVE('',#2879,#2795,#3058,.F.);
#2354=EDGE_CURVE('',#2880,#2881,#301,.T.);
#2355=EDGE_CURVE('',#2880,#2690,#302,.T.);
#2356=EDGE_CURVE('',#2882,#2692,#303,.T.);
#2357=EDGE_CURVE('',#2883,#2882,#304,.T.);
#2358=EDGE_CURVE('',#2883,#2734,#305,.T.);
#2359=EDGE_CURVE('',#2884,#2736,#306,.T.);
#2360=EDGE_CURVE('',#2885,#2884,#307,.T.);
#2361=EDGE_CURVE('',#2885,#2680,#308,.T.);
#2362=EDGE_CURVE('',#2886,#2679,#309,.T.);
#2363=EDGE_CURVE('',#2886,#2879,#310,.T.);
#2364=EDGE_CURVE('',#2887,#2759,#311,.T.);
#2365=EDGE_CURVE('',#2888,#2887,#312,.T.);
#2366=EDGE_CURVE('',#2888,#2694,#313,.T.);
#2367=EDGE_CURVE('',#2889,#2696,#314,.T.);
#2368=EDGE_CURVE('',#2890,#2889,#315,.T.);
#2369=EDGE_CURVE('',#2890,#2698,#316,.T.);
#2370=EDGE_CURVE('',#2891,#2700,#317,.T.);
#2371=EDGE_CURVE('',#2892,#2891,#318,.T.);
#2372=EDGE_CURVE('',#2892,#2740,#319,.T.);
#2373=EDGE_CURVE('',#2881,#2739,#320,.T.);
#2374=EDGE_CURVE('',#2893,#2678,#321,.T.);
#2375=EDGE_CURVE('',#2893,#2886,#3059,.F.);
#2376=EDGE_CURVE('',#2677,#2894,#322,.F.);
#2377=EDGE_CURVE('',#2894,#2893,#323,.T.);
#2378=EDGE_CURVE('',#2895,#2675,#324,.T.);
#2379=EDGE_CURVE('',#2895,#2896,#325,.T.);
#2380=EDGE_CURVE('',#2897,#2896,#326,.T.);
#2381=EDGE_CURVE('',#2898,#2897,#327,.T.);
#2382=EDGE_CURVE('',#2854,#2898,#328,.T.);
#2383=EDGE_CURVE('',#2853,#2899,#329,.T.);
#2384=EDGE_CURVE('',#2899,#2676,#330,.T.);
#2385=EDGE_CURVE('',#2654,#2900,#331,.F.);
#2386=EDGE_CURVE('',#2900,#2901,#332,.T.);
#2387=EDGE_CURVE('',#2901,#2655,#333,.T.);
#2388=EDGE_CURVE('',#2902,#2903,#334,.T.);
#2389=EDGE_CURVE('',#2902,#2651,#335,.T.);
#2390=EDGE_CURVE('',#2904,#2652,#336,.T.);
#2391=EDGE_CURVE('',#2904,#2905,#337,.T.);
#2392=EDGE_CURVE('',#2905,#2903,#338,.F.);
#2393=EDGE_CURVE('',#2906,#2907,#339,.T.);
#2394=EDGE_CURVE('',#2907,#2908,#340,.F.);
#2395=EDGE_CURVE('',#2909,#2908,#341,.T.);
#2396=EDGE_CURVE('',#2909,#2910,#342,.T.);
#2397=EDGE_CURVE('',#2910,#2911,#343,.T.);
#2398=EDGE_CURVE('',#2911,#2735,#344,.T.);
#2399=EDGE_CURVE('',#2912,#2733,#345,.T.);
#2400=EDGE_CURVE('',#2912,#2913,#346,.T.);
#2401=EDGE_CURVE('',#2913,#2691,#347,.T.);
#2402=EDGE_CURVE('',#2914,#2689,#348,.T.);
#2403=EDGE_CURVE('',#2914,#2915,#349,.T.);
#2404=EDGE_CURVE('',#2915,#2737,#350,.T.);
#2405=EDGE_CURVE('',#2916,#2738,#351,.T.);
#2406=EDGE_CURVE('',#2916,#2917,#352,.T.);
#2407=EDGE_CURVE('',#2917,#2699,#353,.T.);
#2408=EDGE_CURVE('',#2918,#2697,#354,.T.);
#2409=EDGE_CURVE('',#2918,#2919,#355,.T.);
#2410=EDGE_CURVE('',#2919,#2695,#356,.T.);
#2411=EDGE_CURVE('',#2906,#2693,#357,.T.);
#2412=EDGE_CURVE('',#2742,#2920,#358,.F.);
#2413=EDGE_CURVE('',#2921,#2920,#359,.T.);
#2414=EDGE_CURVE('',#2921,#2756,#360,.T.);
#2415=EDGE_CURVE('',#2922,#2757,#361,.T.);
#2416=EDGE_CURVE('',#2923,#2922,#362,.T.);
#2417=EDGE_CURVE('',#2923,#2754,#363,.T.);
#2418=EDGE_CURVE('',#2924,#2752,#364,.T.);
#2419=EDGE_CURVE('',#2925,#2924,#365,.T.);
#2420=EDGE_CURVE('',#2925,#2750,#366,.T.);
#2421=EDGE_CURVE('',#2926,#2748,#367,.T.);
#2422=EDGE_CURVE('',#2927,#2926,#368,.T.);
#2423=EDGE_CURVE('',#2927,#2715,#369,.T.);
#2424=EDGE_CURVE('',#2928,#2713,#370,.T.);
#2425=EDGE_CURVE('',#2929,#2928,#371,.T.);
#2426=EDGE_CURVE('',#2929,#2711,#372,.T.);
#2427=EDGE_CURVE('',#2930,#2709,#373,.T.);
#2428=EDGE_CURVE('',#2931,#2930,#374,.T.);
#2429=EDGE_CURVE('',#2931,#2707,#375,.T.);
#2430=EDGE_CURVE('',#2932,#2705,#376,.T.);
#2431=EDGE_CURVE('',#2933,#2932,#377,.T.);
#2432=EDGE_CURVE('',#2933,#2703,#378,.T.);
#2433=EDGE_CURVE('',#2934,#2701,#379,.T.);
#2434=EDGE_CURVE('',#2935,#2934,#380,.T.);
#2435=EDGE_CURVE('',#2935,#2687,#381,.T.);
#2436=EDGE_CURVE('',#2936,#2685,#382,.T.);
#2437=EDGE_CURVE('',#2937,#2936,#383,.T.);
#2438=EDGE_CURVE('',#2937,#2741,#384,.T.);
#2439=EDGE_CURVE('',#2657,#2938,#385,.F.);
#2440=EDGE_CURVE('',#2938,#2939,#386,.T.);
#2441=EDGE_CURVE('',#2939,#2940,#387,.T.);
#2442=EDGE_CURVE('',#2940,#2941,#388,.T.);
#2443=EDGE_CURVE('',#2941,#2658,#389,.T.);
#2444=EDGE_CURVE('',#2896,#2681,#390,.T.);
#2445=EDGE_CURVE('',#2897,#2682,#391,.T.);
#2446=EDGE_CURVE('',#2866,#2869,#3060,.F.);
#2447=EDGE_CURVE('',#2868,#2873,#3061,.T.);
#2448=EDGE_CURVE('',#2898,#2876,#392,.T.);
#2449=EDGE_CURVE('',#2865,#2867,#3062,.F.);
#2450=EDGE_CURVE('',#2942,#2943,#3063,.T.);
#2451=EDGE_CURVE('',#2943,#2944,#393,.T.);
#2452=EDGE_CURVE('',#2944,#2945,#3064,.T.);
#2453=EDGE_CURVE('',#2942,#2945,#394,.T.);
#2454=EDGE_CURVE('',#2946,#2947,#3065,.T.);
#2455=EDGE_CURVE('',#2947,#2948,#395,.T.);
#2456=EDGE_CURVE('',#2948,#2949,#3066,.T.);
#2457=EDGE_CURVE('',#2946,#2949,#396,.T.);
#2458=EDGE_CURVE('',#2950,#2951,#3067,.T.);
#2459=EDGE_CURVE('',#2951,#2952,#397,.T.);
#2460=EDGE_CURVE('',#2952,#2953,#3068,.T.);
#2461=EDGE_CURVE('',#2950,#2953,#398,.T.);
#2462=EDGE_CURVE('',#2954,#2955,#3069,.T.);
#2463=EDGE_CURVE('',#2955,#2956,#399,.T.);
#2464=EDGE_CURVE('',#2956,#2957,#3070,.T.);
#2465=EDGE_CURVE('',#2954,#2957,#400,.T.);
#2466=EDGE_CURVE('',#2958,#2959,#3071,.T.);
#2467=EDGE_CURVE('',#2959,#2960,#401,.T.);
#2468=EDGE_CURVE('',#2960,#2961,#3072,.T.);
#2469=EDGE_CURVE('',#2958,#2961,#402,.T.);
#2470=EDGE_CURVE('',#2962,#2963,#3073,.T.);
#2471=EDGE_CURVE('',#2963,#2964,#403,.T.);
#2472=EDGE_CURVE('',#2964,#2965,#3074,.T.);
#2473=EDGE_CURVE('',#2962,#2965,#404,.T.);
#2474=EDGE_CURVE('',#2966,#2967,#3075,.T.);
#2475=EDGE_CURVE('',#2967,#2968,#405,.T.);
#2476=EDGE_CURVE('',#2968,#2969,#3076,.T.);
#2477=EDGE_CURVE('',#2966,#2969,#406,.T.);
#2478=EDGE_CURVE('',#2970,#2971,#3077,.T.);
#2479=EDGE_CURVE('',#2971,#2972,#407,.T.);
#2480=EDGE_CURVE('',#2972,#2973,#3078,.T.);
#2481=EDGE_CURVE('',#2970,#2973,#408,.T.);
#2482=EDGE_CURVE('',#2974,#2975,#3079,.T.);
#2483=EDGE_CURVE('',#2975,#2976,#409,.T.);
#2484=EDGE_CURVE('',#2976,#2977,#3080,.T.);
#2485=EDGE_CURVE('',#2974,#2977,#410,.T.);
#2486=EDGE_CURVE('',#2920,#2798,#3081,.F.);
#2487=EDGE_CURVE('',#2797,#2939,#3082,.F.);
#2488=EDGE_CURVE('',#2938,#2978,#3083,.T.);
#2489=EDGE_CURVE('',#2978,#2901,#3084,.F.);
#2490=EDGE_CURVE('',#2900,#2979,#3085,.F.);
#2491=EDGE_CURVE('',#2979,#2902,#3086,.T.);
#2492=EDGE_CURVE('',#2903,#2909,#3087,.F.);
#2493=EDGE_CURVE('',#2908,#2921,#3088,.F.);
#2494=EDGE_CURVE('',#2980,#2980,#3089,.F.);
#2495=EDGE_CURVE('',#2981,#2981,#3090,.T.);
#2496=EDGE_CURVE('',#2982,#2982,#3091,.T.);
#2497=EDGE_CURVE('',#2983,#2983,#3092,.T.);
#2498=EDGE_CURVE('',#2857,#2984,#411,.F.);
#2499=EDGE_CURVE('',#2984,#2985,#412,.F.);
#2500=EDGE_CURVE('',#2858,#2985,#413,.T.);
#2501=EDGE_CURVE('',#2985,#2986,#3093,.F.);
#2502=EDGE_CURVE('',#2859,#2986,#414,.T.);
#2503=EDGE_CURVE('',#2986,#2987,#415,.F.);
#2504=EDGE_CURVE('',#2860,#2987,#416,.T.);
#2505=EDGE_CURVE('',#2987,#2988,#3094,.F.);
#2506=EDGE_CURVE('',#2861,#2988,#417,.T.);
#2507=EDGE_CURVE('',#2988,#2989,#418,.F.);
#2508=EDGE_CURVE('',#2862,#2989,#419,.T.);
#2509=EDGE_CURVE('',#2989,#2990,#3095,.F.);
#2510=EDGE_CURVE('',#2863,#2990,#420,.T.);
#2511=EDGE_CURVE('',#2990,#2991,#421,.F.);
#2512=EDGE_CURVE('',#2864,#2991,#422,.T.);
#2513=EDGE_CURVE('',#2991,#2992,#3096,.F.);
#2514=EDGE_CURVE('',#2851,#2992,#423,.T.);
#2515=EDGE_CURVE('',#2992,#2993,#424,.F.);
#2516=EDGE_CURVE('',#2993,#2852,#425,.F.);
#2517=EDGE_CURVE('',#2984,#2878,#3097,.T.);
#2518=EDGE_CURVE('',#2985,#2877,#3098,.T.);
#2519=EDGE_CURVE('',#2986,#2774,#3099,.T.);
#2520=EDGE_CURVE('',#2987,#2773,#3100,.T.);
#2521=EDGE_CURVE('',#2988,#2796,#3101,.T.);
#2522=EDGE_CURVE('',#2989,#2795,#3102,.T.);
#2523=EDGE_CURVE('',#2990,#2879,#3103,.T.);
#2524=EDGE_CURVE('',#2991,#2886,#3104,.T.);
#2525=EDGE_CURVE('',#2992,#2893,#3105,.T.);
#2526=EDGE_CURVE('',#2894,#2993,#3106,.F.);
#2527=EDGE_CURVE('',#2847,#2976,#426,.T.);
#2528=EDGE_CURVE('',#2849,#2975,#427,.T.);
#2529=EDGE_CURVE('',#2850,#2974,#428,.T.);
#2530=EDGE_CURVE('',#2848,#2977,#429,.T.);
#2531=EDGE_CURVE('',#2843,#2972,#430,.T.);
#2532=EDGE_CURVE('',#2845,#2971,#431,.T.);
#2533=EDGE_CURVE('',#2846,#2970,#432,.T.);
#2534=EDGE_CURVE('',#2844,#2973,#433,.T.);
#2535=EDGE_CURVE('',#2839,#2968,#434,.T.);
#2536=EDGE_CURVE('',#2841,#2967,#435,.T.);
#2537=EDGE_CURVE('',#2842,#2966,#436,.T.);
#2538=EDGE_CURVE('',#2840,#2969,#437,.T.);
#2539=EDGE_CURVE('',#2835,#2964,#438,.T.);
#2540=EDGE_CURVE('',#2837,#2963,#439,.T.);
#2541=EDGE_CURVE('',#2838,#2962,#440,.T.);
#2542=EDGE_CURVE('',#2836,#2965,#441,.T.);
#2543=EDGE_CURVE('',#2831,#2960,#442,.T.);
#2544=EDGE_CURVE('',#2833,#2959,#443,.T.);
#2545=EDGE_CURVE('',#2834,#2958,#444,.T.);
#2546=EDGE_CURVE('',#2832,#2961,#445,.T.);
#2547=EDGE_CURVE('',#2827,#2956,#446,.T.);
#2548=EDGE_CURVE('',#2829,#2955,#447,.T.);
#2549=EDGE_CURVE('',#2830,#2954,#448,.T.);
#2550=EDGE_CURVE('',#2828,#2957,#449,.T.);
#2551=EDGE_CURVE('',#2823,#2952,#450,.T.);
#2552=EDGE_CURVE('',#2825,#2951,#451,.T.);
#2553=EDGE_CURVE('',#2826,#2950,#452,.T.);
#2554=EDGE_CURVE('',#2824,#2953,#453,.T.);
#2555=EDGE_CURVE('',#2819,#2948,#454,.T.);
#2556=EDGE_CURVE('',#2821,#2947,#455,.T.);
#2557=EDGE_CURVE('',#2822,#2946,#456,.T.);
#2558=EDGE_CURVE('',#2820,#2949,#457,.T.);
#2559=EDGE_CURVE('',#2815,#2944,#458,.T.);
#2560=EDGE_CURVE('',#2817,#2943,#459,.T.);
#2561=EDGE_CURVE('',#2818,#2942,#460,.T.);
#2562=EDGE_CURVE('',#2816,#2945,#461,.T.);
#2563=EDGE_CURVE('',#2994,#2772,#462,.T.);
#2564=EDGE_CURVE('',#2994,#2747,#463,.T.);
#2565=EDGE_CURVE('',#2800,#2771,#464,.T.);
#2566=EDGE_CURVE('',#2799,#2994,#3107,.F.);
#2567=EDGE_CURVE('',#2801,#2770,#465,.T.);
#2568=EDGE_CURVE('',#2802,#2769,#466,.T.);
#2569=EDGE_CURVE('',#2803,#2768,#467,.T.);
#2570=EDGE_CURVE('',#2804,#2767,#468,.T.);
#2571=EDGE_CURVE('',#2805,#2766,#469,.T.);
#2572=EDGE_CURVE('',#2806,#2765,#470,.T.);
#2573=EDGE_CURVE('',#2807,#2764,#471,.T.);
#2574=EDGE_CURVE('',#2808,#2763,#472,.T.);
#2575=EDGE_CURVE('',#2923,#2793,#473,.T.);
#2576=EDGE_CURVE('',#2922,#2794,#474,.T.);
#2577=EDGE_CURVE('',#2925,#2791,#475,.T.);
#2578=EDGE_CURVE('',#2924,#2792,#476,.T.);
#2579=EDGE_CURVE('',#2927,#2789,#477,.T.);
#2580=EDGE_CURVE('',#2926,#2790,#478,.T.);
#2581=EDGE_CURVE('',#2929,#2787,#479,.T.);
#2582=EDGE_CURVE('',#2928,#2788,#480,.T.);
#2583=EDGE_CURVE('',#2931,#2785,#481,.T.);
#2584=EDGE_CURVE('',#2930,#2786,#482,.T.);
#2585=EDGE_CURVE('',#2933,#2783,#483,.T.);
#2586=EDGE_CURVE('',#2932,#2784,#484,.T.);
#2587=EDGE_CURVE('',#2935,#2781,#485,.T.);
#2588=EDGE_CURVE('',#2934,#2782,#486,.T.);
#2589=EDGE_CURVE('',#2937,#2779,#487,.T.);
#2590=EDGE_CURVE('',#2936,#2780,#488,.T.);
#2591=EDGE_CURVE('',#2916,#2892,#489,.T.);
#2592=EDGE_CURVE('',#2917,#2891,#490,.T.);
#2593=EDGE_CURVE('',#2912,#2883,#491,.T.);
#2594=EDGE_CURVE('',#2913,#2882,#492,.T.);
#2595=EDGE_CURVE('',#2919,#2889,#493,.T.);
#2596=EDGE_CURVE('',#2918,#2890,#494,.T.);
#2597=EDGE_CURVE('',#2906,#2888,#495,.T.);
#2598=EDGE_CURVE('',#2758,#2995,#496,.T.);
#2599=EDGE_CURVE('',#2995,#2887,#497,.T.);
#2600=EDGE_CURVE('',#2995,#2907,#3108,.F.);
#2601=EDGE_CURVE('',#2914,#2880,#498,.T.);
#2602=EDGE_CURVE('',#2915,#2881,#499,.T.);
#2603=EDGE_CURVE('',#2904,#2885,#500,.T.);
#2604=EDGE_CURVE('',#2911,#2884,#501,.T.);
#2605=EDGE_CURVE('',#2910,#2905,#3109,.F.);
#2606=EDGE_CURVE('',#2941,#2775,#502,.T.);
#2607=EDGE_CURVE('',#2811,#2776,#503,.T.);
#2608=EDGE_CURVE('',#2940,#2812,#3110,.F.);
#2609=EDGE_CURVE('',#2894,#2899,#3111,.T.);
#2610=EDGE_CURVE('',#2993,#2899,#3112,.T.);
#2611=EDGE_CURVE('',#2875,#2878,#3113,.T.);
#2612=EDGE_CURVE('',#2875,#2984,#3114,.T.);
#2613=EDGE_CURVE('',#2996,#2666,#504,.T.);
#2614=EDGE_CURVE('',#2996,#2871,#37,.F.);
#2615=EDGE_CURVE('',#2653,#2979,#505,.F.);
#2616=EDGE_CURVE('',#2978,#2656,#506,.F.);
#2617=EDGE_CURVE('',#2997,#2997,#3115,.T.);
#2618=EDGE_CURVE('',#2998,#2998,#3116,.F.);
#2619=EDGE_CURVE('',#2999,#3000,#507,.T.);
#2620=EDGE_CURVE('',#3000,#3001,#3117,.F.);
#2621=EDGE_CURVE('',#3002,#3001,#508,.F.);
#2622=EDGE_CURVE('',#3002,#2999,#3118,.F.);
#2623=EDGE_CURVE('',#3001,#2642,#509,.T.);
#2624=EDGE_CURVE('',#3000,#2641,#510,.F.);
#2625=EDGE_CURVE('',#3002,#2644,#511,.F.);
#2626=EDGE_CURVE('',#2999,#2643,#512,.T.);
#2627=EDGE_CURVE('',#3003,#2645,#513,.F.);
#2628=EDGE_CURVE('',#3004,#3003,#514,.T.);
#2629=EDGE_CURVE('',#3004,#2647,#515,.T.);
#2630=EDGE_CURVE('',#3005,#3004,#3119,.F.);
#2631=EDGE_CURVE('',#3005,#2648,#516,.F.);
#2632=EDGE_CURVE('',#3005,#3006,#517,.F.);
#2633=EDGE_CURVE('',#3006,#2646,#518,.T.);
#2634=EDGE_CURVE('',#3003,#3006,#3120,.F.);
#2635=EDGE_CURVE('',#3007,#2665,#519,.T.);
#2636=EDGE_CURVE('',#3007,#2996,#520,.F.);
#2637=EDGE_CURVE('',#2874,#3007,#521,.T.);
#2638=EDGE_CURVE('',#3008,#2674,#522,.T.);
#2639=EDGE_CURVE('',#3008,#2895,#523,.T.);
#2640=EDGE_CURVE('',#2683,#3008,#524,.T.);
#2641=VERTEX_POINT('',#5349);
#2642=VERTEX_POINT('',#5350);
#2643=VERTEX_POINT('',#5352);
#2644=VERTEX_POINT('',#5354);
#2645=VERTEX_POINT('',#5357);
#2646=VERTEX_POINT('',#5358);
#2647=VERTEX_POINT('',#5360);
#2648=VERTEX_POINT('',#5362);
#2649=VERTEX_POINT('',#5365);
#2650=VERTEX_POINT('',#5367);
#2651=VERTEX_POINT('',#5369);
#2652=VERTEX_POINT('',#5370);
#2653=VERTEX_POINT('',#5372);
#2654=VERTEX_POINT('',#5374);
#2655=VERTEX_POINT('',#5376);
#2656=VERTEX_POINT('',#5378);
#2657=VERTEX_POINT('',#5380);
#2658=VERTEX_POINT('',#5382);
#2659=VERTEX_POINT('',#5384);
#2660=VERTEX_POINT('',#5386);
#2661=VERTEX_POINT('',#5388);
#2662=VERTEX_POINT('',#5390);
#2663=VERTEX_POINT('',#5392);
#2664=VERTEX_POINT('',#5394);
#2665=VERTEX_POINT('',#5396);
#2666=VERTEX_POINT('',#5398);
#2667=VERTEX_POINT('',#5400);
#2668=VERTEX_POINT('',#5402);
#2669=VERTEX_POINT('',#5404);
#2670=VERTEX_POINT('',#5406);
#2671=VERTEX_POINT('',#5408);
#2672=VERTEX_POINT('',#5410);
#2673=VERTEX_POINT('',#5412);
#2674=VERTEX_POINT('',#5414);
#2675=VERTEX_POINT('',#5416);
#2676=VERTEX_POINT('',#5418);
#2677=VERTEX_POINT('',#5420);
#2678=VERTEX_POINT('',#5422);
#2679=VERTEX_POINT('',#5424);
#2680=VERTEX_POINT('',#5426);
#2681=VERTEX_POINT('',#5430);
#2682=VERTEX_POINT('',#5431);
#2683=VERTEX_POINT('',#5433);
#2684=VERTEX_POINT('',#5436);
#2685=VERTEX_POINT('',#5440);
#2686=VERTEX_POINT('',#5441);
#2687=VERTEX_POINT('',#5443);
#2688=VERTEX_POINT('',#5445);
#2689=VERTEX_POINT('',#5449);
#2690=VERTEX_POINT('',#5450);
#2691=VERTEX_POINT('',#5452);
#2692=VERTEX_POINT('',#5454);
#2693=VERTEX_POINT('',#5458);
#2694=VERTEX_POINT('',#5459);
#2695=VERTEX_POINT('',#5461);
#2696=VERTEX_POINT('',#5463);
#2697=VERTEX_POINT('',#5467);
#2698=VERTEX_POINT('',#5468);
#2699=VERTEX_POINT('',#5470);
#2700=VERTEX_POINT('',#5472);
#2701=VERTEX_POINT('',#5476);
#2702=VERTEX_POINT('',#5477);
#2703=VERTEX_POINT('',#5479);
#2704=VERTEX_POINT('',#5481);
#2705=VERTEX_POINT('',#5485);
#2706=VERTEX_POINT('',#5486);
#2707=VERTEX_POINT('',#5488);
#2708=VERTEX_POINT('',#5490);
#2709=VERTEX_POINT('',#5494);
#2710=VERTEX_POINT('',#5495);
#2711=VERTEX_POINT('',#5497);
#2712=VERTEX_POINT('',#5499);
#2713=VERTEX_POINT('',#5503);
#2714=VERTEX_POINT('',#5504);
#2715=VERTEX_POINT('',#5506);
#2716=VERTEX_POINT('',#5508);
#2717=VERTEX_POINT('',#5512);
#2718=VERTEX_POINT('',#5513);
#2719=VERTEX_POINT('',#5515);
#2720=VERTEX_POINT('',#5517);
#2721=VERTEX_POINT('',#5521);
#2722=VERTEX_POINT('',#5522);
#2723=VERTEX_POINT('',#5524);
#2724=VERTEX_POINT('',#5526);
#2725=VERTEX_POINT('',#5530);
#2726=VERTEX_POINT('',#5531);
#2727=VERTEX_POINT('',#5533);
#2728=VERTEX_POINT('',#5535);
#2729=VERTEX_POINT('',#5539);
#2730=VERTEX_POINT('',#5540);
#2731=VERTEX_POINT('',#5542);
#2732=VERTEX_POINT('',#5544);
#2733=VERTEX_POINT('',#5548);
#2734=VERTEX_POINT('',#5549);
#2735=VERTEX_POINT('',#5551);
#2736=VERTEX_POINT('',#5553);
#2737=VERTEX_POINT('',#5557);
#2738=VERTEX_POINT('',#5558);
#2739=VERTEX_POINT('',#5560);
#2740=VERTEX_POINT('',#5562);
#2741=VERTEX_POINT('',#5566);
#2742=VERTEX_POINT('',#5567);
#2743=VERTEX_POINT('',#5569);
#2744=VERTEX_POINT('',#5571);
#2745=VERTEX_POINT('',#5573);
#2746=VERTEX_POINT('',#5575);
#2747=VERTEX_POINT('',#5577);
#2748=VERTEX_POINT('',#5581);
#2749=VERTEX_POINT('',#5582);
#2750=VERTEX_POINT('',#5584);
#2751=VERTEX_POINT('',#5586);
#2752=VERTEX_POINT('',#5590);
#2753=VERTEX_POINT('',#5591);
#2754=VERTEX_POINT('',#5593);
#2755=VERTEX_POINT('',#5595);
#2756=VERTEX_POINT('',#5599);
#2757=VERTEX_POINT('',#5600);
#2758=VERTEX_POINT('',#5602);
#2759=VERTEX_POINT('',#5604);
#2760=VERTEX_POINT('',#5606);
#2761=VERTEX_POINT('',#5608);
#2762=VERTEX_POINT('',#5610);
#2763=VERTEX_POINT('',#5614);
#2764=VERTEX_POINT('',#5615);
#2765=VERTEX_POINT('',#5618);
#2766=VERTEX_POINT('',#5620);
#2767=VERTEX_POINT('',#5623);
#2768=VERTEX_POINT('',#5625);
#2769=VERTEX_POINT('',#5628);
#2770=VERTEX_POINT('',#5630);
#2771=VERTEX_POINT('',#5633);
#2772=VERTEX_POINT('',#5635);
#2773=VERTEX_POINT('',#5638);
#2774=VERTEX_POINT('',#5640);
#2775=VERTEX_POINT('',#5643);
#2776=VERTEX_POINT('',#5645);
#2777=VERTEX_POINT('',#5647);
#2778=VERTEX_POINT('',#5649);
#2779=VERTEX_POINT('',#5653);
#2780=VERTEX_POINT('',#5654);
#2781=VERTEX_POINT('',#5657);
#2782=VERTEX_POINT('',#5659);
#2783=VERTEX_POINT('',#5662);
#2784=VERTEX_POINT('',#5664);
#2785=VERTEX_POINT('',#5667);
#2786=VERTEX_POINT('',#5669);
#2787=VERTEX_POINT('',#5672);
#2788=VERTEX_POINT('',#5674);
#2789=VERTEX_POINT('',#5677);
#2790=VERTEX_POINT('',#5679);
#2791=VERTEX_POINT('',#5682);
#2792=VERTEX_POINT('',#5684);
#2793=VERTEX_POINT('',#5687);
#2794=VERTEX_POINT('',#5689);
#2795=VERTEX_POINT('',#5692);
#2796=VERTEX_POINT('',#5694);
#2797=VERTEX_POINT('',#5699);
#2798=VERTEX_POINT('',#5700);
#2799=VERTEX_POINT('',#5702);
#2800=VERTEX_POINT('',#5704);
#2801=VERTEX_POINT('',#5707);
#2802=VERTEX_POINT('',#5709);
#2803=VERTEX_POINT('',#5712);
#2804=VERTEX_POINT('',#5714);
#2805=VERTEX_POINT('',#5717);
#2806=VERTEX_POINT('',#5719);
#2807=VERTEX_POINT('',#5722);
#2808=VERTEX_POINT('',#5724);
#2809=VERTEX_POINT('',#5726);
#2810=VERTEX_POINT('',#5728);
#2811=VERTEX_POINT('',#5730);
#2812=VERTEX_POINT('',#5732);
#2813=VERTEX_POINT('',#5739);
#2814=VERTEX_POINT('',#5741);
#2815=VERTEX_POINT('',#5743);
#2816=VERTEX_POINT('',#5744);
#2817=VERTEX_POINT('',#5746);
#2818=VERTEX_POINT('',#5748);
#2819=VERTEX_POINT('',#5751);
#2820=VERTEX_POINT('',#5752);
#2821=VERTEX_POINT('',#5754);
#2822=VERTEX_POINT('',#5756);
#2823=VERTEX_POINT('',#5759);
#2824=VERTEX_POINT('',#5760);
#2825=VERTEX_POINT('',#5762);
#2826=VERTEX_POINT('',#5764);
#2827=VERTEX_POINT('',#5767);
#2828=VERTEX_POINT('',#5768);
#2829=VERTEX_POINT('',#5770);
#2830=VERTEX_POINT('',#5772);
#2831=VERTEX_POINT('',#5775);
#2832=VERTEX_POINT('',#5776);
#2833=VERTEX_POINT('',#5778);
#2834=VERTEX_POINT('',#5780);
#2835=VERTEX_POINT('',#5783);
#2836=VERTEX_POINT('',#5784);
#2837=VERTEX_POINT('',#5786);
#2838=VERTEX_POINT('',#5788);
#2839=VERTEX_POINT('',#5791);
#2840=VERTEX_POINT('',#5792);
#2841=VERTEX_POINT('',#5794);
#2842=VERTEX_POINT('',#5796);
#2843=VERTEX_POINT('',#5799);
#2844=VERTEX_POINT('',#5800);
#2845=VERTEX_POINT('',#5802);
#2846=VERTEX_POINT('',#5804);
#2847=VERTEX_POINT('',#5807);
#2848=VERTEX_POINT('',#5808);
#2849=VERTEX_POINT('',#5810);
#2850=VERTEX_POINT('',#5812);
#2851=VERTEX_POINT('',#5815);
#2852=VERTEX_POINT('',#5816);
#2853=VERTEX_POINT('',#5818);
#2854=VERTEX_POINT('',#5820);
#2855=VERTEX_POINT('',#5822);
#2856=VERTEX_POINT('',#5824);
#2857=VERTEX_POINT('',#5826);
#2858=VERTEX_POINT('',#5828);
#2859=VERTEX_POINT('',#5830);
#2860=VERTEX_POINT('',#5832);
#2861=VERTEX_POINT('',#5834);
#2862=VERTEX_POINT('',#5836);
#2863=VERTEX_POINT('',#5838);
#2864=VERTEX_POINT('',#5840);
#2865=VERTEX_POINT('',#5844);
#2866=VERTEX_POINT('',#5848);
#2867=VERTEX_POINT('',#5850);
#2868=VERTEX_POINT('',#5854);
#2869=VERTEX_POINT('',#5856);
#2870=VERTEX_POINT('',#5860);
#2871=VERTEX_POINT('',#5861);
#2872=VERTEX_POINT('',#5863);
#2873=VERTEX_POINT('',#5865);
#2874=VERTEX_POINT('',#5869);
#2875=VERTEX_POINT('',#5872);
#2876=VERTEX_POINT('',#5875);
#2877=VERTEX_POINT('',#5879);
#2878=VERTEX_POINT('',#5880);
#2879=VERTEX_POINT('',#5889);
#2880=VERTEX_POINT('',#5893);
#2881=VERTEX_POINT('',#5894);
#2882=VERTEX_POINT('',#5897);
#2883=VERTEX_POINT('',#5899);
#2884=VERTEX_POINT('',#5902);
#2885=VERTEX_POINT('',#5904);
#2886=VERTEX_POINT('',#5907);
#2887=VERTEX_POINT('',#5910);
#2888=VERTEX_POINT('',#5912);
#2889=VERTEX_POINT('',#5915);
#2890=VERTEX_POINT('',#5917);
#2891=VERTEX_POINT('',#5920);
#2892=VERTEX_POINT('',#5922);
#2893=VERTEX_POINT('',#5927);
#2894=VERTEX_POINT('',#5931);
#2895=VERTEX_POINT('',#5935);
#2896=VERTEX_POINT('',#5937);
#2897=VERTEX_POINT('',#5939);
#2898=VERTEX_POINT('',#5941);
#2899=VERTEX_POINT('',#5944);
#2900=VERTEX_POINT('',#5948);
#2901=VERTEX_POINT('',#5950);
#2902=VERTEX_POINT('',#5954);
#2903=VERTEX_POINT('',#5955);
#2904=VERTEX_POINT('',#5958);
#2905=VERTEX_POINT('',#5960);
#2906=VERTEX_POINT('',#5964);
#2907=VERTEX_POINT('',#5965);
#2908=VERTEX_POINT('',#5967);
#2909=VERTEX_POINT('',#5969);
#2910=VERTEX_POINT('',#5971);
#2911=VERTEX_POINT('',#5973);
#2912=VERTEX_POINT('',#5976);
#2913=VERTEX_POINT('',#5978);
#2914=VERTEX_POINT('',#5981);
#2915=VERTEX_POINT('',#5983);
#2916=VERTEX_POINT('',#5986);
#2917=VERTEX_POINT('',#5988);
#2918=VERTEX_POINT('',#5991);
#2919=VERTEX_POINT('',#5993);
#2920=VERTEX_POINT('',#5998);
#2921=VERTEX_POINT('',#6000);
#2922=VERTEX_POINT('',#6003);
#2923=VERTEX_POINT('',#6005);
#2924=VERTEX_POINT('',#6008);
#2925=VERTEX_POINT('',#6010);
#2926=VERTEX_POINT('',#6013);
#2927=VERTEX_POINT('',#6015);
#2928=VERTEX_POINT('',#6018);
#2929=VERTEX_POINT('',#6020);
#2930=VERTEX_POINT('',#6023);
#2931=VERTEX_POINT('',#6025);
#2932=VERTEX_POINT('',#6028);
#2933=VERTEX_POINT('',#6030);
#2934=VERTEX_POINT('',#6033);
#2935=VERTEX_POINT('',#6035);
#2936=VERTEX_POINT('',#6038);
#2937=VERTEX_POINT('',#6040);
#2938=VERTEX_POINT('',#6044);
#2939=VERTEX_POINT('',#6046);
#2940=VERTEX_POINT('',#6048);
#2941=VERTEX_POINT('',#6050);
#2942=VERTEX_POINT('',#6063);
#2943=VERTEX_POINT('',#6064);
#2944=VERTEX_POINT('',#6066);
#2945=VERTEX_POINT('',#6068);
#2946=VERTEX_POINT('',#6071);
#2947=VERTEX_POINT('',#6072);
#2948=VERTEX_POINT('',#6074);
#2949=VERTEX_POINT('',#6076);
#2950=VERTEX_POINT('',#6079);
#2951=VERTEX_POINT('',#6080);
#2952=VERTEX_POINT('',#6082);
#2953=VERTEX_POINT('',#6084);
#2954=VERTEX_POINT('',#6087);
#2955=VERTEX_POINT('',#6088);
#2956=VERTEX_POINT('',#6090);
#2957=VERTEX_POINT('',#6092);
#2958=VERTEX_POINT('',#6095);
#2959=VERTEX_POINT('',#6096);
#2960=VERTEX_POINT('',#6098);
#2961=VERTEX_POINT('',#6100);
#2962=VERTEX_POINT('',#6103);
#2963=VERTEX_POINT('',#6104);
#2964=VERTEX_POINT('',#6106);
#2965=VERTEX_POINT('',#6108);
#2966=VERTEX_POINT('',#6111);
#2967=VERTEX_POINT('',#6112);
#2968=VERTEX_POINT('',#6114);
#2969=VERTEX_POINT('',#6116);
#2970=VERTEX_POINT('',#6119);
#2971=VERTEX_POINT('',#6120);
#2972=VERTEX_POINT('',#6122);
#2973=VERTEX_POINT('',#6124);
#2974=VERTEX_POINT('',#6127);
#2975=VERTEX_POINT('',#6128);
#2976=VERTEX_POINT('',#6130);
#2977=VERTEX_POINT('',#6132);
#2978=VERTEX_POINT('',#6137);
#2979=VERTEX_POINT('',#6140);
#2980=VERTEX_POINT('',#6146);
#2981=VERTEX_POINT('',#6148);
#2982=VERTEX_POINT('',#6151);
#2983=VERTEX_POINT('',#6153);
#2984=VERTEX_POINT('',#6156);
#2985=VERTEX_POINT('',#6158);
#2986=VERTEX_POINT('',#6162);
#2987=VERTEX_POINT('',#6166);
#2988=VERTEX_POINT('',#6170);
#2989=VERTEX_POINT('',#6174);
#2990=VERTEX_POINT('',#6178);
#2991=VERTEX_POINT('',#6182);
#2992=VERTEX_POINT('',#6186);
#2993=VERTEX_POINT('',#6190);
#2994=VERTEX_POINT('',#6285);
#2995=VERTEX_POINT('',#6370);
#2996=VERTEX_POINT('',#6405);
#2997=VERTEX_POINT('',#6419);
#2998=VERTEX_POINT('',#6423);
#2999=VERTEX_POINT('',#6427);
#3000=VERTEX_POINT('',#6428);
#3001=VERTEX_POINT('',#6430);
#3002=VERTEX_POINT('',#6432);
#3003=VERTEX_POINT('',#6444);
#3004=VERTEX_POINT('',#6446);
#3005=VERTEX_POINT('',#6450);
#3006=VERTEX_POINT('',#6454);
#3007=VERTEX_POINT('',#6461);
#3008=VERTEX_POINT('',#6467);
#3009=CIRCLE('',#3946,0.000792014970580185);
#3010=CIRCLE('',#3947,0.000792014970580185);
#3011=CIRCLE('',#3948,0.000792014970580185);
#3012=CIRCLE('',#3949,0.000792014970580185);
#3013=CIRCLE('',#3950,0.00329201497058019);
#3014=CIRCLE('',#3951,0.00329201497058019);
#3015=CIRCLE('',#3952,0.0046);
#3016=CIRCLE('',#3953,0.001);
#3017=CIRCLE('',#3954,0.001);
#3018=CIRCLE('',#3955,0.0046);
#3019=CIRCLE('',#3956,0.003);
#3020=CIRCLE('',#3957,0.001);
#3021=CIRCLE('',#3958,0.001);
#3022=CIRCLE('',#3959,0.001);
#3023=CIRCLE('',#3960,0.001);
#3024=CIRCLE('',#3961,0.001);
#3025=CIRCLE('',#3962,0.001);
#3026=CIRCLE('',#3963,0.003);
#3027=CIRCLE('',#3966,0.001);
#3028=CIRCLE('',#3982,0.003);
#3029=CIRCLE('',#3983,0.001);
#3030=CIRCLE('',#3987,0.001);
#3031=CIRCLE('',#3988,0.003);
#3032=CIRCLE('',#3994,0.0035);
#3033=CIRCLE('',#3995,0.0035);
#3034=CIRCLE('',#3996,0.00045);
#3035=CIRCLE('',#3997,0.00045);
#3036=CIRCLE('',#3998,0.00045);
#3037=CIRCLE('',#3999,0.00045);
#3038=CIRCLE('',#4000,0.00045);
#3039=CIRCLE('',#4001,0.00045);
#3040=CIRCLE('',#4002,0.00045);
#3041=CIRCLE('',#4003,0.00045);
#3042=CIRCLE('',#4004,0.00045);
#3043=CIRCLE('',#4005,0.00045);
#3044=CIRCLE('',#4006,0.00045);
#3045=CIRCLE('',#4007,0.00045);
#3046=CIRCLE('',#4008,0.00045);
#3047=CIRCLE('',#4009,0.00045);
#3048=CIRCLE('',#4010,0.00045);
#3049=CIRCLE('',#4011,0.00045);
#3050=CIRCLE('',#4012,0.00045);
#3051=CIRCLE('',#4013,0.00045);
#3052=CIRCLE('',#4016,0.00255);
#3053=CIRCLE('',#4017,0.00255);
#3054=CIRCLE('',#4018,0.00255);
#3055=CIRCLE('',#4019,0.00255);
#3056=CIRCLE('',#4027,0.003);
#3057=CIRCLE('',#4029,0.003);
#3058=CIRCLE('',#4031,0.003);
#3059=CIRCLE('',#4034,0.003);
#3060=CIRCLE('',#4044,0.001);
#3061=CIRCLE('',#4045,0.001);
#3062=CIRCLE('',#4046,0.001);
#3063=CIRCLE('',#4049,0.00045);
#3064=CIRCLE('',#4050,0.00045);
#3065=CIRCLE('',#4051,0.00045);
#3066=CIRCLE('',#4052,0.00045);
#3067=CIRCLE('',#4053,0.00045);
#3068=CIRCLE('',#4054,0.00045);
#3069=CIRCLE('',#4055,0.00045);
#3070=CIRCLE('',#4056,0.00045);
#3071=CIRCLE('',#4057,0.00045);
#3072=CIRCLE('',#4058,0.00045);
#3073=CIRCLE('',#4059,0.00045);
#3074=CIRCLE('',#4060,0.00045);
#3075=CIRCLE('',#4061,0.00045);
#3076=CIRCLE('',#4062,0.00045);
#3077=CIRCLE('',#4063,0.00045);
#3078=CIRCLE('',#4064,0.00045);
#3079=CIRCLE('',#4065,0.00045);
#3080=CIRCLE('',#4066,0.00045);
#3081=CIRCLE('',#4067,0.001);
#3082=CIRCLE('',#4068,0.001);
#3083=CIRCLE('',#4069,0.0046);
#3084=CIRCLE('',#4070,0.001);
#3085=CIRCLE('',#4071,0.001);
#3086=CIRCLE('',#4072,0.0046);
#3087=CIRCLE('',#4073,0.001);
#3088=CIRCLE('',#4074,0.001);
#3089=CIRCLE('',#4076,0.0025);
#3090=CIRCLE('',#4077,0.0025);
#3091=CIRCLE('',#4079,0.0025);
#3092=CIRCLE('',#4080,0.0025);
#3093=CIRCLE('',#4083,0.00270710678118654);
#3094=CIRCLE('',#4086,0.00270710678118655);
#3095=CIRCLE('',#4089,0.00270710678118655);
#3096=CIRCLE('',#4092,0.00270710678118655);
#3097=CIRCLE('',#4095,0.001);
#3098=CIRCLE('',#4096,0.001);
#3099=CIRCLE('',#4098,0.001);
#3100=CIRCLE('',#4100,0.001);
#3101=CIRCLE('',#4102,0.001);
#3102=CIRCLE('',#4104,0.001);
#3103=CIRCLE('',#4106,0.001);
#3104=CIRCLE('',#4108,0.001);
#3105=CIRCLE('',#4110,0.001);
#3106=CIRCLE('',#4112,0.001);
#3107=CIRCLE('',#4152,0.001);
#3108=CIRCLE('',#4201,0.001);
#3109=CIRCLE('',#4208,0.001);
#3110=CIRCLE('',#4212,0.001);
#3111=CIRCLE('',#4216,0.001);
#3112=CIRCLE('',#4218,0.001);
#3113=CIRCLE('',#4221,0.001);
#3114=CIRCLE('',#4223,0.001);
#3115=CIRCLE('',#4236,0.00313039301067244);
#3116=CIRCLE('',#4239,0.00313039301067244);
#3117=CIRCLE('',#4242,0.000630393010672434);
#3118=CIRCLE('',#4243,0.000630393010672434);
#3119=CIRCLE('',#4250,0.000630393010672434);
#3120=CIRCLE('',#4253,0.000630393010672434);
#3121=EDGE_LOOP('',(#967,#968,#969,#970));
#3122=EDGE_LOOP('',(#971,#972,#973,#974));
#3123=EDGE_LOOP('',(#975));
#3124=EDGE_LOOP('',(#976));
#3125=EDGE_LOOP('',(#977,#978,#979,#980,#981,#982,#983,#984,#985,#986,#987,
#988,#989,#990,#991,#992,#993,#994,#995,#996,#997,#998,#999,#1000,#1001,
#1002,#1003,#1004,#1005,#1006));
#3126=EDGE_LOOP('',(#1007,#1008,#1009,#1010,#1011,#1012));
#3127=EDGE_LOOP('',(#1013,#1014,#1015,#1016));
#3128=EDGE_LOOP('',(#1017,#1018,#1019,#1020));
#3129=EDGE_LOOP('',(#1021,#1022,#1023,#1024));
#3130=EDGE_LOOP('',(#1025,#1026,#1027,#1028));
#3131=EDGE_LOOP('',(#1029,#1030,#1031,#1032));
#3132=EDGE_LOOP('',(#1033,#1034,#1035,#1036));
#3133=EDGE_LOOP('',(#1037,#1038,#1039,#1040));
#3134=EDGE_LOOP('',(#1041,#1042,#1043,#1044));
#3135=EDGE_LOOP('',(#1045,#1046,#1047,#1048));
#3136=EDGE_LOOP('',(#1049,#1050,#1051,#1052));
#3137=EDGE_LOOP('',(#1053,#1054,#1055,#1056));
#3138=EDGE_LOOP('',(#1057,#1058,#1059,#1060));
#3139=EDGE_LOOP('',(#1061,#1062,#1063,#1064));
#3140=EDGE_LOOP('',(#1065,#1066,#1067,#1068));
#3141=EDGE_LOOP('',(#1069,#1070,#1071,#1072,#1073,#1074,#1075));
#3142=EDGE_LOOP('',(#1076,#1077,#1078,#1079));
#3143=EDGE_LOOP('',(#1080,#1081,#1082,#1083));
#3144=EDGE_LOOP('',(#1084,#1085,#1086,#1087,#1088,#1089,#1090));
#3145=EDGE_LOOP('',(#1091,#1092,#1093,#1094,#1095,#1096,#1097,#1098,#1099,
#1100,#1101,#1102,#1103,#1104,#1105,#1106,#1107,#1108,#1109,#1110,#1111,
#1112,#1113,#1114,#1115,#1116,#1117,#1118));
#3146=EDGE_LOOP('',(#1119,#1120,#1121,#1122,#1123,#1124,#1125,#1126,#1127,
#1128,#1129,#1130,#1131,#1132,#1133,#1134,#1135,#1136,#1137,#1138,#1139,
#1140,#1141,#1142,#1143,#1144,#1145,#1146,#1147,#1148,#1149,#1150,#1151,
#1152,#1153,#1154));
#3147=EDGE_LOOP('',(#1155,#1156,#1157,#1158,#1159,#1160,#1161,#1162,#1163,
#1164,#1165,#1166,#1167,#1168,#1169,#1170,#1171,#1172,#1173,#1174,#1175,
#1176,#1177,#1178));
#3148=EDGE_LOOP('',(#1179,#1180,#1181,#1182));
#3149=EDGE_LOOP('',(#1183));
#3150=EDGE_LOOP('',(#1184));
#3151=EDGE_LOOP('',(#1185,#1186,#1187,#1188));
#3152=EDGE_LOOP('',(#1189,#1190,#1191,#1192));
#3153=EDGE_LOOP('',(#1193,#1194,#1195,#1196));
#3154=EDGE_LOOP('',(#1197,#1198,#1199,#1200));
#3155=EDGE_LOOP('',(#1201,#1202,#1203,#1204));
#3156=EDGE_LOOP('',(#1205,#1206,#1207,#1208));
#3157=EDGE_LOOP('',(#1209,#1210,#1211,#1212));
#3158=EDGE_LOOP('',(#1213,#1214,#1215,#1216));
#3159=EDGE_LOOP('',(#1217,#1218,#1219,#1220));
#3160=EDGE_LOOP('',(#1221,#1222,#1223,#1224,#1225,#1226,#1227,#1228,#1229,
#1230,#1231,#1232,#1233,#1234));
#3161=EDGE_LOOP('',(#1235,#1236,#1237,#1238));
#3162=EDGE_LOOP('',(#1239,#1240,#1241,#1242));
#3163=EDGE_LOOP('',(#1243,#1244,#1245,#1246));
#3164=EDGE_LOOP('',(#1247,#1248,#1249,#1250));
#3165=EDGE_LOOP('',(#1251,#1252,#1253,#1254,#1255,#1256,#1257,#1258,#1259));
#3166=EDGE_LOOP('',(#1260,#1261,#1262,#1263));
#3167=EDGE_LOOP('',(#1264,#1265,#1266,#1267));
#3168=EDGE_LOOP('',(#1268,#1269,#1270,#1271));
#3169=EDGE_LOOP('',(#1272,#1273,#1274,#1275));
#3170=EDGE_LOOP('',(#1276,#1277,#1278,#1279,#1280,#1281,#1282,#1283,#1284,
#1285,#1286,#1287,#1288,#1289,#1290,#1291,#1292,#1293,#1294,#1295,#1296,
#1297,#1298,#1299,#1300,#1301,#1302,#1303));
#3171=EDGE_LOOP('',(#1304,#1305,#1306,#1307));
#3172=EDGE_LOOP('',(#1308,#1309,#1310,#1311));
#3173=EDGE_LOOP('',(#1312,#1313,#1314,#1315,#1316,#1317,#1318,#1319,#1320));
#3174=EDGE_LOOP('',(#1321,#1322,#1323,#1324));
#3175=EDGE_LOOP('',(#1325,#1326,#1327,#1328,#1329,#1330));
#3176=EDGE_LOOP('',(#1331,#1332,#1333,#1334,#1335,#1336,#1337,#1338,#1339,
#1340,#1341,#1342,#1343,#1344,#1345,#1346,#1347,#1348,#1349,#1350,#1351,
#1352,#1353,#1354));
#3177=EDGE_LOOP('',(#1355,#1356,#1357,#1358,#1359,#1360,#1361,#1362,#1363,
#1364,#1365,#1366,#1367,#1368,#1369,#1370,#1371,#1372,#1373,#1374,#1375,
#1376,#1377,#1378,#1379,#1380,#1381,#1382,#1383,#1384,#1385,#1386,#1387,
#1388,#1389,#1390));
#3178=EDGE_LOOP('',(#1391,#1392,#1393,#1394,#1395,#1396));
#3179=EDGE_LOOP('',(#1397,#1398,#1399,#1400));
#3180=EDGE_LOOP('',(#1401,#1402,#1403,#1404,#1405,#1406,#1407,#1408,#1409,
#1410,#1411,#1412));
#3181=EDGE_LOOP('',(#1413,#1414,#1415,#1416));
#3182=EDGE_LOOP('',(#1417,#1418,#1419,#1420));
#3183=EDGE_LOOP('',(#1421,#1422,#1423,#1424));
#3184=EDGE_LOOP('',(#1425,#1426,#1427,#1428));
#3185=EDGE_LOOP('',(#1429,#1430,#1431,#1432));
#3186=EDGE_LOOP('',(#1433,#1434,#1435,#1436));
#3187=EDGE_LOOP('',(#1437,#1438,#1439,#1440));
#3188=EDGE_LOOP('',(#1441,#1442,#1443,#1444));
#3189=EDGE_LOOP('',(#1445,#1446,#1447,#1448));
#3190=EDGE_LOOP('',(#1449,#1450,#1451,#1452));
#3191=EDGE_LOOP('',(#1453,#1454,#1455,#1456,#1457,#1458,#1459,#1460,#1461,
#1462,#1463,#1464,#1465,#1466));
#3192=EDGE_LOOP('',(#1467));
#3193=EDGE_LOOP('',(#1468));
#3194=EDGE_LOOP('',(#1469));
#3195=EDGE_LOOP('',(#1470));
#3196=EDGE_LOOP('',(#1471,#1472,#1473,#1474));
#3197=EDGE_LOOP('',(#1475,#1476,#1477,#1478));
#3198=EDGE_LOOP('',(#1479,#1480,#1481,#1482));
#3199=EDGE_LOOP('',(#1483,#1484,#1485,#1486));
#3200=EDGE_LOOP('',(#1487,#1488,#1489,#1490));
#3201=EDGE_LOOP('',(#1491,#1492,#1493,#1494));
#3202=EDGE_LOOP('',(#1495,#1496,#1497,#1498));
#3203=EDGE_LOOP('',(#1499,#1500,#1501,#1502));
#3204=EDGE_LOOP('',(#1503,#1504,#1505,#1506));
#3205=EDGE_LOOP('',(#1507,#1508,#1509,#1510));
#3206=EDGE_LOOP('',(#1511,#1512,#1513,#1514));
#3207=EDGE_LOOP('',(#1515,#1516,#1517,#1518));
#3208=EDGE_LOOP('',(#1519,#1520,#1521,#1522));
#3209=EDGE_LOOP('',(#1523,#1524,#1525,#1526));
#3210=EDGE_LOOP('',(#1527,#1528,#1529,#1530));
#3211=EDGE_LOOP('',(#1531,#1532,#1533,#1534));
#3212=EDGE_LOOP('',(#1535,#1536,#1537,#1538));
#3213=EDGE_LOOP('',(#1539,#1540,#1541,#1542));
#3214=EDGE_LOOP('',(#1543,#1544,#1545,#1546));
#3215=EDGE_LOOP('',(#1547,#1548,#1549,#1550));
#3216=EDGE_LOOP('',(#1551,#1552,#1553,#1554));
#3217=EDGE_LOOP('',(#1555,#1556,#1557,#1558));
#3218=EDGE_LOOP('',(#1559,#1560,#1561,#1562));
#3219=EDGE_LOOP('',(#1563,#1564,#1565,#1566));
#3220=EDGE_LOOP('',(#1567,#1568,#1569,#1570));
#3221=EDGE_LOOP('',(#1571,#1572,#1573,#1574));
#3222=EDGE_LOOP('',(#1575,#1576,#1577,#1578));
#3223=EDGE_LOOP('',(#1579,#1580,#1581,#1582));
#3224=EDGE_LOOP('',(#1583,#1584,#1585,#1586));
#3225=EDGE_LOOP('',(#1587,#1588,#1589,#1590));
#3226=EDGE_LOOP('',(#1591,#1592,#1593,#1594));
#3227=EDGE_LOOP('',(#1595,#1596,#1597,#1598));
#3228=EDGE_LOOP('',(#1599,#1600,#1601,#1602));
#3229=EDGE_LOOP('',(#1603,#1604,#1605,#1606));
#3230=EDGE_LOOP('',(#1607,#1608,#1609,#1610));
#3231=EDGE_LOOP('',(#1611,#1612,#1613,#1614));
#3232=EDGE_LOOP('',(#1615,#1616,#1617,#1618));
#3233=EDGE_LOOP('',(#1619,#1620,#1621,#1622));
#3234=EDGE_LOOP('',(#1623,#1624,#1625,#1626));
#3235=EDGE_LOOP('',(#1627,#1628,#1629,#1630));
#3236=EDGE_LOOP('',(#1631,#1632,#1633,#1634));
#3237=EDGE_LOOP('',(#1635,#1636,#1637,#1638));
#3238=EDGE_LOOP('',(#1639,#1640,#1641,#1642));
#3239=EDGE_LOOP('',(#1643,#1644,#1645,#1646));
#3240=EDGE_LOOP('',(#1647,#1648,#1649,#1650));
#3241=EDGE_LOOP('',(#1651,#1652,#1653,#1654));
#3242=EDGE_LOOP('',(#1655,#1656,#1657,#1658));
#3243=EDGE_LOOP('',(#1659,#1660,#1661,#1662));
#3244=EDGE_LOOP('',(#1663,#1664,#1665,#1666));
#3245=EDGE_LOOP('',(#1667,#1668,#1669,#1670));
#3246=EDGE_LOOP('',(#1671,#1672,#1673,#1674));
#3247=EDGE_LOOP('',(#1675,#1676,#1677,#1678));
#3248=EDGE_LOOP('',(#1679,#1680,#1681,#1682));
#3249=EDGE_LOOP('',(#1683,#1684,#1685,#1686));
#3250=EDGE_LOOP('',(#1687,#1688,#1689,#1690));
#3251=EDGE_LOOP('',(#1691,#1692,#1693,#1694));
#3252=EDGE_LOOP('',(#1695,#1696,#1697,#1698,#1699));
#3253=EDGE_LOOP('',(#1700,#1701,#1702,#1703));
#3254=EDGE_LOOP('',(#1704,#1705,#1706,#1707));
#3255=EDGE_LOOP('',(#1708,#1709,#1710,#1711));
#3256=EDGE_LOOP('',(#1712,#1713,#1714,#1715));
#3257=EDGE_LOOP('',(#1716,#1717,#1718,#1719));
#3258=EDGE_LOOP('',(#1720,#1721,#1722,#1723));
#3259=EDGE_LOOP('',(#1724,#1725,#1726,#1727));
#3260=EDGE_LOOP('',(#1728,#1729,#1730,#1731));
#3261=EDGE_LOOP('',(#1732,#1733,#1734,#1735));
#3262=EDGE_LOOP('',(#1736,#1737,#1738,#1739));
#3263=EDGE_LOOP('',(#1740,#1741,#1742,#1743));
#3264=EDGE_LOOP('',(#1744,#1745,#1746,#1747));
#3265=EDGE_LOOP('',(#1748,#1749,#1750,#1751));
#3266=EDGE_LOOP('',(#1752,#1753,#1754,#1755));
#3267=EDGE_LOOP('',(#1756,#1757,#1758,#1759));
#3268=EDGE_LOOP('',(#1760,#1761,#1762,#1763));
#3269=EDGE_LOOP('',(#1764,#1765,#1766,#1767));
#3270=EDGE_LOOP('',(#1768,#1769,#1770,#1771));
#3271=EDGE_LOOP('',(#1772,#1773,#1774,#1775));
#3272=EDGE_LOOP('',(#1776,#1777,#1778,#1779));
#3273=EDGE_LOOP('',(#1780,#1781,#1782,#1783));
#3274=EDGE_LOOP('',(#1784,#1785,#1786,#1787));
#3275=EDGE_LOOP('',(#1788,#1789,#1790,#1791));
#3276=EDGE_LOOP('',(#1792,#1793,#1794,#1795));
#3277=EDGE_LOOP('',(#1796,#1797,#1798,#1799));
#3278=EDGE_LOOP('',(#1800,#1801,#1802,#1803));
#3279=EDGE_LOOP('',(#1804,#1805,#1806,#1807));
#3280=EDGE_LOOP('',(#1808,#1809,#1810,#1811));
#3281=EDGE_LOOP('',(#1812,#1813,#1814,#1815));
#3282=EDGE_LOOP('',(#1816,#1817,#1818,#1819));
#3283=EDGE_LOOP('',(#1820,#1821,#1822,#1823));
#3284=EDGE_LOOP('',(#1824,#1825,#1826,#1827));
#3285=EDGE_LOOP('',(#1828,#1829,#1830,#1831));
#3286=EDGE_LOOP('',(#1832,#1833,#1834,#1835));
#3287=EDGE_LOOP('',(#1836,#1837,#1838,#1839));
#3288=EDGE_LOOP('',(#1840,#1841,#1842,#1843));
#3289=EDGE_LOOP('',(#1844,#1845,#1846,#1847));
#3290=EDGE_LOOP('',(#1848,#1849,#1850,#1851));
#3291=EDGE_LOOP('',(#1852,#1853,#1854,#1855));
#3292=EDGE_LOOP('',(#1856,#1857,#1858,#1859));
#3293=EDGE_LOOP('',(#1860,#1861,#1862,#1863));
#3294=EDGE_LOOP('',(#1864,#1865,#1866,#1867));
#3295=EDGE_LOOP('',(#1868,#1869,#1870,#1871));
#3296=EDGE_LOOP('',(#1872,#1873,#1874,#1875));
#3297=EDGE_LOOP('',(#1876,#1877,#1878,#1879));
#3298=EDGE_LOOP('',(#1880,#1881,#1882,#1883));
#3299=EDGE_LOOP('',(#1884,#1885,#1886,#1887));
#3300=EDGE_LOOP('',(#1888,#1889,#1890,#1891,#1892));
#3301=EDGE_LOOP('',(#1893,#1894,#1895,#1896));
#3302=EDGE_LOOP('',(#1897,#1898,#1899,#1900));
#3303=EDGE_LOOP('',(#1901,#1902,#1903,#1904));
#3304=EDGE_LOOP('',(#1905,#1906,#1907,#1908));
#3305=EDGE_LOOP('',(#1909,#1910,#1911,#1912));
#3306=EDGE_LOOP('',(#1913,#1914,#1915,#1916,#1917,#1918));
#3307=EDGE_LOOP('',(#1919,#1920,#1921,#1922));
#3308=EDGE_LOOP('',(#1923,#1924,#1925,#1926));
#3309=EDGE_LOOP('',(#1927,#1928,#1929,#1930,#1931,#1932));
#3310=EDGE_LOOP('',(#1933));
#3311=EDGE_LOOP('',(#1934));
#3312=EDGE_LOOP('',(#1935));
#3313=EDGE_LOOP('',(#1936));
#3314=EDGE_LOOP('',(#1937,#1938,#1939,#1940));
#3315=EDGE_LOOP('',(#1941,#1942,#1943));
#3316=EDGE_LOOP('',(#1944,#1945,#1946,#1947));
#3317=EDGE_LOOP('',(#1948,#1949,#1950,#1951));
#3318=EDGE_LOOP('',(#1952,#1953,#1954));
#3319=EDGE_LOOP('',(#1955,#1956,#1957,#1958));
#3320=EDGE_LOOP('',(#1959,#1960,#1961,#1962,#1963,#1964));
#3321=EDGE_LOOP('',(#1965,#1966,#1967,#1968));
#3322=EDGE_LOOP('',(#1969,#1970,#1971,#1972));
#3323=EDGE_LOOP('',(#1973,#1974,#1975,#1976,#1977,#1978));
#3324=EDGE_LOOP('',(#1979,#1980,#1981,#1982,#1983,#1984));
#3325=EDGE_LOOP('',(#1985,#1986,#1987,#1988));
#3326=EDGE_LOOP('',(#1989,#1990,#1991,#1992));
#3327=EDGE_LOOP('',(#1993,#1994,#1995,#1996));
#3328=EDGE_LOOP('',(#1997,#1998,#1999,#2000));
#3329=EDGE_LOOP('',(#2001));
#3330=EDGE_LOOP('',(#2002));
#3331=EDGE_LOOP('',(#2003));
#3332=EDGE_LOOP('',(#2004));
#3333=EDGE_LOOP('',(#2005));
#3334=EDGE_LOOP('',(#2006));
#3335=EDGE_LOOP('',(#2007));
#3336=EDGE_LOOP('',(#2008));
#3337=EDGE_LOOP('',(#2009,#2010,#2011,#2012));
#3338=EDGE_LOOP('',(#2013,#2014,#2015,#2016));
#3339=EDGE_LOOP('',(#2017,#2018,#2019,#2020));
#3340=EDGE_LOOP('',(#2021,#2022,#2023,#2024));
#3341=EDGE_LOOP('',(#2025,#2026,#2027,#2028));
#3342=EDGE_LOOP('',(#2029,#2030,#2031,#2032));
#3343=EDGE_LOOP('',(#2033,#2034,#2035,#2036));
#3344=EDGE_LOOP('',(#2037,#2038,#2039,#2040));
#3345=EDGE_LOOP('',(#2041,#2042,#2043,#2044));
#3346=EDGE_LOOP('',(#2045,#2046,#2047,#2048));
#3347=EDGE_LOOP('',(#2049,#2050,#2051,#2052));
#3348=EDGE_LOOP('',(#2053,#2054,#2055,#2056));
#3349=EDGE_LOOP('',(#2057,#2058,#2059,#2060));
#3350=EDGE_LOOP('',(#2061,#2062,#2063,#2064));
#3351=EDGE_LOOP('',(#2065,#2066,#2067,#2068,#2069));
#3352=EDGE_LOOP('',(#2070,#2071,#2072,#2073,#2074));
#3353=EDGE_LOOP('',(#2075,#2076,#2077,#2078));
#3354=EDGE_LOOP('',(#2079,#2080,#2081,#2082));
#3355=FACE_BOUND('',#3121,.T.);
#3356=FACE_BOUND('',#3122,.T.);
#3357=FACE_BOUND('',#3123,.T.);
#3358=FACE_BOUND('',#3124,.T.);
#3359=FACE_BOUND('',#3125,.T.);
#3360=FACE_BOUND('',#3126,.T.);
#3361=FACE_BOUND('',#3127,.T.);
#3362=FACE_BOUND('',#3128,.T.);
#3363=FACE_BOUND('',#3129,.T.);
#3364=FACE_BOUND('',#3130,.T.);
#3365=FACE_BOUND('',#3131,.T.);
#3366=FACE_BOUND('',#3132,.T.);
#3367=FACE_BOUND('',#3133,.T.);
#3368=FACE_BOUND('',#3134,.T.);
#3369=FACE_BOUND('',#3135,.T.);
#3370=FACE_BOUND('',#3136,.T.);
#3371=FACE_BOUND('',#3137,.T.);
#3372=FACE_BOUND('',#3138,.T.);
#3373=FACE_BOUND('',#3139,.T.);
#3374=FACE_BOUND('',#3140,.T.);
#3375=FACE_BOUND('',#3141,.T.);
#3376=FACE_BOUND('',#3142,.T.);
#3377=FACE_BOUND('',#3143,.T.);
#3378=FACE_BOUND('',#3144,.T.);
#3379=FACE_BOUND('',#3145,.T.);
#3380=FACE_BOUND('',#3146,.T.);
#3381=FACE_BOUND('',#3147,.T.);
#3382=FACE_BOUND('',#3148,.T.);
#3383=FACE_BOUND('',#3149,.T.);
#3384=FACE_BOUND('',#3150,.T.);
#3385=FACE_BOUND('',#3151,.T.);
#3386=FACE_BOUND('',#3152,.T.);
#3387=FACE_BOUND('',#3153,.T.);
#3388=FACE_BOUND('',#3154,.T.);
#3389=FACE_BOUND('',#3155,.T.);
#3390=FACE_BOUND('',#3156,.T.);
#3391=FACE_BOUND('',#3157,.T.);
#3392=FACE_BOUND('',#3158,.T.);
#3393=FACE_BOUND('',#3159,.T.);
#3394=FACE_BOUND('',#3160,.T.);
#3395=FACE_BOUND('',#3161,.T.);
#3396=FACE_BOUND('',#3162,.T.);
#3397=FACE_BOUND('',#3163,.T.);
#3398=FACE_BOUND('',#3164,.T.);
#3399=FACE_BOUND('',#3165,.T.);
#3400=FACE_BOUND('',#3166,.T.);
#3401=FACE_BOUND('',#3167,.T.);
#3402=FACE_BOUND('',#3168,.T.);
#3403=FACE_BOUND('',#3169,.T.);
#3404=FACE_BOUND('',#3170,.T.);
#3405=FACE_BOUND('',#3171,.T.);
#3406=FACE_BOUND('',#3172,.T.);
#3407=FACE_BOUND('',#3173,.T.);
#3408=FACE_BOUND('',#3174,.T.);
#3409=FACE_BOUND('',#3175,.T.);
#3410=FACE_BOUND('',#3176,.T.);
#3411=FACE_BOUND('',#3177,.T.);
#3412=FACE_BOUND('',#3178,.T.);
#3413=FACE_BOUND('',#3179,.T.);
#3414=FACE_BOUND('',#3180,.T.);
#3415=FACE_BOUND('',#3181,.T.);
#3416=FACE_BOUND('',#3182,.T.);
#3417=FACE_BOUND('',#3183,.T.);
#3418=FACE_BOUND('',#3184,.T.);
#3419=FACE_BOUND('',#3185,.T.);
#3420=FACE_BOUND('',#3186,.T.);
#3421=FACE_BOUND('',#3187,.T.);
#3422=FACE_BOUND('',#3188,.T.);
#3423=FACE_BOUND('',#3189,.T.);
#3424=FACE_BOUND('',#3190,.T.);
#3425=FACE_BOUND('',#3191,.T.);
#3426=FACE_BOUND('',#3192,.T.);
#3427=FACE_BOUND('',#3193,.T.);
#3428=FACE_BOUND('',#3194,.T.);
#3429=FACE_BOUND('',#3195,.T.);
#3430=FACE_BOUND('',#3196,.T.);
#3431=FACE_BOUND('',#3197,.T.);
#3432=FACE_BOUND('',#3198,.T.);
#3433=FACE_BOUND('',#3199,.T.);
#3434=FACE_BOUND('',#3200,.T.);
#3435=FACE_BOUND('',#3201,.T.);
#3436=FACE_BOUND('',#3202,.T.);
#3437=FACE_BOUND('',#3203,.T.);
#3438=FACE_BOUND('',#3204,.T.);
#3439=FACE_BOUND('',#3205,.T.);
#3440=FACE_BOUND('',#3206,.T.);
#3441=FACE_BOUND('',#3207,.T.);
#3442=FACE_BOUND('',#3208,.T.);
#3443=FACE_BOUND('',#3209,.T.);
#3444=FACE_BOUND('',#3210,.T.);
#3445=FACE_BOUND('',#3211,.T.);
#3446=FACE_BOUND('',#3212,.T.);
#3447=FACE_BOUND('',#3213,.T.);
#3448=FACE_BOUND('',#3214,.T.);
#3449=FACE_BOUND('',#3215,.T.);
#3450=FACE_BOUND('',#3216,.T.);
#3451=FACE_BOUND('',#3217,.T.);
#3452=FACE_BOUND('',#3218,.T.);
#3453=FACE_BOUND('',#3219,.T.);
#3454=FACE_BOUND('',#3220,.T.);
#3455=FACE_BOUND('',#3221,.T.);
#3456=FACE_BOUND('',#3222,.T.);
#3457=FACE_BOUND('',#3223,.T.);
#3458=FACE_BOUND('',#3224,.T.);
#3459=FACE_BOUND('',#3225,.T.);
#3460=FACE_BOUND('',#3226,.T.);
#3461=FACE_BOUND('',#3227,.T.);
#3462=FACE_BOUND('',#3228,.T.);
#3463=FACE_BOUND('',#3229,.T.);
#3464=FACE_BOUND('',#3230,.T.);
#3465=FACE_BOUND('',#3231,.T.);
#3466=FACE_BOUND('',#3232,.T.);
#3467=FACE_BOUND('',#3233,.T.);
#3468=FACE_BOUND('',#3234,.T.);
#3469=FACE_BOUND('',#3235,.T.);
#3470=FACE_BOUND('',#3236,.T.);
#3471=FACE_BOUND('',#3237,.T.);
#3472=FACE_BOUND('',#3238,.T.);
#3473=FACE_BOUND('',#3239,.T.);
#3474=FACE_BOUND('',#3240,.T.);
#3475=FACE_BOUND('',#3241,.T.);
#3476=FACE_BOUND('',#3242,.T.);
#3477=FACE_BOUND('',#3243,.T.);
#3478=FACE_BOUND('',#3244,.T.);
#3479=FACE_BOUND('',#3245,.T.);
#3480=FACE_BOUND('',#3246,.T.);
#3481=FACE_BOUND('',#3247,.T.);
#3482=FACE_BOUND('',#3248,.T.);
#3483=FACE_BOUND('',#3249,.T.);
#3484=FACE_BOUND('',#3250,.T.);
#3485=FACE_BOUND('',#3251,.T.);
#3486=FACE_BOUND('',#3252,.T.);
#3487=FACE_BOUND('',#3253,.T.);
#3488=FACE_BOUND('',#3254,.T.);
#3489=FACE_BOUND('',#3255,.T.);
#3490=FACE_BOUND('',#3256,.T.);
#3491=FACE_BOUND('',#3257,.T.);
#3492=FACE_BOUND('',#3258,.T.);
#3493=FACE_BOUND('',#3259,.T.);
#3494=FACE_BOUND('',#3260,.T.);
#3495=FACE_BOUND('',#3261,.T.);
#3496=FACE_BOUND('',#3262,.T.);
#3497=FACE_BOUND('',#3263,.T.);
#3498=FACE_BOUND('',#3264,.T.);
#3499=FACE_BOUND('',#3265,.T.);
#3500=FACE_BOUND('',#3266,.T.);
#3501=FACE_BOUND('',#3267,.T.);
#3502=FACE_BOUND('',#3268,.T.);
#3503=FACE_BOUND('',#3269,.T.);
#3504=FACE_BOUND('',#3270,.T.);
#3505=FACE_BOUND('',#3271,.T.);
#3506=FACE_BOUND('',#3272,.T.);
#3507=FACE_BOUND('',#3273,.T.);
#3508=FACE_BOUND('',#3274,.T.);
#3509=FACE_BOUND('',#3275,.T.);
#3510=FACE_BOUND('',#3276,.T.);
#3511=FACE_BOUND('',#3277,.T.);
#3512=FACE_BOUND('',#3278,.T.);
#3513=FACE_BOUND('',#3279,.T.);
#3514=FACE_BOUND('',#3280,.T.);
#3515=FACE_BOUND('',#3281,.T.);
#3516=FACE_BOUND('',#3282,.T.);
#3517=FACE_BOUND('',#3283,.T.);
#3518=FACE_BOUND('',#3284,.T.);
#3519=FACE_BOUND('',#3285,.T.);
#3520=FACE_BOUND('',#3286,.T.);
#3521=FACE_BOUND('',#3287,.T.);
#3522=FACE_BOUND('',#3288,.T.);
#3523=FACE_BOUND('',#3289,.T.);
#3524=FACE_BOUND('',#3290,.T.);
#3525=FACE_BOUND('',#3291,.T.);
#3526=FACE_BOUND('',#3292,.T.);
#3527=FACE_BOUND('',#3293,.T.);
#3528=FACE_BOUND('',#3294,.T.);
#3529=FACE_BOUND('',#3295,.T.);
#3530=FACE_BOUND('',#3296,.T.);
#3531=FACE_BOUND('',#3297,.T.);
#3532=FACE_BOUND('',#3298,.T.);
#3533=FACE_BOUND('',#3299,.T.);
#3534=FACE_BOUND('',#3300,.T.);
#3535=FACE_BOUND('',#3301,.T.);
#3536=FACE_BOUND('',#3302,.T.);
#3537=FACE_BOUND('',#3303,.T.);
#3538=FACE_BOUND('',#3304,.T.);
#3539=FACE_BOUND('',#3305,.T.);
#3540=FACE_BOUND('',#3306,.T.);
#3541=FACE_BOUND('',#3307,.T.);
#3542=FACE_BOUND('',#3308,.T.);
#3543=FACE_BOUND('',#3309,.T.);
#3544=FACE_BOUND('',#3310,.T.);
#3545=FACE_BOUND('',#3311,.T.);
#3546=FACE_BOUND('',#3312,.T.);
#3547=FACE_BOUND('',#3313,.T.);
#3548=FACE_BOUND('',#3314,.T.);
#3549=FACE_BOUND('',#3315,.T.);
#3550=FACE_BOUND('',#3316,.T.);
#3551=FACE_BOUND('',#3317,.T.);
#3552=FACE_BOUND('',#3318,.T.);
#3553=FACE_BOUND('',#3319,.T.);
#3554=FACE_BOUND('',#3320,.T.);
#3555=FACE_BOUND('',#3321,.T.);
#3556=FACE_BOUND('',#3322,.T.);
#3557=FACE_BOUND('',#3323,.T.);
#3558=FACE_BOUND('',#3324,.T.);
#3559=FACE_BOUND('',#3325,.T.);
#3560=FACE_BOUND('',#3326,.T.);
#3561=FACE_BOUND('',#3327,.T.);
#3562=FACE_BOUND('',#3328,.T.);
#3563=FACE_BOUND('',#3329,.T.);
#3564=FACE_BOUND('',#3330,.T.);
#3565=FACE_BOUND('',#3331,.T.);
#3566=FACE_BOUND('',#3332,.T.);
#3567=FACE_BOUND('',#3333,.T.);
#3568=FACE_BOUND('',#3334,.T.);
#3569=FACE_BOUND('',#3335,.T.);
#3570=FACE_BOUND('',#3336,.T.);
#3571=FACE_BOUND('',#3337,.T.);
#3572=FACE_BOUND('',#3338,.T.);
#3573=FACE_BOUND('',#3339,.T.);
#3574=FACE_BOUND('',#3340,.T.);
#3575=FACE_BOUND('',#3341,.T.);
#3576=FACE_BOUND('',#3342,.T.);
#3577=FACE_BOUND('',#3343,.T.);
#3578=FACE_BOUND('',#3344,.T.);
#3579=FACE_BOUND('',#3345,.T.);
#3580=FACE_BOUND('',#3346,.T.);
#3581=FACE_BOUND('',#3347,.T.);
#3582=FACE_BOUND('',#3348,.T.);
#3583=FACE_BOUND('',#3349,.T.);
#3584=FACE_BOUND('',#3350,.T.);
#3585=FACE_BOUND('',#3351,.T.);
#3586=FACE_BOUND('',#3352,.T.);
#3587=FACE_BOUND('',#3353,.T.);
#3588=FACE_BOUND('',#3354,.T.);
#3589=PLANE('',#3945);
#3590=PLANE('',#3967);
#3591=PLANE('',#3968);
#3592=PLANE('',#3969);
#3593=PLANE('',#3970);
#3594=PLANE('',#3971);
#3595=PLANE('',#3972);
#3596=PLANE('',#3973);
#3597=PLANE('',#3974);
#3598=PLANE('',#3975);
#3599=PLANE('',#3976);
#3600=PLANE('',#3977);
#3601=PLANE('',#3978);
#3602=PLANE('',#3979);
#3603=PLANE('',#3980);
#3604=PLANE('',#3981);
#3605=PLANE('',#3984);
#3606=PLANE('',#3985);
#3607=PLANE('',#3986);
#3608=PLANE('',#3989);
#3609=PLANE('',#3990);
#3610=PLANE('',#3991);
#3611=PLANE('',#3992);
#3612=PLANE('',#3993);
#3613=PLANE('',#4020);
#3614=PLANE('',#4021);
#3615=PLANE('',#4022);
#3616=PLANE('',#4023);
#3617=PLANE('',#4024);
#3618=PLANE('',#4025);
#3619=PLANE('',#4032);
#3620=PLANE('',#4035);
#3621=PLANE('',#4036);
#3622=PLANE('',#4037);
#3623=PLANE('',#4038);
#3624=PLANE('',#4039);
#3625=PLANE('',#4040);
#3626=PLANE('',#4041);
#3627=PLANE('',#4042);
#3628=PLANE('',#4043);
#3629=PLANE('',#4047);
#3630=PLANE('',#4048);
#3631=PLANE('',#4081);
#3632=PLANE('',#4084);
#3633=PLANE('',#4087);
#3634=PLANE('',#4090);
#3635=PLANE('',#4093);
#3636=PLANE('',#4113);
#3637=PLANE('',#4115);
#3638=PLANE('',#4117);
#3639=PLANE('',#4119);
#3640=PLANE('',#4121);
#3641=PLANE('',#4123);
#3642=PLANE('',#4125);
#3643=PLANE('',#4127);
#3644=PLANE('',#4129);
#3645=PLANE('',#4131);
#3646=PLANE('',#4133);
#3647=PLANE('',#4135);
#3648=PLANE('',#4137);
#3649=PLANE('',#4139);
#3650=PLANE('',#4141);
#3651=PLANE('',#4143);
#3652=PLANE('',#4145);
#3653=PLANE('',#4147);
#3654=PLANE('',#4149);
#3655=PLANE('',#4150);
#3656=PLANE('',#4151);
#3657=PLANE('',#4153);
#3658=PLANE('',#4154);
#3659=PLANE('',#4155);
#3660=PLANE('',#4156);
#3661=PLANE('',#4157);
#3662=PLANE('',#4158);
#3663=PLANE('',#4159);
#3664=PLANE('',#4160);
#3665=PLANE('',#4161);
#3666=PLANE('',#4162);
#3667=PLANE('',#4163);
#3668=PLANE('',#4164);
#3669=PLANE('',#4165);
#3670=PLANE('',#4166);
#3671=PLANE('',#4167);
#3672=PLANE('',#4168);
#3673=PLANE('',#4169);
#3674=PLANE('',#4170);
#3675=PLANE('',#4171);
#3676=PLANE('',#4172);
#3677=PLANE('',#4173);
#3678=PLANE('',#4174);
#3679=PLANE('',#4175);
#3680=PLANE('',#4176);
#3681=PLANE('',#4177);
#3682=PLANE('',#4178);
#3683=PLANE('',#4179);
#3684=PLANE('',#4180);
#3685=PLANE('',#4181);
#3686=PLANE('',#4182);
#3687=PLANE('',#4183);
#3688=PLANE('',#4184);
#3689=PLANE('',#4185);
#3690=PLANE('',#4186);
#3691=PLANE('',#4187);
#3692=PLANE('',#4188);
#3693=PLANE('',#4189);
#3694=PLANE('',#4190);
#3695=PLANE('',#4191);
#3696=PLANE('',#4192);
#3697=PLANE('',#4193);
#3698=PLANE('',#4194);
#3699=PLANE('',#4195);
#3700=PLANE('',#4196);
#3701=PLANE('',#4197);
#3702=PLANE('',#4198);
#3703=PLANE('',#4199);
#3704=PLANE('',#4200);
#3705=PLANE('',#4202);
#3706=PLANE('',#4203);
#3707=PLANE('',#4204);
#3708=PLANE('',#4205);
#3709=PLANE('',#4206);
#3710=PLANE('',#4207);
#3711=PLANE('',#4209);
#3712=PLANE('',#4210);
#3713=PLANE('',#4211);
#3714=PLANE('',#4235);
#3715=PLANE('',#4238);
#3716=PLANE('',#4241);
#3717=PLANE('',#4245);
#3718=PLANE('',#4247);
#3719=PLANE('',#4248);
#3720=PLANE('',#4251);
#3721=PLANE('',#4254);
#3722=PLANE('',#4255);
#3723=PLANE('',#4256);
#3724=PLANE('',#4257);
#3725=PLANE('',#4258);
#3726=PLANE('',#4259);
#3727=PLANE('',#4260);
#3728=ADVANCED_FACE('',(#3355,#3356,#3357,#3358,#3359),#3589,.F.);
#3729=ADVANCED_FACE('',(#3360),#38,.T.);
#3730=ADVANCED_FACE('',(#3361),#3590,.F.);
#3731=ADVANCED_FACE('',(#3362),#3591,.F.);
#3732=ADVANCED_FACE('',(#3363),#3592,.F.);
#3733=ADVANCED_FACE('',(#3364),#3593,.F.);
#3734=ADVANCED_FACE('',(#3365),#3594,.F.);
#3735=ADVANCED_FACE('',(#3366),#3595,.F.);
#3736=ADVANCED_FACE('',(#3367),#3596,.F.);
#3737=ADVANCED_FACE('',(#3368),#3597,.F.);
#3738=ADVANCED_FACE('',(#3369),#3598,.F.);
#3739=ADVANCED_FACE('',(#3370),#3599,.F.);
#3740=ADVANCED_FACE('',(#3371),#3600,.F.);
#3741=ADVANCED_FACE('',(#3372),#3601,.F.);
#3742=ADVANCED_FACE('',(#3373),#3602,.F.);
#3743=ADVANCED_FACE('',(#3374),#3603,.F.);
#3744=ADVANCED_FACE('',(#3375),#3604,.F.);
#3745=ADVANCED_FACE('',(#3376),#3605,.F.);
#3746=ADVANCED_FACE('',(#3377),#3606,.F.);
#3747=ADVANCED_FACE('',(#3378),#3607,.F.);
#3748=ADVANCED_FACE('',(#3379),#3608,.T.);
#3749=ADVANCED_FACE('',(#3380),#3609,.T.);
#3750=ADVANCED_FACE('',(#3381),#3610,.T.);
#3751=ADVANCED_FACE('',(#3382),#3611,.F.);
#3752=ADVANCED_FACE('',(#3383,#3384,#3385,#3386,#3387,#3388,#3389,#3390,
#3391,#3392,#3393,#3394),#3612,.T.);
#3753=ADVANCED_FACE('',(#3395),#3613,.F.);
#3754=ADVANCED_FACE('',(#3396),#3614,.F.);
#3755=ADVANCED_FACE('',(#3397),#3615,.T.);
#3756=ADVANCED_FACE('',(#3398),#3616,.T.);
#3757=ADVANCED_FACE('',(#3399),#3617,.T.);
#3758=ADVANCED_FACE('',(#3400),#3618,.T.);
#3759=ADVANCED_FACE('',(#3401),#39,.T.);
#3760=ADVANCED_FACE('',(#3402),#40,.T.);
#3761=ADVANCED_FACE('',(#3403),#41,.T.);
#3762=ADVANCED_FACE('',(#3404),#3619,.F.);
#3763=ADVANCED_FACE('',(#3405),#42,.T.);
#3764=ADVANCED_FACE('',(#3406),#3620,.F.);
#3765=ADVANCED_FACE('',(#3407),#3621,.F.);
#3766=ADVANCED_FACE('',(#3408),#3622,.T.);
#3767=ADVANCED_FACE('',(#3409),#3623,.F.);
#3768=ADVANCED_FACE('',(#3410),#3624,.F.);
#3769=ADVANCED_FACE('',(#3411),#3625,.F.);
#3770=ADVANCED_FACE('',(#3412),#3626,.T.);
#3771=ADVANCED_FACE('',(#3413),#3627,.F.);
#3772=ADVANCED_FACE('',(#3414),#3628,.F.);
#3773=ADVANCED_FACE('',(#3415),#3629,.F.);
#3774=ADVANCED_FACE('',(#3416,#3417,#3418,#3419,#3420,#3421,#3422,#3423,
#3424,#3425),#3630,.F.);
#3775=ADVANCED_FACE('',(#3426,#3427),#43,.F.);
#3776=ADVANCED_FACE('',(#3428,#3429),#44,.F.);
#3777=ADVANCED_FACE('',(#3430),#3631,.F.);
#3778=ADVANCED_FACE('',(#3431),#22,.T.);
#3779=ADVANCED_FACE('',(#3432),#3632,.F.);
#3780=ADVANCED_FACE('',(#3433),#23,.T.);
#3781=ADVANCED_FACE('',(#3434),#3633,.F.);
#3782=ADVANCED_FACE('',(#3435),#24,.T.);
#3783=ADVANCED_FACE('',(#3436),#3634,.T.);
#3784=ADVANCED_FACE('',(#3437),#25,.T.);
#3785=ADVANCED_FACE('',(#3438),#3635,.T.);
#3786=ADVANCED_FACE('',(#3439),#45,.T.);
#3787=ADVANCED_FACE('',(#3440),#18,.T.);
#3788=ADVANCED_FACE('',(#3441),#46,.T.);
#3789=ADVANCED_FACE('',(#3442),#19,.T.);
#3790=ADVANCED_FACE('',(#3443),#47,.T.);
#3791=ADVANCED_FACE('',(#3444),#20,.T.);
#3792=ADVANCED_FACE('',(#3445),#48,.T.);
#3793=ADVANCED_FACE('',(#3446),#21,.T.);
#3794=ADVANCED_FACE('',(#3447),#49,.T.);
#3795=ADVANCED_FACE('',(#3448),#3636,.T.);
#3796=ADVANCED_FACE('',(#3449),#50,.F.);
#3797=ADVANCED_FACE('',(#3450),#3637,.F.);
#3798=ADVANCED_FACE('',(#3451),#51,.F.);
#3799=ADVANCED_FACE('',(#3452),#3638,.T.);
#3800=ADVANCED_FACE('',(#3453),#52,.F.);
#3801=ADVANCED_FACE('',(#3454),#3639,.F.);
#3802=ADVANCED_FACE('',(#3455),#53,.F.);
#3803=ADVANCED_FACE('',(#3456),#3640,.T.);
#3804=ADVANCED_FACE('',(#3457),#54,.F.);
#3805=ADVANCED_FACE('',(#3458),#3641,.F.);
#3806=ADVANCED_FACE('',(#3459),#55,.F.);
#3807=ADVANCED_FACE('',(#3460),#3642,.T.);
#3808=ADVANCED_FACE('',(#3461),#56,.F.);
#3809=ADVANCED_FACE('',(#3462),#3643,.F.);
#3810=ADVANCED_FACE('',(#3463),#57,.F.);
#3811=ADVANCED_FACE('',(#3464),#3644,.T.);
#3812=ADVANCED_FACE('',(#3465),#58,.F.);
#3813=ADVANCED_FACE('',(#3466),#3645,.F.);
#3814=ADVANCED_FACE('',(#3467),#59,.F.);
#3815=ADVANCED_FACE('',(#3468),#3646,.T.);
#3816=ADVANCED_FACE('',(#3469),#60,.F.);
#3817=ADVANCED_FACE('',(#3470),#3647,.F.);
#3818=ADVANCED_FACE('',(#3471),#61,.F.);
#3819=ADVANCED_FACE('',(#3472),#3648,.T.);
#3820=ADVANCED_FACE('',(#3473),#62,.F.);
#3821=ADVANCED_FACE('',(#3474),#3649,.F.);
#3822=ADVANCED_FACE('',(#3475),#63,.F.);
#3823=ADVANCED_FACE('',(#3476),#3650,.T.);
#3824=ADVANCED_FACE('',(#3477),#64,.F.);
#3825=ADVANCED_FACE('',(#3478),#3651,.F.);
#3826=ADVANCED_FACE('',(#3479),#65,.F.);
#3827=ADVANCED_FACE('',(#3480),#3652,.T.);
#3828=ADVANCED_FACE('',(#3481),#66,.F.);
#3829=ADVANCED_FACE('',(#3482),#3653,.F.);
#3830=ADVANCED_FACE('',(#3483),#67,.F.);
#3831=ADVANCED_FACE('',(#3484),#3654,.F.);
#3832=ADVANCED_FACE('',(#3485),#3655,.T.);
#3833=ADVANCED_FACE('',(#3486),#3656,.T.);
#3834=ADVANCED_FACE('',(#3487),#3657,.F.);
#3835=ADVANCED_FACE('',(#3488),#3658,.T.);
#3836=ADVANCED_FACE('',(#3489),#3659,.T.);
#3837=ADVANCED_FACE('',(#3490),#3660,.F.);
#3838=ADVANCED_FACE('',(#3491),#3661,.T.);
#3839=ADVANCED_FACE('',(#3492),#3662,.T.);
#3840=ADVANCED_FACE('',(#3493),#3663,.F.);
#3841=ADVANCED_FACE('',(#3494),#3664,.T.);
#3842=ADVANCED_FACE('',(#3495),#3665,.T.);
#3843=ADVANCED_FACE('',(#3496),#3666,.F.);
#3844=ADVANCED_FACE('',(#3497),#3667,.T.);
#3845=ADVANCED_FACE('',(#3498),#3668,.T.);
#3846=ADVANCED_FACE('',(#3499),#3669,.T.);
#3847=ADVANCED_FACE('',(#3500),#3670,.F.);
#3848=ADVANCED_FACE('',(#3501),#3671,.T.);
#3849=ADVANCED_FACE('',(#3502),#3672,.T.);
#3850=ADVANCED_FACE('',(#3503),#3673,.F.);
#3851=ADVANCED_FACE('',(#3504),#3674,.T.);
#3852=ADVANCED_FACE('',(#3505),#3675,.T.);
#3853=ADVANCED_FACE('',(#3506),#3676,.F.);
#3854=ADVANCED_FACE('',(#3507),#3677,.T.);
#3855=ADVANCED_FACE('',(#3508),#3678,.T.);
#3856=ADVANCED_FACE('',(#3509),#3679,.F.);
#3857=ADVANCED_FACE('',(#3510),#3680,.T.);
#3858=ADVANCED_FACE('',(#3511),#3681,.T.);
#3859=ADVANCED_FACE('',(#3512),#3682,.F.);
#3860=ADVANCED_FACE('',(#3513),#3683,.T.);
#3861=ADVANCED_FACE('',(#3514),#3684,.T.);
#3862=ADVANCED_FACE('',(#3515),#3685,.F.);
#3863=ADVANCED_FACE('',(#3516),#3686,.T.);
#3864=ADVANCED_FACE('',(#3517),#3687,.T.);
#3865=ADVANCED_FACE('',(#3518),#3688,.F.);
#3866=ADVANCED_FACE('',(#3519),#3689,.T.);
#3867=ADVANCED_FACE('',(#3520),#3690,.T.);
#3868=ADVANCED_FACE('',(#3521),#3691,.F.);
#3869=ADVANCED_FACE('',(#3522),#3692,.T.);
#3870=ADVANCED_FACE('',(#3523),#3693,.F.);
#3871=ADVANCED_FACE('',(#3524),#3694,.T.);
#3872=ADVANCED_FACE('',(#3525),#3695,.T.);
#3873=ADVANCED_FACE('',(#3526),#3696,.F.);
#3874=ADVANCED_FACE('',(#3527),#3697,.T.);
#3875=ADVANCED_FACE('',(#3528),#3698,.T.);
#3876=ADVANCED_FACE('',(#3529),#3699,.T.);
#3877=ADVANCED_FACE('',(#3530),#3700,.F.);
#3878=ADVANCED_FACE('',(#3531),#3701,.T.);
#3879=ADVANCED_FACE('',(#3532),#3702,.F.);
#3880=ADVANCED_FACE('',(#3533),#3703,.T.);
#3881=ADVANCED_FACE('',(#3534),#3704,.T.);
#3882=ADVANCED_FACE('',(#3535),#3705,.F.);
#3883=ADVANCED_FACE('',(#3536),#3706,.T.);
#3884=ADVANCED_FACE('',(#3537),#3707,.T.);
#3885=ADVANCED_FACE('',(#3538),#3708,.F.);
#3886=ADVANCED_FACE('',(#3539),#3709,.T.);
#3887=ADVANCED_FACE('',(#3540),#3710,.T.);
#3888=ADVANCED_FACE('',(#3541),#3711,.T.);
#3889=ADVANCED_FACE('',(#3542),#3712,.F.);
#3890=ADVANCED_FACE('',(#3543),#3713,.T.);
#3891=ADVANCED_FACE('',(#3544,#3545),#26,.F.);
#3892=ADVANCED_FACE('',(#3546,#3547),#27,.F.);
#3893=ADVANCED_FACE('',(#3548),#68,.T.);
#3894=ADVANCED_FACE('',(#3549),#16,.T.);
#3895=ADVANCED_FACE('',(#3550),#69,.T.);
#3896=ADVANCED_FACE('',(#3551),#70,.T.);
#3897=ADVANCED_FACE('',(#3552),#17,.T.);
#3898=ADVANCED_FACE('',(#3553),#71,.T.);
#3899=ADVANCED_FACE('',(#3554),#72,.T.);
#3900=ADVANCED_FACE('',(#3555),#73,.F.);
#3901=ADVANCED_FACE('',(#3556),#74,.F.);
#3902=ADVANCED_FACE('',(#3557),#75,.F.);
#3903=ADVANCED_FACE('',(#3558),#76,.F.);
#3904=ADVANCED_FACE('',(#3559),#77,.F.);
#3905=ADVANCED_FACE('',(#3560),#78,.F.);
#3906=ADVANCED_FACE('',(#3561),#79,.F.);
#3907=ADVANCED_FACE('',(#3562),#80,.F.);
#3908=ADVANCED_FACE('',(#3563,#3564),#3714,.F.);
#3909=ADVANCED_FACE('',(#3565,#3566),#28,.F.);
#3910=ADVANCED_FACE('',(#3567,#3568),#3715,.F.);
#3911=ADVANCED_FACE('',(#3569,#3570),#29,.F.);
#3912=ADVANCED_FACE('',(#3571),#3716,.F.);
#3913=ADVANCED_FACE('',(#3572),#30,.F.);
#3914=ADVANCED_FACE('',(#3573),#3717,.F.);
#3915=ADVANCED_FACE('',(#3574),#31,.F.);
#3916=ADVANCED_FACE('',(#3575),#3718,.F.);
#3917=ADVANCED_FACE('',(#3576),#3719,.F.);
#3918=ADVANCED_FACE('',(#3577),#32,.F.);
#3919=ADVANCED_FACE('',(#3578),#3720,.F.);
#3920=ADVANCED_FACE('',(#3579),#33,.F.);
#3921=ADVANCED_FACE('',(#3580),#3721,.F.);
#3922=ADVANCED_FACE('',(#3581),#3722,.F.);
#3923=ADVANCED_FACE('',(#3582),#3723,.T.);
#3924=ADVANCED_FACE('',(#3583),#3724,.F.);
#3925=ADVANCED_FACE('',(#3584),#3725,.T.);
#3926=ADVANCED_FACE('',(#3585),#3726,.T.);
#3927=ADVANCED_FACE('',(#3586),#3727,.F.);
#3928=ADVANCED_FACE('',(#3587),#81,.T.);
#3929=ADVANCED_FACE('',(#3588),#82,.T.);
#3930=CLOSED_SHELL('',(#3728,#3729,#3730,#3731,#3732,#3733,#3734,#3735,
#3736,#3737,#3738,#3739,#3740,#3741,#3742,#3743,#3744,#3745,#3746,#3747,
#3748,#3749,#3750,#3751,#3752,#3753,#3754,#3755,#3756,#3757,#3758,#3759,
#3760,#3761,#3762,#3763,#3764,#3765,#3766,#3767,#3768,#3769,#3770,#3771,
#3772,#3773,#3774,#3775,#3776,#3777,#3778,#3779,#3780,#3781,#3782,#3783,
#3784,#3785,#3786,#3787,#3788,#3789,#3790,#3791,#3792,#3793,#3794,#3795,
#3796,#3797,#3798,#3799,#3800,#3801,#3802,#3803,#3804,#3805,#3806,#3807,
#3808,#3809,#3810,#3811,#3812,#3813,#3814,#3815,#3816,#3817,#3818,#3819,
#3820,#3821,#3822,#3823,#3824,#3825,#3826,#3827,#3828,#3829,#3830,#3831,
#3832,#3833,#3834,#3835,#3836,#3837,#3838,#3839,#3840,#3841,#3842,#3843,
#3844,#3845,#3846,#3847,#3848,#3849,#3850,#3851,#3852,#3853,#3854,#3855,
#3856,#3857,#3858,#3859,#3860,#3861,#3862,#3863,#3864,#3865,#3866,#3867,
#3868,#3869,#3870,#3871,#3872,#3873,#3874,#3875,#3876,#3877,#3878,#3879,
#3880,#3881,#3882,#3883,#3884,#3885,#3886,#3887,#3888,#3889,#3890,#3891,
#3892,#3893,#3894,#3895,#3896,#3897,#3898,#3899,#3900,#3901,#3902,#3903,
#3904,#3905,#3906,#3907,#3908,#3909,#3910,#3911,#3912,#3913,#3914,#3915,
#3916,#3917,#3918,#3919,#3920,#3921,#3922,#3923,#3924,#3925,#3926,#3927,
#3928,#3929));
#3931=STYLED_ITEM('',(#3932),#3939);
#3932=PRESENTATION_STYLE_ASSIGNMENT((#3933));
#3933=SURFACE_STYLE_USAGE(.BOTH.,#3934);
#3934=SURFACE_SIDE_STYLE('',(#3935));
#3935=SURFACE_STYLE_FILL_AREA(#3936);
#3936=FILL_AREA_STYLE('',(#3937));
#3937=FILL_AREA_STYLE_COLOUR('',#3938);
#3938=COLOUR_RGB('',0.647058823529412,0.647058823529412,0.647058823529412);
#3939=MANIFOLD_SOLID_BREP('Top Shell',#3930);
#3940=SHAPE_DEFINITION_REPRESENTATION(#6484,#3942);
#3941=SHAPE_DEFINITION_REPRESENTATION(#6485,#3943);
#3942=SHAPE_REPRESENTATION('Top Shell',(#3944,#4263),#6477);
#3943=SHAPE_REPRESENTATION('Top Shell',(#3944),#6478);
#3944=AXIS2_PLACEMENT_3D('',#5346,#4264,#4265);
#3945=AXIS2_PLACEMENT_3D('',#5347,#4266,#4267);
#3946=AXIS2_PLACEMENT_3D('',#5348,#4268,#4269);
#3947=AXIS2_PLACEMENT_3D('',#5353,#4271,#4272);
#3948=AXIS2_PLACEMENT_3D('',#5356,#4274,#4275);
#3949=AXIS2_PLACEMENT_3D('',#5361,#4277,#4278);
#3950=AXIS2_PLACEMENT_3D('',#5364,#4280,#4281);
#3951=AXIS2_PLACEMENT_3D('',#5366,#4282,#4283);
#3952=AXIS2_PLACEMENT_3D('',#5371,#4285,#4286);
#3953=AXIS2_PLACEMENT_3D('',#5373,#4287,#4288);
#3954=AXIS2_PLACEMENT_3D('',#5377,#4290,#4291);
#3955=AXIS2_PLACEMENT_3D('',#5379,#4292,#4293);
#3956=AXIS2_PLACEMENT_3D('',#5387,#4297,#4298);
#3957=AXIS2_PLACEMENT_3D('',#5391,#4300,#4301);
#3958=AXIS2_PLACEMENT_3D('',#5399,#4305,#4306);
#3959=AXIS2_PLACEMENT_3D('',#5403,#4308,#4309);
#3960=AXIS2_PLACEMENT_3D('',#5407,#4311,#4312);
#3961=AXIS2_PLACEMENT_3D('',#5411,#4314,#4315);
#3962=AXIS2_PLACEMENT_3D('',#5419,#4319,#4320);
#3963=AXIS2_PLACEMENT_3D('',#5423,#4322,#4323);
#3964=AXIS2_PLACEMENT_3D('',#5428,#4326,#4327);
#3965=AXIS2_PLACEMENT_3D('',#5432,#4329,#4330);
#3966=AXIS2_PLACEMENT_3D('',#5437,#4333,#4334);
#3967=AXIS2_PLACEMENT_3D('',#5438,#4335,#4336);
#3968=AXIS2_PLACEMENT_3D('',#5447,#4341,#4342);
#3969=AXIS2_PLACEMENT_3D('',#5456,#4347,#4348);
#3970=AXIS2_PLACEMENT_3D('',#5465,#4353,#4354);
#3971=AXIS2_PLACEMENT_3D('',#5474,#4359,#4360);
#3972=AXIS2_PLACEMENT_3D('',#5483,#4365,#4366);
#3973=AXIS2_PLACEMENT_3D('',#5492,#4371,#4372);
#3974=AXIS2_PLACEMENT_3D('',#5501,#4377,#4378);
#3975=AXIS2_PLACEMENT_3D('',#5510,#4383,#4384);
#3976=AXIS2_PLACEMENT_3D('',#5519,#4389,#4390);
#3977=AXIS2_PLACEMENT_3D('',#5528,#4395,#4396);
#3978=AXIS2_PLACEMENT_3D('',#5537,#4401,#4402);
#3979=AXIS2_PLACEMENT_3D('',#5546,#4407,#4408);
#3980=AXIS2_PLACEMENT_3D('',#5555,#4413,#4414);
#3981=AXIS2_PLACEMENT_3D('',#5564,#4419,#4420);
#3982=AXIS2_PLACEMENT_3D('',#5572,#4424,#4425);
#3983=AXIS2_PLACEMENT_3D('',#5578,#4428,#4429);
#3984=AXIS2_PLACEMENT_3D('',#5579,#4430,#4431);
#3985=AXIS2_PLACEMENT_3D('',#5588,#4436,#4437);
#3986=AXIS2_PLACEMENT_3D('',#5597,#4442,#4443);
#3987=AXIS2_PLACEMENT_3D('',#5601,#4445,#4446);
#3988=AXIS2_PLACEMENT_3D('',#5607,#4449,#4450);
#3989=AXIS2_PLACEMENT_3D('',#5612,#4453,#4454);
#3990=AXIS2_PLACEMENT_3D('',#5651,#4477,#4478);
#3991=AXIS2_PLACEMENT_3D('',#5697,#4506,#4507);
#3992=AXIS2_PLACEMENT_3D('',#5734,#4528,#4529);
#3993=AXIS2_PLACEMENT_3D('',#5737,#4532,#4533);
#3994=AXIS2_PLACEMENT_3D('',#5738,#4534,#4535);
#3995=AXIS2_PLACEMENT_3D('',#5740,#4536,#4537);
#3996=AXIS2_PLACEMENT_3D('',#5742,#4538,#4539);
#3997=AXIS2_PLACEMENT_3D('',#5747,#4541,#4542);
#3998=AXIS2_PLACEMENT_3D('',#5750,#4544,#4545);
#3999=AXIS2_PLACEMENT_3D('',#5755,#4547,#4548);
#4000=AXIS2_PLACEMENT_3D('',#5758,#4550,#4551);
#4001=AXIS2_PLACEMENT_3D('',#5763,#4553,#4554);
#4002=AXIS2_PLACEMENT_3D('',#5766,#4556,#4557);
#4003=AXIS2_PLACEMENT_3D('',#5771,#4559,#4560);
#4004=AXIS2_PLACEMENT_3D('',#5774,#4562,#4563);
#4005=AXIS2_PLACEMENT_3D('',#5779,#4565,#4566);
#4006=AXIS2_PLACEMENT_3D('',#5782,#4568,#4569);
#4007=AXIS2_PLACEMENT_3D('',#5787,#4571,#4572);
#4008=AXIS2_PLACEMENT_3D('',#5790,#4574,#4575);
#4009=AXIS2_PLACEMENT_3D('',#5795,#4577,#4578);
#4010=AXIS2_PLACEMENT_3D('',#5798,#4580,#4581);
#4011=AXIS2_PLACEMENT_3D('',#5803,#4583,#4584);
#4012=AXIS2_PLACEMENT_3D('',#5806,#4586,#4587);
#4013=AXIS2_PLACEMENT_3D('',#5811,#4589,#4590);
#4014=AXIS2_PLACEMENT_3D('',#5817,#4593,#4594);
#4015=AXIS2_PLACEMENT_3D('',#5825,#4598,#4599);
#4016=AXIS2_PLACEMENT_3D('',#5829,#4601,#4602);
#4017=AXIS2_PLACEMENT_3D('',#5833,#4604,#4605);
#4018=AXIS2_PLACEMENT_3D('',#5837,#4607,#4608);
#4019=AXIS2_PLACEMENT_3D('',#5841,#4610,#4611);
#4020=AXIS2_PLACEMENT_3D('',#5842,#4612,#4613);
#4021=AXIS2_PLACEMENT_3D('',#5846,#4616,#4617);
#4022=AXIS2_PLACEMENT_3D('',#5852,#4621,#4622);
#4023=AXIS2_PLACEMENT_3D('',#5858,#4626,#4627);
#4024=AXIS2_PLACEMENT_3D('',#5867,#4632,#4633);
#4025=AXIS2_PLACEMENT_3D('',#5877,#4640,#4641);
#4026=AXIS2_PLACEMENT_3D('',#5883,#4645,#4646);
#4027=AXIS2_PLACEMENT_3D('',#5884,#4647,#4648);
#4028=AXIS2_PLACEMENT_3D('',#5885,#4649,#4650);
#4029=AXIS2_PLACEMENT_3D('',#5886,#4651,#4652);
#4030=AXIS2_PLACEMENT_3D('',#5887,#4653,#4654);
#4031=AXIS2_PLACEMENT_3D('',#5890,#4656,#4657);
#4032=AXIS2_PLACEMENT_3D('',#5891,#4658,#4659);
#4033=AXIS2_PLACEMENT_3D('',#5925,#4680,#4681);
#4034=AXIS2_PLACEMENT_3D('',#5928,#4683,#4684);
#4035=AXIS2_PLACEMENT_3D('',#5929,#4685,#4686);
#4036=AXIS2_PLACEMENT_3D('',#5933,#4689,#4690);
#4037=AXIS2_PLACEMENT_3D('',#5946,#4698,#4699);
#4038=AXIS2_PLACEMENT_3D('',#5952,#4703,#4704);
#4039=AXIS2_PLACEMENT_3D('',#5962,#4710,#4711);
#4040=AXIS2_PLACEMENT_3D('',#5996,#4731,#4732);
#4041=AXIS2_PLACEMENT_3D('',#6042,#4760,#4761);
#4042=AXIS2_PLACEMENT_3D('',#6052,#4767,#4768);
#4043=AXIS2_PLACEMENT_3D('',#6055,#4771,#4772);
#4044=AXIS2_PLACEMENT_3D('',#6056,#4773,#4774);
#4045=AXIS2_PLACEMENT_3D('',#6057,#4775,#4776);
#4046=AXIS2_PLACEMENT_3D('',#6059,#4778,#4779);
#4047=AXIS2_PLACEMENT_3D('',#6060,#4780,#4781);
#4048=AXIS2_PLACEMENT_3D('',#6061,#4782,#4783);
#4049=AXIS2_PLACEMENT_3D('',#6062,#4784,#4785);
#4050=AXIS2_PLACEMENT_3D('',#6067,#4787,#4788);
#4051=AXIS2_PLACEMENT_3D('',#6070,#4790,#4791);
#4052=AXIS2_PLACEMENT_3D('',#6075,#4793,#4794);
#4053=AXIS2_PLACEMENT_3D('',#6078,#4796,#4797);
#4054=AXIS2_PLACEMENT_3D('',#6083,#4799,#4800);
#4055=AXIS2_PLACEMENT_3D('',#6086,#4802,#4803);
#4056=AXIS2_PLACEMENT_3D('',#6091,#4805,#4806);
#4057=AXIS2_PLACEMENT_3D('',#6094,#4808,#4809);
#4058=AXIS2_PLACEMENT_3D('',#6099,#4811,#4812);
#4059=AXIS2_PLACEMENT_3D('',#6102,#4814,#4815);
#4060=AXIS2_PLACEMENT_3D('',#6107,#4817,#4818);
#4061=AXIS2_PLACEMENT_3D('',#6110,#4820,#4821);
#4062=AXIS2_PLACEMENT_3D('',#6115,#4823,#4824);
#4063=AXIS2_PLACEMENT_3D('',#6118,#4826,#4827);
#4064=AXIS2_PLACEMENT_3D('',#6123,#4829,#4830);
#4065=AXIS2_PLACEMENT_3D('',#6126,#4832,#4833);
#4066=AXIS2_PLACEMENT_3D('',#6131,#4835,#4836);
#4067=AXIS2_PLACEMENT_3D('',#6134,#4838,#4839);
#4068=AXIS2_PLACEMENT_3D('',#6135,#4840,#4841);
#4069=AXIS2_PLACEMENT_3D('',#6136,#4842,#4843);
#4070=AXIS2_PLACEMENT_3D('',#6138,#4844,#4845);
#4071=AXIS2_PLACEMENT_3D('',#6139,#4846,#4847);
#4072=AXIS2_PLACEMENT_3D('',#6141,#4848,#4849);
#4073=AXIS2_PLACEMENT_3D('',#6142,#4850,#4851);
#4074=AXIS2_PLACEMENT_3D('',#6143,#4852,#4853);
#4075=AXIS2_PLACEMENT_3D('',#6144,#4854,#4855);
#4076=AXIS2_PLACEMENT_3D('',#6145,#4856,#4857);
#4077=AXIS2_PLACEMENT_3D('',#6147,#4858,#4859);
#4078=AXIS2_PLACEMENT_3D('',#6149,#4860,#4861);
#4079=AXIS2_PLACEMENT_3D('',#6150,#4862,#4863);
#4080=AXIS2_PLACEMENT_3D('',#6152,#4864,#4865);
#4081=AXIS2_PLACEMENT_3D('',#6154,#4866,#4867);
#4082=AXIS2_PLACEMENT_3D('',#6160,#4871,#4872);
#4083=AXIS2_PLACEMENT_3D('',#6161,#4873,#4874);
#4084=AXIS2_PLACEMENT_3D('',#6164,#4876,#4877);
#4085=AXIS2_PLACEMENT_3D('',#6168,#4880,#4881);
#4086=AXIS2_PLACEMENT_3D('',#6169,#4882,#4883);
#4087=AXIS2_PLACEMENT_3D('',#6172,#4885,#4886);
#4088=AXIS2_PLACEMENT_3D('',#6176,#4889,#4890);
#4089=AXIS2_PLACEMENT_3D('',#6177,#4891,#4892);
#4090=AXIS2_PLACEMENT_3D('',#6180,#4894,#4895);
#4091=AXIS2_PLACEMENT_3D('',#6184,#4898,#4899);
#4092=AXIS2_PLACEMENT_3D('',#6185,#4900,#4901);
#4093=AXIS2_PLACEMENT_3D('',#6188,#4903,#4904);
#4094=AXIS2_PLACEMENT_3D('',#6192,#4907,#4908);
#4095=AXIS2_PLACEMENT_3D('',#6193,#4909,#4910);
#4096=AXIS2_PLACEMENT_3D('',#6194,#4911,#4912);
#4097=AXIS2_PLACEMENT_3D('',#6195,#4913,#4914);
#4098=AXIS2_PLACEMENT_3D('',#6196,#4915,#4916);
#4099=AXIS2_PLACEMENT_3D('',#6197,#4917,#4918);
#4100=AXIS2_PLACEMENT_3D('',#6198,#4919,#4920);
#4101=AXIS2_PLACEMENT_3D('',#6199,#4921,#4922);
#4102=AXIS2_PLACEMENT_3D('',#6200,#4923,#4924);
#4103=AXIS2_PLACEMENT_3D('',#6201,#4925,#4926);
#4104=AXIS2_PLACEMENT_3D('',#6202,#4927,#4928);
#4105=AXIS2_PLACEMENT_3D('',#6203,#4929,#4930);
#4106=AXIS2_PLACEMENT_3D('',#6204,#4931,#4932);
#4107=AXIS2_PLACEMENT_3D('',#6205,#4933,#4934);
#4108=AXIS2_PLACEMENT_3D('',#6206,#4935,#4936);
#4109=AXIS2_PLACEMENT_3D('',#6207,#4937,#4938);
#4110=AXIS2_PLACEMENT_3D('',#6208,#4939,#4940);
#4111=AXIS2_PLACEMENT_3D('',#6209,#4941,#4942);
#4112=AXIS2_PLACEMENT_3D('',#6210,#4943,#4944);
#4113=AXIS2_PLACEMENT_3D('',#6211,#4945,#4946);
#4114=AXIS2_PLACEMENT_3D('',#6214,#4949,#4950);
#4115=AXIS2_PLACEMENT_3D('',#6216,#4952,#4953);
#4116=AXIS2_PLACEMENT_3D('',#6218,#4955,#4956);
#4117=AXIS2_PLACEMENT_3D('',#6219,#4957,#4958);
#4118=AXIS2_PLACEMENT_3D('',#6222,#4961,#4962);
#4119=AXIS2_PLACEMENT_3D('',#6224,#4964,#4965);
#4120=AXIS2_PLACEMENT_3D('',#6226,#4967,#4968);
#4121=AXIS2_PLACEMENT_3D('',#6227,#4969,#4970);
#4122=AXIS2_PLACEMENT_3D('',#6230,#4973,#4974);
#4123=AXIS2_PLACEMENT_3D('',#6232,#4976,#4977);
#4124=AXIS2_PLACEMENT_3D('',#6234,#4979,#4980);
#4125=AXIS2_PLACEMENT_3D('',#6235,#4981,#4982);
#4126=AXIS2_PLACEMENT_3D('',#6238,#4985,#4986);
#4127=AXIS2_PLACEMENT_3D('',#6240,#4988,#4989);
#4128=AXIS2_PLACEMENT_3D('',#6242,#4991,#4992);
#4129=AXIS2_PLACEMENT_3D('',#6243,#4993,#4994);
#4130=AXIS2_PLACEMENT_3D('',#6246,#4997,#4998);
#4131=AXIS2_PLACEMENT_3D('',#6248,#5000,#5001);
#4132=AXIS2_PLACEMENT_3D('',#6250,#5003,#5004);
#4133=AXIS2_PLACEMENT_3D('',#6251,#5005,#5006);
#4134=AXIS2_PLACEMENT_3D('',#6254,#5009,#5010);
#4135=AXIS2_PLACEMENT_3D('',#6256,#5012,#5013);
#4136=AXIS2_PLACEMENT_3D('',#6258,#5015,#5016);
#4137=AXIS2_PLACEMENT_3D('',#6259,#5017,#5018);
#4138=AXIS2_PLACEMENT_3D('',#6262,#5021,#5022);
#4139=AXIS2_PLACEMENT_3D('',#6264,#5024,#5025);
#4140=AXIS2_PLACEMENT_3D('',#6266,#5027,#5028);
#4141=AXIS2_PLACEMENT_3D('',#6267,#5029,#5030);
#4142=AXIS2_PLACEMENT_3D('',#6270,#5033,#5034);
#4143=AXIS2_PLACEMENT_3D('',#6272,#5036,#5037);
#4144=AXIS2_PLACEMENT_3D('',#6274,#5039,#5040);
#4145=AXIS2_PLACEMENT_3D('',#6275,#5041,#5042);
#4146=AXIS2_PLACEMENT_3D('',#6278,#5045,#5046);
#4147=AXIS2_PLACEMENT_3D('',#6280,#5048,#5049);
#4148=AXIS2_PLACEMENT_3D('',#6282,#5051,#5052);
#4149=AXIS2_PLACEMENT_3D('',#6283,#5053,#5054);
#4150=AXIS2_PLACEMENT_3D('',#6287,#5057,#5058);
#4151=AXIS2_PLACEMENT_3D('',#6289,#5060,#5061);
#4152=AXIS2_PLACEMENT_3D('',#6290,#5062,#5063);
#4153=AXIS2_PLACEMENT_3D('',#6291,#5064,#5065);
#4154=AXIS2_PLACEMENT_3D('',#6293,#5067,#5068);
#4155=AXIS2_PLACEMENT_3D('',#6295,#5070,#5071);
#4156=AXIS2_PLACEMENT_3D('',#6296,#5072,#5073);
#4157=AXIS2_PLACEMENT_3D('',#6298,#5075,#5076);
#4158=AXIS2_PLACEMENT_3D('',#6300,#5078,#5079);
#4159=AXIS2_PLACEMENT_3D('',#6301,#5080,#5081);
#4160=AXIS2_PLACEMENT_3D('',#6303,#5083,#5084);
#4161=AXIS2_PLACEMENT_3D('',#6305,#5086,#5087);
#4162=AXIS2_PLACEMENT_3D('',#6306,#5088,#5089);
#4163=AXIS2_PLACEMENT_3D('',#6308,#5091,#5092);
#4164=AXIS2_PLACEMENT_3D('',#6310,#5094,#5095);
#4165=AXIS2_PLACEMENT_3D('',#6311,#5096,#5097);
#4166=AXIS2_PLACEMENT_3D('',#6313,#5099,#5100);
#4167=AXIS2_PLACEMENT_3D('',#6315,#5102,#5103);
#4168=AXIS2_PLACEMENT_3D('',#6316,#5104,#5105);
#4169=AXIS2_PLACEMENT_3D('',#6318,#5107,#5108);
#4170=AXIS2_PLACEMENT_3D('',#6320,#5110,#5111);
#4171=AXIS2_PLACEMENT_3D('',#6321,#5112,#5113);
#4172=AXIS2_PLACEMENT_3D('',#6323,#5115,#5116);
#4173=AXIS2_PLACEMENT_3D('',#6325,#5118,#5119);
#4174=AXIS2_PLACEMENT_3D('',#6326,#5120,#5121);
#4175=AXIS2_PLACEMENT_3D('',#6328,#5123,#5124);
#4176=AXIS2_PLACEMENT_3D('',#6330,#5126,#5127);
#4177=AXIS2_PLACEMENT_3D('',#6331,#5128,#5129);
#4178=AXIS2_PLACEMENT_3D('',#6333,#5131,#5132);
#4179=AXIS2_PLACEMENT_3D('',#6335,#5134,#5135);
#4180=AXIS2_PLACEMENT_3D('',#6336,#5136,#5137);
#4181=AXIS2_PLACEMENT_3D('',#6338,#5139,#5140);
#4182=AXIS2_PLACEMENT_3D('',#6340,#5142,#5143);
#4183=AXIS2_PLACEMENT_3D('',#6341,#5144,#5145);
#4184=AXIS2_PLACEMENT_3D('',#6343,#5147,#5148);
#4185=AXIS2_PLACEMENT_3D('',#6345,#5150,#5151);
#4186=AXIS2_PLACEMENT_3D('',#6346,#5152,#5153);
#4187=AXIS2_PLACEMENT_3D('',#6348,#5155,#5156);
#4188=AXIS2_PLACEMENT_3D('',#6350,#5158,#5159);
#4189=AXIS2_PLACEMENT_3D('',#6351,#5160,#5161);
#4190=AXIS2_PLACEMENT_3D('',#6353,#5163,#5164);
#4191=AXIS2_PLACEMENT_3D('',#6355,#5166,#5167);
#4192=AXIS2_PLACEMENT_3D('',#6356,#5168,#5169);
#4193=AXIS2_PLACEMENT_3D('',#6358,#5171,#5172);
#4194=AXIS2_PLACEMENT_3D('',#6360,#5174,#5175);
#4195=AXIS2_PLACEMENT_3D('',#6361,#5176,#5177);
#4196=AXIS2_PLACEMENT_3D('',#6363,#5179,#5180);
#4197=AXIS2_PLACEMENT_3D('',#6365,#5182,#5183);
#4198=AXIS2_PLACEMENT_3D('',#6366,#5184,#5185);
#4199=AXIS2_PLACEMENT_3D('',#6368,#5187,#5188);
#4200=AXIS2_PLACEMENT_3D('',#6372,#5191,#5192);
#4201=AXIS2_PLACEMENT_3D('',#6373,#5193,#5194);
#4202=AXIS2_PLACEMENT_3D('',#6374,#5195,#5196);
#4203=AXIS2_PLACEMENT_3D('',#6376,#5198,#5199);
#4204=AXIS2_PLACEMENT_3D('',#6378,#5201,#5202);
#4205=AXIS2_PLACEMENT_3D('',#6379,#5203,#5204);
#4206=AXIS2_PLACEMENT_3D('',#6381,#5206,#5207);
#4207=AXIS2_PLACEMENT_3D('',#6383,#5209,#5210);
#4208=AXIS2_PLACEMENT_3D('',#6384,#5211,#5212);
#4209=AXIS2_PLACEMENT_3D('',#6385,#5213,#5214);
#4210=AXIS2_PLACEMENT_3D('',#6387,#5216,#5217);
#4211=AXIS2_PLACEMENT_3D('',#6389,#5219,#5220);
#4212=AXIS2_PLACEMENT_3D('',#6390,#5221,#5222);
#4213=AXIS2_PLACEMENT_3D('',#6391,#5223,#5224);
#4214=AXIS2_PLACEMENT_3D('',#6392,#5225,#5226);
#4215=AXIS2_PLACEMENT_3D('',#6393,#5227,#5228);
#4216=AXIS2_PLACEMENT_3D('',#6394,#5229,#5230);
#4217=AXIS2_PLACEMENT_3D('',#6395,#5231,#5232);
#4218=AXIS2_PLACEMENT_3D('',#6396,#5233,#5234);
#4219=AXIS2_PLACEMENT_3D('',#6397,#5235,#5236);
#4220=AXIS2_PLACEMENT_3D('',#6398,#5237,#5238);
#4221=AXIS2_PLACEMENT_3D('',#6399,#5239,#5240);
#4222=AXIS2_PLACEMENT_3D('',#6400,#5241,#5242);
#4223=AXIS2_PLACEMENT_3D('',#6401,#5243,#5244);
#4224=AXIS2_PLACEMENT_3D('',#6402,#5245,#5246);
#4225=AXIS2_PLACEMENT_3D('',#6403,#5247,#5248);
#4226=AXIS2_PLACEMENT_3D('',#6406,#5250,#5251);
#4227=AXIS2_PLACEMENT_3D('',#6407,#5252,#5253);
#4228=AXIS2_PLACEMENT_3D('',#6408,#5254,#5255);
#4229=AXIS2_PLACEMENT_3D('',#6409,#5256,#5257);
#4230=AXIS2_PLACEMENT_3D('',#6410,#5258,#5259);
#4231=AXIS2_PLACEMENT_3D('',#6411,#5260,#5261);
#4232=AXIS2_PLACEMENT_3D('',#6412,#5262,#5263);
#4233=AXIS2_PLACEMENT_3D('',#6414,#5265,#5266);
#4234=AXIS2_PLACEMENT_3D('',#6416,#5268,#5269);
#4235=AXIS2_PLACEMENT_3D('',#6417,#5270,#5271);
#4236=AXIS2_PLACEMENT_3D('',#6418,#5272,#5273);
#4237=AXIS2_PLACEMENT_3D('',#6420,#5274,#5275);
#4238=AXIS2_PLACEMENT_3D('',#6421,#5276,#5277);
#4239=AXIS2_PLACEMENT_3D('',#6422,#5278,#5279);
#4240=AXIS2_PLACEMENT_3D('',#6424,#5280,#5281);
#4241=AXIS2_PLACEMENT_3D('',#6425,#5282,#5283);
#4242=AXIS2_PLACEMENT_3D('',#6429,#5285,#5286);
#4243=AXIS2_PLACEMENT_3D('',#6433,#5288,#5289);
#4244=AXIS2_PLACEMENT_3D('',#6434,#5290,#5291);
#4245=AXIS2_PLACEMENT_3D('',#6437,#5294,#5295);
#4246=AXIS2_PLACEMENT_3D('',#6439,#5297,#5298);
#4247=AXIS2_PLACEMENT_3D('',#6441,#5300,#5301);
#4248=AXIS2_PLACEMENT_3D('',#6442,#5302,#5303);
#4249=AXIS2_PLACEMENT_3D('',#6448,#5307,#5308);
#4250=AXIS2_PLACEMENT_3D('',#6449,#5309,#5310);
#4251=AXIS2_PLACEMENT_3D('',#6452,#5312,#5313);
#4252=AXIS2_PLACEMENT_3D('',#6456,#5316,#5317);
#4253=AXIS2_PLACEMENT_3D('',#6457,#5318,#5319);
#4254=AXIS2_PLACEMENT_3D('',#6458,#5320,#5321);
#4255=AXIS2_PLACEMENT_3D('',#6459,#5322,#5323);
#4256=AXIS2_PLACEMENT_3D('',#6463,#5326,#5327);
#4257=AXIS2_PLACEMENT_3D('',#6465,#5329,#5330);
#4258=AXIS2_PLACEMENT_3D('',#6469,#5333,#5334);
#4259=AXIS2_PLACEMENT_3D('',#6471,#5336,#5337);
#4260=AXIS2_PLACEMENT_3D('',#6472,#5338,#5339);
#4261=AXIS2_PLACEMENT_3D('',#6473,#5340,#5341);
#4262=AXIS2_PLACEMENT_3D('',#6474,#5342,#5343);
#4263=AXIS2_PLACEMENT_3D('',#6475,#5344,#5345);
#4264=DIRECTION('',(0.,0.,1.));
#4265=DIRECTION('',(1.,0.,0.));
#4266=DIRECTION('',(0.,0.,1.));
#4267=DIRECTION('',(1.,0.,0.));
#4268=DIRECTION('',(0.,0.,1.));
#4269=DIRECTION('',(1.,0.,0.));
#4270=DIRECTION('',(1.,0.,0.));
#4271=DIRECTION('',(0.,0.,1.));
#4272=DIRECTION('',(1.,0.,0.));
#4273=DIRECTION('',(-1.,0.,0.));
#4274=DIRECTION('',(0.,0.,1.));
#4275=DIRECTION('',(1.,0.,0.));
#4276=DIRECTION('',(1.,0.,0.));
#4277=DIRECTION('',(0.,0.,1.));
#4278=DIRECTION('',(1.,0.,0.));
#4279=DIRECTION('',(-1.,0.,0.));
#4280=DIRECTION('',(0.,0.,1.));
#4281=DIRECTION('',(1.,0.,0.));
#4282=DIRECTION('',(0.,0.,1.));
#4283=DIRECTION('',(1.,0.,0.));
#4284=DIRECTION('',(0.383681554026488,0.923465465028238,0.));
#4285=DIRECTION('',(0.,0.,1.));
#4286=DIRECTION('',(1.,0.,0.));
#4287=DIRECTION('',(0.,0.,1.));
#4288=DIRECTION('',(1.,0.,0.));
#4289=DIRECTION('',(0.,-1.,0.));
#4290=DIRECTION('',(0.,0.,1.));
#4291=DIRECTION('',(1.,0.,0.));
#4292=DIRECTION('',(0.,0.,1.));
#4293=DIRECTION('',(1.,0.,0.));
#4294=DIRECTION('',(0.383681554026487,-0.923465465028238,0.));
#4295=DIRECTION('',(0.,-1.,0.));
#4296=DIRECTION('',(-1.,1.32169407693471E-16,0.));
#4297=DIRECTION('',(0.,0.,1.));
#4298=DIRECTION('',(1.,0.,0.));
#4299=DIRECTION('',(0.,1.,0.));
#4300=DIRECTION('',(0.,0.,1.));
#4301=DIRECTION('',(1.,0.,0.));
#4302=DIRECTION('',(1.,0.,0.));
#4303=DIRECTION('',(0.,1.,0.));
#4304=DIRECTION('',(1.,0.,0.));
#4305=DIRECTION('',(0.,0.,1.));
#4306=DIRECTION('',(1.,0.,0.));
#4307=DIRECTION('',(1.,0.,0.));
#4308=DIRECTION('',(0.,0.,1.));
#4309=DIRECTION('',(1.,0.,0.));
#4310=DIRECTION('',(0.,-1.,0.));
#4311=DIRECTION('',(0.,0.,1.));
#4312=DIRECTION('',(1.,0.,0.));
#4313=DIRECTION('',(1.,0.,0.));
#4314=DIRECTION('',(0.,0.,1.));
#4315=DIRECTION('',(1.,0.,0.));
#4316=DIRECTION('',(1.,0.,0.));
#4317=DIRECTION('',(0.,-1.,0.));
#4318=DIRECTION('',(1.,0.,0.));
#4319=DIRECTION('',(0.,0.,1.));
#4320=DIRECTION('',(1.,0.,0.));
#4321=DIRECTION('',(0.,-1.,0.));
#4322=DIRECTION('',(0.,0.,1.));
#4323=DIRECTION('',(1.,0.,0.));
#4324=DIRECTION('',(-1.,1.32169407693471E-16,0.));
#4325=DIRECTION('',(0.,1.,0.));
#4326=DIRECTION('',(0.,0.,-1.));
#4327=DIRECTION('',(-1.,0.,0.));
#4328=DIRECTION('',(0.,0.,-1.));
#4329=DIRECTION('',(0.406138466053448,0.,0.913811548620257));
#4330=DIRECTION('',(0.913811548620257,0.,-0.406138466053448));
#4331=DIRECTION('',(0.,0.,-1.));
#4332=DIRECTION('',(0.,0.,-1.));
#4333=DIRECTION('',(0.,0.,1.));
#4334=DIRECTION('',(1.,0.,0.));
#4335=DIRECTION('',(0.,0.,1.));
#4336=DIRECTION('',(1.,0.,0.));
#4337=DIRECTION('',(1.,0.,0.));
#4338=DIRECTION('',(0.,-1.,0.));
#4339=DIRECTION('',(1.,0.,0.));
#4340=DIRECTION('',(0.,-1.,0.));
#4341=DIRECTION('',(0.,0.,1.));
#4342=DIRECTION('',(1.,0.,0.));
#4343=DIRECTION('',(0.,1.,0.));
#4344=DIRECTION('',(1.,0.,0.));
#4345=DIRECTION('',(0.,1.,0.));
#4346=DIRECTION('',(-1.,1.32169407693471E-16,0.));
#4347=DIRECTION('',(0.,0.,1.));
#4348=DIRECTION('',(1.,0.,0.));
#4349=DIRECTION('',(0.,1.,0.));
#4350=DIRECTION('',(1.,0.,0.));
#4351=DIRECTION('',(0.,1.,0.));
#4352=DIRECTION('',(-1.,1.32169407693471E-16,0.));
#4353=DIRECTION('',(0.,0.,1.));
#4354=DIRECTION('',(1.,0.,0.));
#4355=DIRECTION('',(0.,1.,0.));
#4356=DIRECTION('',(1.,0.,0.));
#4357=DIRECTION('',(0.,1.,0.));
#4358=DIRECTION('',(-1.,1.32169407693471E-16,0.));
#4359=DIRECTION('',(0.,0.,1.));
#4360=DIRECTION('',(1.,0.,0.));
#4361=DIRECTION('',(1.,0.,0.));
#4362=DIRECTION('',(0.,-1.,0.));
#4363=DIRECTION('',(1.,0.,0.));
#4364=DIRECTION('',(0.,-1.,0.));
#4365=DIRECTION('',(0.,0.,1.));
#4366=DIRECTION('',(1.,0.,0.));
#4367=DIRECTION('',(1.,0.,0.));
#4368=DIRECTION('',(0.,-1.,0.));
#4369=DIRECTION('',(1.,0.,0.));
#4370=DIRECTION('',(0.,-1.,0.));
#4371=DIRECTION('',(0.,0.,1.));
#4372=DIRECTION('',(1.,0.,0.));
#4373=DIRECTION('',(1.,0.,0.));
#4374=DIRECTION('',(0.,-1.,0.));
#4375=DIRECTION('',(1.,0.,0.));
#4376=DIRECTION('',(0.,-1.,0.));
#4377=DIRECTION('',(0.,0.,1.));
#4378=DIRECTION('',(1.,0.,0.));
#4379=DIRECTION('',(1.,0.,0.));
#4380=DIRECTION('',(0.,-1.,0.));
#4381=DIRECTION('',(1.,0.,0.));
#4382=DIRECTION('',(0.,-1.,0.));
#4383=DIRECTION('',(0.,0.,1.));
#4384=DIRECTION('',(1.,0.,0.));
#4385=DIRECTION('',(0.,-1.,0.));
#4386=DIRECTION('',(1.,0.,0.));
#4387=DIRECTION('',(0.,-1.,0.));
#4388=DIRECTION('',(-1.,1.32169407693471E-16,0.));
#4389=DIRECTION('',(0.,0.,1.));
#4390=DIRECTION('',(1.,0.,0.));
#4391=DIRECTION('',(0.,-1.,0.));
#4392=DIRECTION('',(1.,0.,0.));
#4393=DIRECTION('',(0.,-1.,0.));
#4394=DIRECTION('',(-1.,1.32169407693471E-16,0.));
#4395=DIRECTION('',(0.,0.,1.));
#4396=DIRECTION('',(1.,0.,0.));
#4397=DIRECTION('',(0.,-1.,0.));
#4398=DIRECTION('',(1.,0.,0.));
#4399=DIRECTION('',(0.,-1.,0.));
#4400=DIRECTION('',(-1.,1.32169407693471E-16,0.));
#4401=DIRECTION('',(0.,0.,1.));
#4402=DIRECTION('',(1.,0.,0.));
#4403=DIRECTION('',(0.,-1.,0.));
#4404=DIRECTION('',(1.,0.,0.));
#4405=DIRECTION('',(0.,-1.,0.));
#4406=DIRECTION('',(-1.,1.32169407693471E-16,0.));
#4407=DIRECTION('',(0.,0.,1.));
#4408=DIRECTION('',(1.,0.,0.));
#4409=DIRECTION('',(0.,1.,0.));
#4410=DIRECTION('',(1.,0.,0.));
#4411=DIRECTION('',(0.,1.,0.));
#4412=DIRECTION('',(-1.,1.32169407693471E-16,0.));
#4413=DIRECTION('',(0.,0.,1.));
#4414=DIRECTION('',(1.,0.,0.));
#4415=DIRECTION('',(1.,0.,0.));
#4416=DIRECTION('',(0.,1.,0.));
#4417=DIRECTION('',(-1.,1.32169407693471E-16,0.));
#4418=DIRECTION('',(0.,1.,0.));
#4419=DIRECTION('',(0.,0.,1.));
#4420=DIRECTION('',(1.,0.,0.));
#4421=DIRECTION('',(0.,-1.,0.));
#4422=DIRECTION('',(1.,0.,0.));
#4423=DIRECTION('',(0.,-1.,0.));
#4424=DIRECTION('',(0.,0.,1.));
#4425=DIRECTION('',(1.,0.,0.));
#4426=DIRECTION('',(-1.,1.32169407693471E-16,0.));
#4427=DIRECTION('',(0.,-1.,0.));
#4428=DIRECTION('',(0.,0.,1.));
#4429=DIRECTION('',(1.,0.,0.));
#4430=DIRECTION('',(0.,0.,1.));
#4431=DIRECTION('',(1.,0.,0.));
#4432=DIRECTION('',(1.,0.,0.));
#4433=DIRECTION('',(0.,-1.,0.));
#4434=DIRECTION('',(1.,0.,0.));
#4435=DIRECTION('',(0.,-1.,0.));
#4436=DIRECTION('',(0.,0.,1.));
#4437=DIRECTION('',(1.,0.,0.));
#4438=DIRECTION('',(1.,0.,0.));
#4439=DIRECTION('',(0.,-1.,0.));
#4440=DIRECTION('',(1.,0.,0.));
#4441=DIRECTION('',(0.,-1.,0.));
#4442=DIRECTION('',(0.,0.,1.));
#4443=DIRECTION('',(1.,0.,0.));
#4444=DIRECTION('',(0.,-1.,0.));
#4445=DIRECTION('',(0.,0.,1.));
#4446=DIRECTION('',(1.,0.,0.));
#4447=DIRECTION('',(0.,1.,0.));
#4448=DIRECTION('',(-1.,1.32169407693471E-16,0.));
#4449=DIRECTION('',(0.,0.,1.));
#4450=DIRECTION('',(1.,0.,0.));
#4451=DIRECTION('',(0.,-1.,0.));
#4452=DIRECTION('',(1.,0.,0.));
#4453=DIRECTION('',(-1.32169407693471E-16,-1.,0.));
#4454=DIRECTION('',(1.,-1.32169407693471E-16,0.));
#4455=DIRECTION('',(1.,0.,0.));
#4456=DIRECTION('',(0.,0.,-1.));
#4457=DIRECTION('',(0.,0.,-1.));
#4458=DIRECTION('',(1.,0.,0.));
#4459=DIRECTION('',(0.,0.,-1.));
#4460=DIRECTION('',(0.,0.,-1.));
#4461=DIRECTION('',(1.,0.,0.));
#4462=DIRECTION('',(0.,0.,-1.));
#4463=DIRECTION('',(0.,0.,-1.));
#4464=DIRECTION('',(1.,0.,0.));
#4465=DIRECTION('',(0.,0.,-1.));
#4466=DIRECTION('',(0.,0.,-1.));
#4467=DIRECTION('',(1.,0.,0.));
#4468=DIRECTION('',(0.,0.,-1.));
#4469=DIRECTION('',(0.,0.,-1.));
#4470=DIRECTION('',(1.,-1.32169407693471E-16,0.));
#4471=DIRECTION('',(0.,0.,-1.));
#4472=DIRECTION('',(0.,0.,-1.));
#4473=DIRECTION('',(1.,0.,0.));
#4474=DIRECTION('',(0.,0.,-1.));
#4475=DIRECTION('',(-1.,1.32169407693471E-16,0.));
#4476=DIRECTION('',(0.,0.,-1.));
#4477=DIRECTION('',(1.,0.,0.));
#4478=DIRECTION('',(0.,0.,-1.));
#4479=DIRECTION('',(0.,1.,0.));
#4480=DIRECTION('',(0.,0.,-1.));
#4481=DIRECTION('',(0.,0.,-1.));
#4482=DIRECTION('',(0.,1.,0.));
#4483=DIRECTION('',(0.,0.,-1.));
#4484=DIRECTION('',(0.,0.,-1.));
#4485=DIRECTION('',(0.,1.,0.));
#4486=DIRECTION('',(0.,0.,-1.));
#4487=DIRECTION('',(0.,0.,-1.));
#4488=DIRECTION('',(0.,1.,0.));
#4489=DIRECTION('',(0.,0.,-1.));
#4490=DIRECTION('',(0.,0.,-1.));
#4491=DIRECTION('',(0.,1.,0.));
#4492=DIRECTION('',(0.,0.,-1.));
#4493=DIRECTION('',(0.,0.,-1.));
#4494=DIRECTION('',(0.,1.,0.));
#4495=DIRECTION('',(0.,0.,-1.));
#4496=DIRECTION('',(0.,0.,-1.));
#4497=DIRECTION('',(0.,1.,0.));
#4498=DIRECTION('',(0.,0.,-1.));
#4499=DIRECTION('',(0.,0.,-1.));
#4500=DIRECTION('',(0.,1.,0.));
#4501=DIRECTION('',(0.,0.,-1.));
#4502=DIRECTION('',(0.,0.,-1.));
#4503=DIRECTION('',(0.,1.,0.));
#4504=DIRECTION('',(0.,0.,-1.));
#4505=DIRECTION('',(0.,0.,-1.));
#4506=DIRECTION('',(0.,1.,0.));
#4507=DIRECTION('',(0.,0.,1.));
#4508=DIRECTION('',(1.,0.,0.));
#4509=DIRECTION('',(0.,0.,-1.));
#4510=DIRECTION('',(1.,0.,0.));
#4511=DIRECTION('',(0.,0.,-1.));
#4512=DIRECTION('',(0.,0.,-1.));
#4513=DIRECTION('',(1.,0.,0.));
#4514=DIRECTION('',(0.,0.,-1.));
#4515=DIRECTION('',(0.,0.,-1.));
#4516=DIRECTION('',(1.,0.,0.));
#4517=DIRECTION('',(0.,0.,-1.));
#4518=DIRECTION('',(0.,0.,-1.));
#4519=DIRECTION('',(1.,0.,0.));
#4520=DIRECTION('',(0.,0.,-1.));
#4521=DIRECTION('',(0.,0.,-1.));
#4522=DIRECTION('',(1.,0.,0.));
#4523=DIRECTION('',(0.,0.,-1.));
#4524=DIRECTION('',(1.,0.,0.));
#4525=DIRECTION('',(0.,0.,-1.));
#4526=DIRECTION('',(1.,0.,0.));
#4527=DIRECTION('',(0.,0.,-1.));
#4528=DIRECTION('',(0.,0.,1.));
#4529=DIRECTION('',(1.,0.,0.));
#4530=DIRECTION('',(0.,-1.,0.));
#4531=DIRECTION('',(0.,-1.,0.));
#4532=DIRECTION('',(0.,0.,1.));
#4533=DIRECTION('',(1.,0.,0.));
#4534=DIRECTION('',(0.,0.,1.));
#4535=DIRECTION('',(1.,0.,0.));
#4536=DIRECTION('',(0.,0.,1.));
#4537=DIRECTION('',(1.,0.,0.));
#4538=DIRECTION('',(0.,0.,1.));
#4539=DIRECTION('',(1.,0.,0.));
#4540=DIRECTION('',(-1.,0.,0.));
#4541=DIRECTION('',(0.,0.,1.));
#4542=DIRECTION('',(1.,0.,0.));
#4543=DIRECTION('',(-1.,0.,0.));
#4544=DIRECTION('',(0.,0.,1.));
#4545=DIRECTION('',(1.,0.,0.));
#4546=DIRECTION('',(-1.,0.,0.));
#4547=DIRECTION('',(0.,0.,1.));
#4548=DIRECTION('',(1.,0.,0.));
#4549=DIRECTION('',(-1.,0.,0.));
#4550=DIRECTION('',(0.,0.,1.));
#4551=DIRECTION('',(1.,0.,0.));
#4552=DIRECTION('',(-1.,2.60208521396521E-16,0.));
#4553=DIRECTION('',(0.,0.,1.));
#4554=DIRECTION('',(1.,0.,0.));
#4555=DIRECTION('',(-1.,3.46944695195362E-16,0.));
#4556=DIRECTION('',(0.,0.,1.));
#4557=DIRECTION('',(1.,0.,0.));
#4558=DIRECTION('',(-1.,2.36553201269565E-16,0.));
#4559=DIRECTION('',(0.,0.,1.));
#4560=DIRECTION('',(1.,0.,0.));
#4561=DIRECTION('',(-1.,2.36553201269565E-16,0.));
#4562=DIRECTION('',(0.,0.,1.));
#4563=DIRECTION('',(1.,0.,0.));
#4564=DIRECTION('',(-1.,2.46409584655796E-16,0.));
#4565=DIRECTION('',(0.,0.,1.));
#4566=DIRECTION('',(1.,0.,0.));
#4567=DIRECTION('',(-1.,2.56265968042029E-16,0.));
#4568=DIRECTION('',(0.,0.,1.));
#4569=DIRECTION('',(1.,0.,0.));
#4570=DIRECTION('',(-1.,2.75978734814492E-16,0.));
#4571=DIRECTION('',(0.,0.,1.));
#4572=DIRECTION('',(1.,0.,0.));
#4573=DIRECTION('',(-1.,2.75978734814492E-16,0.));
#4574=DIRECTION('',(0.,0.,1.));
#4575=DIRECTION('',(1.,0.,0.));
#4576=DIRECTION('',(-1.,2.60208521396521E-16,0.));
#4577=DIRECTION('',(0.,0.,1.));
#4578=DIRECTION('',(1.,0.,0.));
#4579=DIRECTION('',(-1.,2.60208521396521E-16,0.));
#4580=DIRECTION('',(0.,0.,1.));
#4581=DIRECTION('',(1.,0.,0.));
#4582=DIRECTION('',(-1.,0.,0.));
#4583=DIRECTION('',(0.,0.,1.));
#4584=DIRECTION('',(1.,0.,0.));
#4585=DIRECTION('',(-1.,0.,0.));
#4586=DIRECTION('',(0.,0.,1.));
#4587=DIRECTION('',(1.,0.,0.));
#4588=DIRECTION('',(-1.,0.,0.));
#4589=DIRECTION('',(0.,0.,1.));
#4590=DIRECTION('',(1.,0.,0.));
#4591=DIRECTION('',(-1.,0.,0.));
#4592=DIRECTION('',(0.,-1.,0.));
#4593=DIRECTION('',(0.,0.,1.));
#4594=DIRECTION('',(1.,0.,0.));
#4595=DIRECTION('',(1.,0.,0.));
#4596=DIRECTION('',(1.42423930704172E-16,-1.,0.));
#4597=DIRECTION('',(-1.,0.,0.));
#4598=DIRECTION('',(0.,0.,1.));
#4599=DIRECTION('',(-1.,0.,0.));
#4600=DIRECTION('',(0.,-1.,0.));
#4601=DIRECTION('',(0.,0.,1.));
#4602=DIRECTION('',(1.,0.,0.));
#4603=DIRECTION('',(1.,-1.32169407693471E-16,0.));
#4604=DIRECTION('',(0.,0.,1.));
#4605=DIRECTION('',(1.,0.,0.));
#4606=DIRECTION('',(0.,1.,0.));
#4607=DIRECTION('',(0.,0.,1.));
#4608=DIRECTION('',(1.,0.,0.));
#4609=DIRECTION('',(-1.,1.32169407693471E-16,0.));
#4610=DIRECTION('',(0.,0.,1.));
#4611=DIRECTION('',(1.,0.,0.));
#4612=DIRECTION('',(0.,1.,0.));
#4613=DIRECTION('',(0.,0.,1.));
#4614=DIRECTION('',(1.,0.,0.));
#4615=DIRECTION('',(0.,0.,-1.));
#4616=DIRECTION('',(1.,0.,0.));
#4617=DIRECTION('',(0.,0.,-1.));
#4618=DIRECTION('',(0.,0.,-1.));
#4619=DIRECTION('',(0.,-1.,0.));
#4620=DIRECTION('',(0.,0.,-1.));
#4621=DIRECTION('',(0.,1.,0.));
#4622=DIRECTION('',(0.,0.,1.));
#4623=DIRECTION('',(0.,0.,-1.));
#4624=DIRECTION('',(1.,0.,0.));
#4625=DIRECTION('',(0.,0.,-1.));
#4626=DIRECTION('',(-1.,0.,0.));
#4627=DIRECTION('',(0.,0.,1.));
#4628=DIRECTION('',(0.,1.,0.));
#4629=DIRECTION('',(0.,0.,-1.));
#4630=DIRECTION('',(0.,1.,0.));
#4631=DIRECTION('',(0.,0.,-1.));
#4632=DIRECTION('',(0.,1.,0.));
#4633=DIRECTION('',(0.,0.,1.));
#4634=DIRECTION('',(-0.913811548620257,0.,0.406138466053448));
#4635=DIRECTION('',(0.,0.,-1.));
#4636=DIRECTION('',(0.,0.,-1.));
#4637=DIRECTION('',(-0.707106781186548,0.,-0.707106781186547));
#4638=DIRECTION('',(0.,0.,-1.));
#4639=DIRECTION('',(1.,0.,0.));
#4640=DIRECTION('',(-1.,0.,0.));
#4641=DIRECTION('',(0.,0.,1.));
#4642=DIRECTION('',(0.,-1.,0.));
#4643=DIRECTION('',(0.,0.,-1.));
#4644=DIRECTION('',(0.,0.,-1.));
#4645=DIRECTION('',(0.,0.,-1.));
#4646=DIRECTION('',(-1.,0.,0.));
#4647=DIRECTION('',(0.,0.,1.));
#4648=DIRECTION('',(1.,0.,0.));
#4649=DIRECTION('',(0.,0.,-1.));
#4650=DIRECTION('',(-1.,0.,0.));
#4651=DIRECTION('',(0.,0.,1.));
#4652=DIRECTION('',(1.,0.,0.));
#4653=DIRECTION('',(0.,0.,-1.));
#4654=DIRECTION('',(-1.,0.,0.));
#4655=DIRECTION('',(0.,0.,-1.));
#4656=DIRECTION('',(0.,0.,1.));
#4657=DIRECTION('',(1.,0.,0.));
#4658=DIRECTION('',(-1.32169407693471E-16,-1.,0.));
#4659=DIRECTION('',(1.,-1.32169407693471E-16,0.));
#4660=DIRECTION('',(1.,0.,0.));
#4661=DIRECTION('',(0.,0.,-1.));
#4662=DIRECTION('',(0.,0.,-1.));
#4663=DIRECTION('',(1.,0.,0.));
#4664=DIRECTION('',(0.,0.,-1.));
#4665=DIRECTION('',(0.,0.,-1.));
#4666=DIRECTION('',(1.,0.,0.));
#4667=DIRECTION('',(0.,0.,-1.));
#4668=DIRECTION('',(0.,0.,-1.));
#4669=DIRECTION('',(1.,-1.32169407693471E-16,0.));
#4670=DIRECTION('',(0.,0.,-1.));
#4671=DIRECTION('',(1.,0.,0.));
#4672=DIRECTION('',(0.,0.,-1.));
#4673=DIRECTION('',(0.,0.,-1.));
#4674=DIRECTION('',(1.,0.,0.));
#4675=DIRECTION('',(0.,0.,-1.));
#4676=DIRECTION('',(0.,0.,-1.));
#4677=DIRECTION('',(1.,0.,0.));
#4678=DIRECTION('',(0.,0.,-1.));
#4679=DIRECTION('',(0.,0.,-1.));
#4680=DIRECTION('',(0.,0.,-1.));
#4681=DIRECTION('',(-1.,0.,0.));
#4682=DIRECTION('',(0.,0.,-1.));
#4683=DIRECTION('',(0.,0.,1.));
#4684=DIRECTION('',(1.,0.,0.));
#4685=DIRECTION('',(1.,0.,0.));
#4686=DIRECTION('',(0.,0.,-1.));
#4687=DIRECTION('',(0.,0.,-1.));
#4688=DIRECTION('',(0.,1.,0.));
#4689=DIRECTION('',(0.,1.,0.));
#4690=DIRECTION('',(0.,0.,1.));
#4691=DIRECTION('',(0.,0.,-1.));
#4692=DIRECTION('',(-0.913811548620257,0.,0.406138466053448));
#4693=DIRECTION('',(0.,0.,-1.));
#4694=DIRECTION('',(1.,0.,0.));
#4695=DIRECTION('',(0.,0.,-1.));
#4696=DIRECTION('',(-0.707106781186548,0.,-0.707106781186547));
#4697=DIRECTION('',(0.,0.,-1.));
#4698=DIRECTION('',(1.,0.,0.));
#4699=DIRECTION('',(0.,0.,-1.));
#4700=DIRECTION('',(0.,0.,-1.));
#4701=DIRECTION('',(0.,-1.,0.));
#4702=DIRECTION('',(0.,0.,-1.));
#4703=DIRECTION('',(-0.923465465028238,0.383681554026488,0.));
#4704=DIRECTION('',(-0.383681554026488,-0.923465465028238,0.));
#4705=DIRECTION('',(0.383681554026488,0.923465465028238,0.));
#4706=DIRECTION('',(0.,0.,-1.));
#4707=DIRECTION('',(0.,0.,-1.));
#4708=DIRECTION('',(-0.383681554026488,-0.923465465028238,0.));
#4709=DIRECTION('',(0.,0.,-1.));
#4710=DIRECTION('',(0.,1.,0.));
#4711=DIRECTION('',(0.,0.,1.));
#4712=DIRECTION('',(1.,0.,0.));
#4713=DIRECTION('',(0.,0.,-1.));
#4714=DIRECTION('',(1.,0.,0.));
#4715=DIRECTION('',(0.,0.,-1.));
#4716=DIRECTION('',(1.,0.,0.));
#4717=DIRECTION('',(0.,0.,-1.));
#4718=DIRECTION('',(0.,0.,-1.));
#4719=DIRECTION('',(1.,0.,0.));
#4720=DIRECTION('',(0.,0.,-1.));
#4721=DIRECTION('',(0.,0.,-1.));
#4722=DIRECTION('',(1.,0.,0.));
#4723=DIRECTION('',(0.,0.,-1.));
#4724=DIRECTION('',(0.,0.,-1.));
#4725=DIRECTION('',(1.,0.,0.));
#4726=DIRECTION('',(0.,0.,-1.));
#4727=DIRECTION('',(0.,0.,-1.));
#4728=DIRECTION('',(1.,0.,0.));
#4729=DIRECTION('',(0.,0.,-1.));
#4730=DIRECTION('',(0.,0.,-1.));
#4731=DIRECTION('',(1.,0.,0.));
#4732=DIRECTION('',(0.,0.,-1.));
#4733=DIRECTION('',(0.,0.,-1.));
#4734=DIRECTION('',(0.,-1.,0.));
#4735=DIRECTION('',(0.,0.,-1.));
#4736=DIRECTION('',(0.,0.,-1.));
#4737=DIRECTION('',(0.,1.,0.));
#4738=DIRECTION('',(0.,0.,-1.));
#4739=DIRECTION('',(0.,0.,-1.));
#4740=DIRECTION('',(0.,1.,0.));
#4741=DIRECTION('',(0.,0.,-1.));
#4742=DIRECTION('',(0.,0.,-1.));
#4743=DIRECTION('',(0.,1.,0.));
#4744=DIRECTION('',(0.,0.,-1.));
#4745=DIRECTION('',(0.,0.,-1.));
#4746=DIRECTION('',(0.,1.,0.));
#4747=DIRECTION('',(0.,0.,-1.));
#4748=DIRECTION('',(0.,0.,-1.));
#4749=DIRECTION('',(0.,1.,0.));
#4750=DIRECTION('',(0.,0.,-1.));
#4751=DIRECTION('',(0.,0.,-1.));
#4752=DIRECTION('',(0.,1.,0.));
#4753=DIRECTION('',(0.,0.,-1.));
#4754=DIRECTION('',(0.,0.,-1.));
#4755=DIRECTION('',(0.,1.,0.));
#4756=DIRECTION('',(0.,0.,-1.));
#4757=DIRECTION('',(0.,0.,-1.));
#4758=DIRECTION('',(0.,1.,0.));
#4759=DIRECTION('',(0.,0.,-1.));
#4760=DIRECTION('',(0.923465465028238,0.383681554026487,0.));
#4761=DIRECTION('',(-0.383681554026487,0.923465465028238,0.));
#4762=DIRECTION('',(0.,0.,-1.));
#4763=DIRECTION('',(0.383681554026487,-0.923465465028238,0.));
#4764=DIRECTION('',(0.,0.,-1.));
#4765=DIRECTION('',(0.383681554026487,-0.923465465028238,0.));
#4766=DIRECTION('',(0.,0.,-1.));
#4767=DIRECTION('',(1.,0.,0.));
#4768=DIRECTION('',(0.,0.,-1.));
#4769=DIRECTION('',(0.,-1.,0.));
#4770=DIRECTION('',(0.,-1.,0.));
#4771=DIRECTION('',(0.,0.,1.));
#4772=DIRECTION('',(1.,0.,0.));
#4773=DIRECTION('',(0.,0.,1.));
#4774=DIRECTION('',(1.,0.,0.));
#4775=DIRECTION('',(0.,0.,1.));
#4776=DIRECTION('',(1.,0.,0.));
#4777=DIRECTION('',(1.42423930704172E-16,-1.,0.));
#4778=DIRECTION('',(0.,0.,1.));
#4779=DIRECTION('',(1.,0.,0.));
#4780=DIRECTION('',(1.,1.42423930704172E-16,0.));
#4781=DIRECTION('',(-1.42423930704172E-16,1.,0.));
#4782=DIRECTION('',(0.,0.,1.));
#4783=DIRECTION('',(1.,0.,0.));
#4784=DIRECTION('',(0.,0.,1.));
#4785=DIRECTION('',(-1.,0.,0.));
#4786=DIRECTION('',(-1.,0.,0.));
#4787=DIRECTION('',(0.,0.,1.));
#4788=DIRECTION('',(-1.,0.,0.));
#4789=DIRECTION('',(-1.,0.,0.));
#4790=DIRECTION('',(0.,0.,1.));
#4791=DIRECTION('',(-1.,0.,0.));
#4792=DIRECTION('',(-1.,0.,0.));
#4793=DIRECTION('',(0.,0.,1.));
#4794=DIRECTION('',(-1.,0.,0.));
#4795=DIRECTION('',(-1.,0.,0.));
#4796=DIRECTION('',(0.,0.,1.));
#4797=DIRECTION('',(-1.,0.,0.));
#4798=DIRECTION('',(-1.,2.60208521396521E-16,0.));
#4799=DIRECTION('',(0.,0.,1.));
#4800=DIRECTION('',(-1.,0.,0.));
#4801=DIRECTION('',(-1.,3.46944695195362E-16,0.));
#4802=DIRECTION('',(0.,0.,1.));
#4803=DIRECTION('',(-1.,0.,0.));
#4804=DIRECTION('',(-1.,2.36553201269565E-16,0.));
#4805=DIRECTION('',(0.,0.,1.));
#4806=DIRECTION('',(-1.,0.,0.));
#4807=DIRECTION('',(-1.,2.36553201269565E-16,0.));
#4808=DIRECTION('',(0.,0.,1.));
#4809=DIRECTION('',(-1.,0.,0.));
#4810=DIRECTION('',(-1.,2.46409584655796E-16,0.));
#4811=DIRECTION('',(0.,0.,1.));
#4812=DIRECTION('',(-1.,0.,0.));
#4813=DIRECTION('',(-1.,2.56265968042029E-16,0.));
#4814=DIRECTION('',(0.,0.,1.));
#4815=DIRECTION('',(-1.,0.,0.));
#4816=DIRECTION('',(-1.,2.75978734814492E-16,0.));
#4817=DIRECTION('',(0.,0.,1.));
#4818=DIRECTION('',(-1.,0.,0.));
#4819=DIRECTION('',(-1.,2.75978734814492E-16,0.));
#4820=DIRECTION('',(0.,0.,1.));
#4821=DIRECTION('',(-1.,0.,0.));
#4822=DIRECTION('',(-1.,2.60208521396521E-16,0.));
#4823=DIRECTION('',(0.,0.,1.));
#4824=DIRECTION('',(-1.,0.,0.));
#4825=DIRECTION('',(-1.,2.60208521396521E-16,0.));
#4826=DIRECTION('',(0.,0.,1.));
#4827=DIRECTION('',(-1.,0.,0.));
#4828=DIRECTION('',(-1.,0.,0.));
#4829=DIRECTION('',(0.,0.,1.));
#4830=DIRECTION('',(-1.,0.,0.));
#4831=DIRECTION('',(-1.,0.,0.));
#4832=DIRECTION('',(0.,0.,1.));
#4833=DIRECTION('',(-1.,0.,0.));
#4834=DIRECTION('',(-1.,0.,0.));
#4835=DIRECTION('',(0.,0.,1.));
#4836=DIRECTION('',(-1.,0.,0.));
#4837=DIRECTION('',(-1.,0.,0.));
#4838=DIRECTION('',(0.,0.,1.));
#4839=DIRECTION('',(1.,0.,0.));
#4840=DIRECTION('',(0.,0.,1.));
#4841=DIRECTION('',(1.,0.,0.));
#4842=DIRECTION('',(0.,0.,1.));
#4843=DIRECTION('',(1.,0.,0.));
#4844=DIRECTION('',(0.,0.,1.));
#4845=DIRECTION('',(1.,0.,0.));
#4846=DIRECTION('',(0.,0.,1.));
#4847=DIRECTION('',(1.,0.,0.));
#4848=DIRECTION('',(0.,0.,1.));
#4849=DIRECTION('',(1.,0.,0.));
#4850=DIRECTION('',(0.,0.,1.));
#4851=DIRECTION('',(1.,0.,0.));
#4852=DIRECTION('',(0.,0.,1.));
#4853=DIRECTION('',(1.,0.,0.));
#4854=DIRECTION('',(0.,0.,1.));
#4855=DIRECTION('',(1.,0.,0.));
#4856=DIRECTION('',(0.,0.,1.));
#4857=DIRECTION('',(1.,0.,0.));
#4858=DIRECTION('',(0.,0.,1.));
#4859=DIRECTION('',(1.,0.,0.));
#4860=DIRECTION('',(0.,0.,1.));
#4861=DIRECTION('',(1.,0.,0.));
#4862=DIRECTION('',(0.,0.,1.));
#4863=DIRECTION('',(1.,0.,0.));
#4864=DIRECTION('',(0.,0.,1.));
#4865=DIRECTION('',(1.,0.,0.));
#4866=DIRECTION('',(0.707106781186547,0.,-0.707106781186548));
#4867=DIRECTION('',(0.,-1.,0.));
#4868=DIRECTION('',(0.707106781186548,0.,0.707106781186547));
#4869=DIRECTION('',(0.,1.,0.));
#4870=DIRECTION('',(-0.707106781186548,-2.72585496299267E-15,-0.707106781186547));
#4871=DIRECTION('',(0.,0.,-1.));
#4872=DIRECTION('',(-1.,0.,0.));
#4873=DIRECTION('',(0.,0.,-1.));
#4874=DIRECTION('',(-1.,0.,0.));
#4875=DIRECTION('',(0.,-0.707106781186548,-0.707106781186547));
#4876=DIRECTION('',(9.34578844454627E-17,0.707106781186547,-0.707106781186548));
#4877=DIRECTION('',(1.,-1.32169407693471E-16,0.));
#4878=DIRECTION('',(-1.,1.32169407693471E-16,0.));
#4879=DIRECTION('',(0.,-0.707106781186548,-0.707106781186547));
#4880=DIRECTION('',(0.,0.,-1.));
#4881=DIRECTION('',(-1.,0.,0.));
#4882=DIRECTION('',(0.,0.,-1.));
#4883=DIRECTION('',(-1.,0.,0.));
#4884=DIRECTION('',(0.707106781186547,0.,-0.707106781186548));
#4885=DIRECTION('',(-0.707106781186548,0.,-0.707106781186547));
#4886=DIRECTION('',(0.,1.,0.));
#4887=DIRECTION('',(0.,-1.,0.));
#4888=DIRECTION('',(0.707106781186547,0.,-0.707106781186548));
#4889=DIRECTION('',(0.,0.,-1.));
#4890=DIRECTION('',(-1.,0.,0.));
#4891=DIRECTION('',(0.,0.,-1.));
#4892=DIRECTION('',(-1.,0.,0.));
#4893=DIRECTION('',(0.,0.707106781186548,-0.707106781186547));
#4894=DIRECTION('',(9.34578844454627E-17,0.707106781186547,0.707106781186548));
#4895=DIRECTION('',(1.,-1.32169407693471E-16,0.));
#4896=DIRECTION('',(1.,-1.32169407693471E-16,0.));
#4897=DIRECTION('',(-6.81463740748166E-16,0.707106781186548,-0.707106781186547));
#4898=DIRECTION('',(0.,0.,-1.));
#4899=DIRECTION('',(-1.,0.,0.));
#4900=DIRECTION('',(0.,0.,-1.));
#4901=DIRECTION('',(-1.,0.,0.));
#4902=DIRECTION('',(-0.707106781186548,0.,-0.707106781186547));
#4903=DIRECTION('',(-0.707106781186547,0.,0.707106781186548));
#4904=DIRECTION('',(0.,1.,0.));
#4905=DIRECTION('',(0.,1.,0.));
#4906=DIRECTION('',(-0.707106781186548,0.,-0.707106781186547));
#4907=DIRECTION('',(0.,-1.,0.));
#4908=DIRECTION('',(0.,0.,-1.));
#4909=DIRECTION('',(0.,-1.,0.));
#4910=DIRECTION('',(0.,0.,-1.));
#4911=DIRECTION('',(1.73472347597681E-15,-1.,1.73472347597681E-15));
#4912=DIRECTION('',(1.,1.73472347597681E-15,0.));
#4913=DIRECTION('',(0.,0.,1.));
#4914=DIRECTION('',(1.,0.,0.));
#4915=DIRECTION('',(1.,0.,0.));
#4916=DIRECTION('',(0.,0.,-1.));
#4917=DIRECTION('',(1.,-1.32169407693471E-16,0.));
#4918=DIRECTION('',(1.32169407693471E-16,1.,0.));
#4919=DIRECTION('',(1.,0.,0.));
#4920=DIRECTION('',(0.,0.,-1.));
#4921=DIRECTION('',(0.,0.,1.));
#4922=DIRECTION('',(1.,0.,0.));
#4923=DIRECTION('',(0.,1.,0.));
#4924=DIRECTION('',(0.,0.,1.));
#4925=DIRECTION('',(0.,1.,0.));
#4926=DIRECTION('',(0.,0.,1.));
#4927=DIRECTION('',(0.,1.,0.));
#4928=DIRECTION('',(0.,0.,1.));
#4929=DIRECTION('',(0.,0.,1.));
#4930=DIRECTION('',(1.,0.,0.));
#4931=DIRECTION('',(-1.,0.,0.));
#4932=DIRECTION('',(0.,0.,1.));
#4933=DIRECTION('',(-1.,1.32169407693471E-16,0.));
#4934=DIRECTION('',(-1.32169407693471E-16,-1.,0.));
#4935=DIRECTION('',(-1.,-4.33680868994202E-16,4.33680868994201E-16));
#4936=DIRECTION('',(4.33680868994202E-16,-1.,0.));
#4937=DIRECTION('',(0.,0.,1.));
#4938=DIRECTION('',(1.,0.,0.));
#4939=DIRECTION('',(0.,-1.,0.));
#4940=DIRECTION('',(0.,0.,-1.));
#4941=DIRECTION('',(0.,-1.,0.));
#4942=DIRECTION('',(0.,0.,-1.));
#4943=DIRECTION('',(0.,-1.,0.));
#4944=DIRECTION('',(0.,0.,-1.));
#4945=DIRECTION('',(0.,-1.,0.));
#4946=DIRECTION('',(0.,0.,-1.));
#4947=DIRECTION('',(0.,0.,-1.));
#4948=DIRECTION('',(0.,0.,-1.));
#4949=DIRECTION('',(0.,0.,-1.));
#4950=DIRECTION('',(-1.,0.,0.));
#4951=DIRECTION('',(0.,0.,-1.));
#4952=DIRECTION('',(0.,-1.,0.));
#4953=DIRECTION('',(0.,0.,-1.));
#4954=DIRECTION('',(0.,0.,-1.));
#4955=DIRECTION('',(0.,0.,-1.));
#4956=DIRECTION('',(-1.,0.,0.));
#4957=DIRECTION('',(0.,-1.,0.));
#4958=DIRECTION('',(0.,0.,-1.));
#4959=DIRECTION('',(0.,0.,-1.));
#4960=DIRECTION('',(0.,0.,-1.));
#4961=DIRECTION('',(0.,0.,-1.));
#4962=DIRECTION('',(-1.,0.,0.));
#4963=DIRECTION('',(0.,0.,-1.));
#4964=DIRECTION('',(0.,-1.,0.));
#4965=DIRECTION('',(0.,0.,-1.));
#4966=DIRECTION('',(0.,0.,-1.));
#4967=DIRECTION('',(0.,0.,-1.));
#4968=DIRECTION('',(-1.,0.,0.));
#4969=DIRECTION('',(-2.60208521396521E-16,-1.,0.));
#4970=DIRECTION('',(1.,-2.60208521396521E-16,0.));
#4971=DIRECTION('',(0.,0.,-1.));
#4972=DIRECTION('',(0.,0.,-1.));
#4973=DIRECTION('',(0.,0.,-1.));
#4974=DIRECTION('',(-1.,0.,0.));
#4975=DIRECTION('',(0.,0.,-1.));
#4976=DIRECTION('',(-2.60208521396521E-16,-1.,0.));
#4977=DIRECTION('',(1.,-2.60208521396521E-16,0.));
#4978=DIRECTION('',(0.,0.,-1.));
#4979=DIRECTION('',(0.,0.,-1.));
#4980=DIRECTION('',(-1.,0.,0.));
#4981=DIRECTION('',(-2.75978734814492E-16,-1.,0.));
#4982=DIRECTION('',(1.,-2.75978734814492E-16,0.));
#4983=DIRECTION('',(0.,0.,-1.));
#4984=DIRECTION('',(0.,0.,-1.));
#4985=DIRECTION('',(0.,0.,-1.));
#4986=DIRECTION('',(-1.,0.,0.));
#4987=DIRECTION('',(0.,0.,-1.));
#4988=DIRECTION('',(-2.75978734814492E-16,-1.,0.));
#4989=DIRECTION('',(1.,-2.75978734814492E-16,0.));
#4990=DIRECTION('',(0.,0.,-1.));
#4991=DIRECTION('',(0.,0.,-1.));
#4992=DIRECTION('',(-1.,0.,0.));
#4993=DIRECTION('',(-2.46409584655796E-16,-1.,0.));
#4994=DIRECTION('',(1.,-2.46409584655796E-16,0.));
#4995=DIRECTION('',(0.,0.,-1.));
#4996=DIRECTION('',(0.,0.,-1.));
#4997=DIRECTION('',(0.,0.,-1.));
#4998=DIRECTION('',(-1.,0.,0.));
#4999=DIRECTION('',(0.,0.,-1.));
#5000=DIRECTION('',(-2.56265968042029E-16,-1.,0.));
#5001=DIRECTION('',(1.,-2.56265968042029E-16,0.));
#5002=DIRECTION('',(0.,0.,-1.));
#5003=DIRECTION('',(0.,0.,-1.));
#5004=DIRECTION('',(-1.,0.,0.));
#5005=DIRECTION('',(-2.36553201269565E-16,-1.,0.));
#5006=DIRECTION('',(1.,-2.36553201269565E-16,0.));
#5007=DIRECTION('',(0.,0.,-1.));
#5008=DIRECTION('',(0.,0.,-1.));
#5009=DIRECTION('',(0.,0.,-1.));
#5010=DIRECTION('',(-1.,0.,0.));
#5011=DIRECTION('',(0.,0.,-1.));
#5012=DIRECTION('',(-2.36553201269565E-16,-1.,0.));
#5013=DIRECTION('',(1.,-2.36553201269565E-16,0.));
#5014=DIRECTION('',(0.,0.,-1.));
#5015=DIRECTION('',(0.,0.,-1.));
#5016=DIRECTION('',(-1.,0.,0.));
#5017=DIRECTION('',(-2.60208521396521E-16,-1.,0.));
#5018=DIRECTION('',(1.,-2.60208521396521E-16,0.));
#5019=DIRECTION('',(0.,0.,-1.));
#5020=DIRECTION('',(0.,0.,-1.));
#5021=DIRECTION('',(0.,0.,-1.));
#5022=DIRECTION('',(-1.,0.,0.));
#5023=DIRECTION('',(0.,0.,-1.));
#5024=DIRECTION('',(-3.46944695195362E-16,-1.,0.));
#5025=DIRECTION('',(1.,-3.46944695195362E-16,0.));
#5026=DIRECTION('',(0.,0.,-1.));
#5027=DIRECTION('',(0.,0.,-1.));
#5028=DIRECTION('',(-1.,0.,0.));
#5029=DIRECTION('',(0.,-1.,0.));
#5030=DIRECTION('',(0.,0.,-1.));
#5031=DIRECTION('',(0.,0.,-1.));
#5032=DIRECTION('',(0.,0.,-1.));
#5033=DIRECTION('',(0.,0.,-1.));
#5034=DIRECTION('',(-1.,0.,0.));
#5035=DIRECTION('',(0.,0.,-1.));
#5036=DIRECTION('',(0.,-1.,0.));
#5037=DIRECTION('',(0.,0.,-1.));
#5038=DIRECTION('',(0.,0.,-1.));
#5039=DIRECTION('',(0.,0.,-1.));
#5040=DIRECTION('',(-1.,0.,0.));
#5041=DIRECTION('',(0.,-1.,0.));
#5042=DIRECTION('',(0.,0.,-1.));
#5043=DIRECTION('',(0.,0.,-1.));
#5044=DIRECTION('',(0.,0.,-1.));
#5045=DIRECTION('',(0.,0.,-1.));
#5046=DIRECTION('',(-1.,0.,0.));
#5047=DIRECTION('',(0.,0.,-1.));
#5048=DIRECTION('',(0.,-1.,0.));
#5049=DIRECTION('',(0.,0.,-1.));
#5050=DIRECTION('',(0.,0.,-1.));
#5051=DIRECTION('',(0.,0.,-1.));
#5052=DIRECTION('',(-1.,0.,0.));
#5053=DIRECTION('',(1.,0.,0.));
#5054=DIRECTION('',(0.,0.,-1.));
#5055=DIRECTION('',(0.,-1.,0.));
#5056=DIRECTION('',(0.,0.,-1.));
#5057=DIRECTION('',(1.,0.,0.));
#5058=DIRECTION('',(0.,0.,-1.));
#5059=DIRECTION('',(0.,-1.,0.));
#5060=DIRECTION('',(0.,0.,-1.));
#5061=DIRECTION('',(1.,0.,0.));
#5062=DIRECTION('',(0.,0.,-1.));
#5063=DIRECTION('',(-1.,0.,0.));
#5064=DIRECTION('',(1.,0.,0.));
#5065=DIRECTION('',(0.,0.,-1.));
#5066=DIRECTION('',(0.,-1.,0.));
#5067=DIRECTION('',(1.,0.,0.));
#5068=DIRECTION('',(0.,0.,-1.));
#5069=DIRECTION('',(0.,-1.,0.));
#5070=DIRECTION('',(0.,0.,-1.));
#5071=DIRECTION('',(1.,0.,0.));
#5072=DIRECTION('',(1.,0.,0.));
#5073=DIRECTION('',(0.,0.,-1.));
#5074=DIRECTION('',(0.,-1.,0.));
#5075=DIRECTION('',(1.,0.,0.));
#5076=DIRECTION('',(0.,0.,-1.));
#5077=DIRECTION('',(0.,-1.,0.));
#5078=DIRECTION('',(0.,0.,-1.));
#5079=DIRECTION('',(1.,0.,0.));
#5080=DIRECTION('',(1.,0.,0.));
#5081=DIRECTION('',(0.,0.,-1.));
#5082=DIRECTION('',(0.,-1.,0.));
#5083=DIRECTION('',(1.,0.,0.));
#5084=DIRECTION('',(0.,0.,-1.));
#5085=DIRECTION('',(0.,-1.,0.));
#5086=DIRECTION('',(0.,0.,-1.));
#5087=DIRECTION('',(1.,0.,0.));
#5088=DIRECTION('',(1.,0.,0.));
#5089=DIRECTION('',(0.,0.,-1.));
#5090=DIRECTION('',(0.,-1.,0.));
#5091=DIRECTION('',(1.,0.,0.));
#5092=DIRECTION('',(0.,0.,-1.));
#5093=DIRECTION('',(0.,-1.,0.));
#5094=DIRECTION('',(0.,0.,-1.));
#5095=DIRECTION('',(1.,0.,0.));
#5096=DIRECTION('',(0.,1.,0.));
#5097=DIRECTION('',(0.,0.,1.));
#5098=DIRECTION('',(1.,0.,0.));
#5099=DIRECTION('',(0.,1.,0.));
#5100=DIRECTION('',(0.,0.,1.));
#5101=DIRECTION('',(1.,0.,0.));
#5102=DIRECTION('',(0.,0.,-1.));
#5103=DIRECTION('',(1.,0.,0.));
#5104=DIRECTION('',(0.,1.,0.));
#5105=DIRECTION('',(0.,0.,1.));
#5106=DIRECTION('',(1.,0.,0.));
#5107=DIRECTION('',(0.,1.,0.));
#5108=DIRECTION('',(0.,0.,1.));
#5109=DIRECTION('',(1.,0.,0.));
#5110=DIRECTION('',(0.,0.,-1.));
#5111=DIRECTION('',(1.,0.,0.));
#5112=DIRECTION('',(0.,1.,0.));
#5113=DIRECTION('',(0.,0.,1.));
#5114=DIRECTION('',(1.,0.,0.));
#5115=DIRECTION('',(0.,1.,0.));
#5116=DIRECTION('',(0.,0.,1.));
#5117=DIRECTION('',(1.,0.,0.));
#5118=DIRECTION('',(0.,0.,-1.));
#5119=DIRECTION('',(1.,0.,0.));
#5120=DIRECTION('',(0.,1.,0.));
#5121=DIRECTION('',(0.,0.,1.));
#5122=DIRECTION('',(1.,0.,0.));
#5123=DIRECTION('',(0.,1.,0.));
#5124=DIRECTION('',(0.,0.,1.));
#5125=DIRECTION('',(1.,0.,0.));
#5126=DIRECTION('',(0.,0.,-1.));
#5127=DIRECTION('',(1.,0.,0.));
#5128=DIRECTION('',(0.,1.,0.));
#5129=DIRECTION('',(0.,0.,1.));
#5130=DIRECTION('',(1.,0.,0.));
#5131=DIRECTION('',(0.,1.,0.));
#5132=DIRECTION('',(0.,0.,1.));
#5133=DIRECTION('',(1.,0.,0.));
#5134=DIRECTION('',(0.,0.,-1.));
#5135=DIRECTION('',(1.,0.,0.));
#5136=DIRECTION('',(0.,1.,0.));
#5137=DIRECTION('',(0.,0.,1.));
#5138=DIRECTION('',(1.,0.,0.));
#5139=DIRECTION('',(0.,1.,0.));
#5140=DIRECTION('',(0.,0.,1.));
#5141=DIRECTION('',(1.,0.,0.));
#5142=DIRECTION('',(0.,0.,-1.));
#5143=DIRECTION('',(1.,0.,0.));
#5144=DIRECTION('',(0.,1.,0.));
#5145=DIRECTION('',(0.,0.,1.));
#5146=DIRECTION('',(1.,0.,0.));
#5147=DIRECTION('',(0.,1.,0.));
#5148=DIRECTION('',(0.,0.,1.));
#5149=DIRECTION('',(1.,0.,0.));
#5150=DIRECTION('',(0.,0.,-1.));
#5151=DIRECTION('',(1.,0.,0.));
#5152=DIRECTION('',(0.,1.,0.));
#5153=DIRECTION('',(0.,0.,1.));
#5154=DIRECTION('',(1.,0.,0.));
#5155=DIRECTION('',(0.,1.,0.));
#5156=DIRECTION('',(0.,0.,1.));
#5157=DIRECTION('',(1.,0.,0.));
#5158=DIRECTION('',(0.,0.,-1.));
#5159=DIRECTION('',(1.,0.,0.));
#5160=DIRECTION('',(-1.,0.,0.));
#5161=DIRECTION('',(0.,0.,1.));
#5162=DIRECTION('',(0.,1.,0.));
#5163=DIRECTION('',(-1.,0.,0.));
#5164=DIRECTION('',(0.,0.,1.));
#5165=DIRECTION('',(0.,1.,0.));
#5166=DIRECTION('',(0.,0.,-1.));
#5167=DIRECTION('',(1.,0.,0.));
#5168=DIRECTION('',(-1.,0.,0.));
#5169=DIRECTION('',(0.,0.,1.));
#5170=DIRECTION('',(0.,1.,0.));
#5171=DIRECTION('',(-1.,0.,0.));
#5172=DIRECTION('',(0.,0.,1.));
#5173=DIRECTION('',(0.,1.,0.));
#5174=DIRECTION('',(0.,0.,-1.));
#5175=DIRECTION('',(1.,0.,0.));
#5176=DIRECTION('',(-1.,0.,0.));
#5177=DIRECTION('',(0.,0.,1.));
#5178=DIRECTION('',(0.,1.,0.));
#5179=DIRECTION('',(-1.,0.,0.));
#5180=DIRECTION('',(0.,0.,1.));
#5181=DIRECTION('',(0.,1.,0.));
#5182=DIRECTION('',(0.,0.,-1.));
#5183=DIRECTION('',(1.,0.,0.));
#5184=DIRECTION('',(-1.,0.,0.));
#5185=DIRECTION('',(0.,0.,1.));
#5186=DIRECTION('',(0.,1.,0.));
#5187=DIRECTION('',(-1.,0.,0.));
#5188=DIRECTION('',(0.,0.,1.));
#5189=DIRECTION('',(0.,0.,1.));
#5190=DIRECTION('',(0.,1.,0.));
#5191=DIRECTION('',(0.,0.,-1.));
#5192=DIRECTION('',(1.,0.,0.));
#5193=DIRECTION('',(0.,0.,-1.));
#5194=DIRECTION('',(-1.,0.,0.));
#5195=DIRECTION('',(-1.,0.,0.));
#5196=DIRECTION('',(0.,0.,1.));
#5197=DIRECTION('',(0.,1.,0.));
#5198=DIRECTION('',(-1.,0.,0.));
#5199=DIRECTION('',(0.,0.,1.));
#5200=DIRECTION('',(0.,1.,0.));
#5201=DIRECTION('',(0.,0.,-1.));
#5202=DIRECTION('',(1.,0.,0.));
#5203=DIRECTION('',(-1.,0.,0.));
#5204=DIRECTION('',(0.,0.,1.));
#5205=DIRECTION('',(0.,1.,0.));
#5206=DIRECTION('',(-1.,0.,0.));
#5207=DIRECTION('',(0.,0.,1.));
#5208=DIRECTION('',(0.,1.,0.));
#5209=DIRECTION('',(0.,0.,-1.));
#5210=DIRECTION('',(1.,0.,0.));
#5211=DIRECTION('',(0.,0.,-1.));
#5212=DIRECTION('',(-1.,0.,0.));
#5213=DIRECTION('',(1.,0.,0.));
#5214=DIRECTION('',(0.,0.,-1.));
#5215=DIRECTION('',(0.,-1.,0.));
#5216=DIRECTION('',(1.,0.,0.));
#5217=DIRECTION('',(0.,0.,-1.));
#5218=DIRECTION('',(0.,-1.,0.));
#5219=DIRECTION('',(0.,0.,-1.));
#5220=DIRECTION('',(1.,0.,0.));
#5221=DIRECTION('',(0.,0.,-1.));
#5222=DIRECTION('',(-1.,0.,0.));
#5223=DIRECTION('',(0.,0.,1.));
#5224=DIRECTION('',(1.,0.,0.));
#5225=DIRECTION('',(0.,0.,1.));
#5226=DIRECTION('',(1.,0.,0.));
#5227=DIRECTION('',(0.,0.,-1.));
#5228=DIRECTION('',(-1.,0.,0.));
#5229=DIRECTION('',(0.,0.,1.));
#5230=DIRECTION('',(1.,0.,0.));
#5231=DIRECTION('',(0.,1.,0.));
#5232=DIRECTION('',(0.,0.,1.));
#5233=DIRECTION('',(0.707106781186549,1.53329341668337E-16,0.707106781186547));
#5234=DIRECTION('',(0.707106781186547,0.,-0.707106781186549));
#5235=DIRECTION('',(0.707106781186548,0.,0.707106781186547));
#5236=DIRECTION('',(0.707106781186547,0.,-0.707106781186548));
#5237=DIRECTION('',(0.,0.,-1.));
#5238=DIRECTION('',(-1.,0.,0.));
#5239=DIRECTION('',(0.,0.,1.));
#5240=DIRECTION('',(1.,0.,0.));
#5241=DIRECTION('',(0.,1.,0.));
#5242=DIRECTION('',(0.,0.,1.));
#5243=DIRECTION('',(0.707106781186548,0.,0.707106781186547));
#5244=DIRECTION('',(0.707106781186547,0.,-0.707106781186548));
#5245=DIRECTION('',(-0.707106781186548,0.,-0.707106781186547));
#5246=DIRECTION('',(-0.707106781186547,0.,0.707106781186548));
#5247=DIRECTION('',(0.,0.,-1.));
#5248=DIRECTION('',(-1.,0.,0.));
#5249=DIRECTION('',(0.,0.,-1.));
#5250=DIRECTION('',(-0.406138466053448,0.,-0.913811548620257));
#5251=DIRECTION('',(0.913811548620257,0.,-0.406138466053448));
#5252=DIRECTION('',(0.,0.,-1.));
#5253=DIRECTION('',(-1.,0.,0.));
#5254=DIRECTION('',(0.,0.,1.));
#5255=DIRECTION('',(1.,0.,0.));
#5256=DIRECTION('',(0.,0.,-1.));
#5257=DIRECTION('',(-1.,0.,0.));
#5258=DIRECTION('',(0.,0.,1.));
#5259=DIRECTION('',(1.,0.,0.));
#5260=DIRECTION('',(0.,0.,1.));
#5261=DIRECTION('',(1.,0.,0.));
#5262=DIRECTION('',(0.,0.,-1.));
#5263=DIRECTION('',(-1.,0.,0.));
#5264=DIRECTION('',(0.,0.,-1.));
#5265=DIRECTION('',(0.,0.,1.));
#5266=DIRECTION('',(1.,0.,0.));
#5267=DIRECTION('',(0.,0.,1.));
#5268=DIRECTION('',(0.,0.,1.));
#5269=DIRECTION('',(1.,0.,0.));
#5270=DIRECTION('',(0.,0.,1.));
#5271=DIRECTION('',(1.,0.,0.));
#5272=DIRECTION('',(0.,0.,1.));
#5273=DIRECTION('',(1.,0.,0.));
#5274=DIRECTION('',(0.,0.,-1.));
#5275=DIRECTION('',(1.,0.,0.));
#5276=DIRECTION('',(0.,0.,1.));
#5277=DIRECTION('',(1.,0.,0.));
#5278=DIRECTION('',(0.,0.,1.));
#5279=DIRECTION('',(1.,0.,0.));
#5280=DIRECTION('',(0.,0.,-1.));
#5281=DIRECTION('',(1.,0.,0.));
#5282=DIRECTION('',(0.,0.,1.));
#5283=DIRECTION('',(1.,0.,0.));
#5284=DIRECTION('',(1.,0.,0.));
#5285=DIRECTION('',(0.,0.,1.));
#5286=DIRECTION('',(1.,0.,0.));
#5287=DIRECTION('',(-1.,0.,0.));
#5288=DIRECTION('',(0.,0.,1.));
#5289=DIRECTION('',(1.,0.,0.));
#5290=DIRECTION('',(0.,0.,-1.));
#5291=DIRECTION('',(1.,0.,0.));
#5292=DIRECTION('',(8.52189463090778E-18,-0.139173100960065,-0.99026806874157));
#5293=DIRECTION('',(0.,-0.139173100960065,0.99026806874157));
#5294=DIRECTION('',(0.,-0.99026806874157,0.139173100960065));
#5295=DIRECTION('',(0.,0.139173100960065,0.99026806874157));
#5296=DIRECTION('',(0.,0.139173100960065,0.99026806874157));
#5297=DIRECTION('',(0.,0.,-1.));
#5298=DIRECTION('',(1.,0.,0.));
#5299=DIRECTION('',(-2.55656838927233E-17,0.139173100960065,-0.99026806874157));
#5300=DIRECTION('',(0.,0.99026806874157,0.139173100960065));
#5301=DIRECTION('',(0.,-0.139173100960065,0.99026806874157));
#5302=DIRECTION('',(0.,0.99026806874157,0.139173100960065));
#5303=DIRECTION('',(0.,-0.139173100960065,0.99026806874157));
#5304=DIRECTION('',(0.,-0.139173100960065,0.99026806874157));
#5305=DIRECTION('',(1.,0.,0.));
#5306=DIRECTION('',(-2.55656838927233E-17,0.139173100960065,-0.99026806874157));
#5307=DIRECTION('',(0.,0.,-1.));
#5308=DIRECTION('',(1.,0.,0.));
#5309=DIRECTION('',(0.,0.,1.));
#5310=DIRECTION('',(1.,0.,0.));
#5311=DIRECTION('',(0.,0.139173100960065,0.99026806874157));
#5312=DIRECTION('',(0.,-0.99026806874157,0.139173100960065));
#5313=DIRECTION('',(0.,0.139173100960065,0.99026806874157));
#5314=DIRECTION('',(-1.,0.,0.));
#5315=DIRECTION('',(8.52189463090778E-18,-0.139173100960065,-0.99026806874157));
#5316=DIRECTION('',(0.,0.,-1.));
#5317=DIRECTION('',(1.,0.,0.));
#5318=DIRECTION('',(0.,0.,1.));
#5319=DIRECTION('',(1.,0.,0.));
#5320=DIRECTION('',(0.,0.,1.));
#5321=DIRECTION('',(1.,0.,0.));
#5322=DIRECTION('',(0.,1.,0.));
#5323=DIRECTION('',(0.,0.,1.));
#5324=DIRECTION('',(0.,0.,-1.));
#5325=DIRECTION('',(0.913811548620257,0.,-0.406138466053448));
#5326=DIRECTION('',(-1.,0.,0.));
#5327=DIRECTION('',(0.,0.,1.));
#5328=DIRECTION('',(0.,1.,0.));
#5329=DIRECTION('',(1.,0.,0.));
#5330=DIRECTION('',(0.,0.,-1.));
#5331=DIRECTION('',(0.,0.,-1.));
#5332=DIRECTION('',(0.,1.,0.));
#5333=DIRECTION('',(0.,1.,0.));
#5334=DIRECTION('',(0.,0.,1.));
#5335=DIRECTION('',(0.913811548620257,0.,-0.406138466053448));
#5336=DIRECTION('',(-0.406138466053448,0.,-0.913811548620257));
#5337=DIRECTION('',(0.,-1.,0.));
#5338=DIRECTION('',(0.406138466053448,0.,0.913811548620257));
#5339=DIRECTION('',(0.,-1.,0.));
#5340=DIRECTION('',(0.,0.,-1.));
#5341=DIRECTION('',(-1.,0.,0.));
#5342=DIRECTION('',(0.,0.,1.));
#5343=DIRECTION('',(1.,0.,0.));
#5344=DIRECTION('',(0.,0.,1.));
#5345=DIRECTION('',(1.,0.,0.));
#5346=CARTESIAN_POINT('',(0.,0.,0.));
#5347=CARTESIAN_POINT('',(0.016125,1.7347234759768E-17,0.0017));
#5348=CARTESIAN_POINT('',(0.0072,0.00965,0.0017));
#5349=CARTESIAN_POINT('',(0.0072,0.0104420149705802,0.0017));
#5350=CARTESIAN_POINT('',(0.0072,0.00885798502941982,0.0017));
#5351=CARTESIAN_POINT('',(0.03225,0.0104420149705802,0.0017));
#5352=CARTESIAN_POINT('',(0.0022,0.0104420149705802,0.0017));
#5353=CARTESIAN_POINT('',(0.0022,0.00965,0.0017));
#5354=CARTESIAN_POINT('',(0.00219999999999997,0.00885798502941982,0.0017));
#5355=CARTESIAN_POINT('',(0.03225,0.00885798502941982,0.0017));
#5356=CARTESIAN_POINT('',(0.0072,-0.00965,0.0017));
#5357=CARTESIAN_POINT('',(0.0072,-0.00885798502941982,0.0017));
#5358=CARTESIAN_POINT('',(0.0072,-0.0104420149705802,0.0017));
#5359=CARTESIAN_POINT('',(0.03225,-0.00885798502941982,0.0017));
#5360=CARTESIAN_POINT('',(0.0022,-0.00885798502941982,0.0017));
#5361=CARTESIAN_POINT('',(0.0022,-0.00965,0.0017));
#5362=CARTESIAN_POINT('',(0.00219999999999997,-0.0104420149705802,0.0017));
#5363=CARTESIAN_POINT('',(0.03225,-0.0104420149705802,0.0017));
#5364=CARTESIAN_POINT('',(0.01225,-0.008,0.0017));
#5365=CARTESIAN_POINT('',(0.0155420149705802,-0.008,0.0017));
#5366=CARTESIAN_POINT('',(0.01225,0.008,0.0017));
#5367=CARTESIAN_POINT('',(0.0155420149705802,0.008,0.0017));
#5368=CARTESIAN_POINT('',(0.0171407777326107,0.006495,0.0017));
#5369=CARTESIAN_POINT('',(0.0172161435430124,0.00667639449869152,0.0017));
#5370=CARTESIAN_POINT('',(0.0181815554652213,0.009,0.0017));
#5371=CARTESIAN_POINT('',(0.0129682024038825,0.00844132964721336,0.0017));
#5372=CARTESIAN_POINT('',(0.0140211075721219,0.00396345172271668,0.0017));
#5373=CARTESIAN_POINT('',(0.01425,0.00299,0.0017));
#5374=CARTESIAN_POINT('',(0.01325,0.00299,0.0017));
#5375=CARTESIAN_POINT('',(0.01325,1.21430643318376E-17,0.0017));
#5376=CARTESIAN_POINT('',(0.01325,-0.00299,0.0017));
#5377=CARTESIAN_POINT('',(0.01425,-0.00299,0.0017));
#5378=CARTESIAN_POINT('',(0.0140211075721219,-0.00396345172271665,0.0017));
#5379=CARTESIAN_POINT('',(0.0129682024038825,-0.00844132964721334,0.0017));
#5380=CARTESIAN_POINT('',(0.0172161435430124,-0.00667639449869149,0.0017));
#5381=CARTESIAN_POINT('',(0.0171407777326107,-0.006495,0.0017));
#5382=CARTESIAN_POINT('',(0.0181815554652213,-0.009,0.0017));
#5383=CARTESIAN_POINT('',(0.0181815554652213,-0.0105,0.0017));
#5384=CARTESIAN_POINT('',(0.0181815554652213,-0.012,0.0017));
#5385=CARTESIAN_POINT('',(0.016125,-0.012,0.0017));
#5386=CARTESIAN_POINT('',(0.003,-0.012,0.0017));
#5387=CARTESIAN_POINT('',(0.003,-0.009,0.0017));
#5388=CARTESIAN_POINT('',(-1.7347234759768E-18,-0.009,0.0017));
#5389=CARTESIAN_POINT('',(-1.7347234759768E-18,-0.007545,0.0017));
#5390=CARTESIAN_POINT('',(-1.7347234759768E-18,-0.00709,0.0017));
#5391=CARTESIAN_POINT('',(0.001,-0.00709,0.0017));
#5392=CARTESIAN_POINT('',(0.001,-0.00609,0.0017));
#5393=CARTESIAN_POINT('',(0.0043,-0.00609,0.0017));
#5394=CARTESIAN_POINT('',(0.0095,-0.00609,0.0017));
#5395=CARTESIAN_POINT('',(0.0095,-0.00544,0.0017));
#5396=CARTESIAN_POINT('',(0.0095,-0.00479,0.0017));
#5397=CARTESIAN_POINT('',(0.00905,-0.00479,0.0017));
#5398=CARTESIAN_POINT('',(0.00862020410288673,-0.00479,0.0017));
#5399=CARTESIAN_POINT('',(0.0096,-0.00499,0.0017));
#5400=CARTESIAN_POINT('',(0.0096,-0.00399,0.0017));
#5401=CARTESIAN_POINT('',(0.01025,-0.00399,0.0017));
#5402=CARTESIAN_POINT('',(0.0109,-0.00399,0.0017));
#5403=CARTESIAN_POINT('',(0.0109,-0.00299,0.0017));
#5404=CARTESIAN_POINT('',(0.0119,-0.00299,0.0017));
#5405=CARTESIAN_POINT('',(0.0119,1.21430643318376E-17,0.0017));
#5406=CARTESIAN_POINT('',(0.0119,0.00299,0.0017));
#5407=CARTESIAN_POINT('',(0.0109,0.00299,0.0017));
#5408=CARTESIAN_POINT('',(0.0109,0.00399,0.0017));
#5409=CARTESIAN_POINT('',(0.01025,0.00399,0.0017));
#5410=CARTESIAN_POINT('',(0.0096,0.00399,0.0017));
#5411=CARTESIAN_POINT('',(0.0096,0.00499,0.0017));
#5412=CARTESIAN_POINT('',(0.00862020410288673,0.00479,0.0017));
#5413=CARTESIAN_POINT('',(0.00905,0.00479,0.0017));
#5414=CARTESIAN_POINT('',(0.0095,0.00479,0.0017));
#5415=CARTESIAN_POINT('',(0.0095,0.00544,0.0017));
#5416=CARTESIAN_POINT('',(0.0095,0.00609,0.0017));
#5417=CARTESIAN_POINT('',(0.0043,0.00609,0.0017));
#5418=CARTESIAN_POINT('',(0.001,0.00609,0.0017));
#5419=CARTESIAN_POINT('',(0.001,0.00709,0.0017));
#5420=CARTESIAN_POINT('',(-1.7347234759768E-18,0.00709,0.0017));
#5421=CARTESIAN_POINT('',(-1.7347234759768E-18,0.007545,0.0017));
#5422=CARTESIAN_POINT('',(-1.7347234759768E-18,0.009,0.0017));
#5423=CARTESIAN_POINT('',(0.003,0.009,0.0017));
#5424=CARTESIAN_POINT('',(0.003,0.012,0.0017));
#5425=CARTESIAN_POINT('',(0.016125,0.012,0.0017));
#5426=CARTESIAN_POINT('',(0.0181815554652213,0.012,0.0017));
#5427=CARTESIAN_POINT('',(0.0181815554652213,0.0105,0.0017));
#5428=CARTESIAN_POINT('',(0.0096,0.00499,0.00595));
#5429=CARTESIAN_POINT('',(0.0086,0.00499,0.00595));
#5430=CARTESIAN_POINT('',(0.0086,0.00499,0.0029));
#5431=CARTESIAN_POINT('',(0.0086,0.00499,0.00595));
#5432=CARTESIAN_POINT('',(0.0096,0.00499,0.00245555555555556));
#5433=CARTESIAN_POINT('',(0.00862020410288673,0.00479,0.002891020398717));
#5434=CARTESIAN_POINT('',(0.00862020410288673,0.00479,0.00595));
#5435=CARTESIAN_POINT('',(0.0096,0.00399,0.00595));
#5436=CARTESIAN_POINT('',(0.0096,0.00399,0.00595));
#5437=CARTESIAN_POINT('',(0.0096,0.00499,0.00595));
#5438=CARTESIAN_POINT('',(0.016125,1.7347234759768E-17,0.0017));
#5439=CARTESIAN_POINT('',(0.03075,-0.0065,0.0017));
#5440=CARTESIAN_POINT('',(0.02925,-0.0065,0.0017));
#5441=CARTESIAN_POINT('',(0.03225,-0.0065,0.0017));
#5442=CARTESIAN_POINT('',(0.02925,1.21430643318376E-17,0.0017));
#5443=CARTESIAN_POINT('',(0.02925,-0.0054,0.0017));
#5444=CARTESIAN_POINT('',(0.03075,-0.0054,0.0017));
#5445=CARTESIAN_POINT('',(0.03225,-0.0054,0.0017));
#5446=CARTESIAN_POINT('',(0.03225,1.21430643318376E-17,0.0017));
#5447=CARTESIAN_POINT('',(0.016125,1.7347234759768E-17,0.0017));
#5448=CARTESIAN_POINT('',(0.0221815554652213,0.0105,0.0017));
#5449=CARTESIAN_POINT('',(0.0221815554652213,0.009,0.0017));
#5450=CARTESIAN_POINT('',(0.0221815554652213,0.012,0.0017));
#5451=CARTESIAN_POINT('',(0.0237157777326107,0.009,0.0017));
#5452=CARTESIAN_POINT('',(0.0210815554652214,0.009,0.0017));
#5453=CARTESIAN_POINT('',(0.0210815554652214,0.0105,0.0017));
#5454=CARTESIAN_POINT('',(0.0210815554652214,0.012,0.0017));
#5455=CARTESIAN_POINT('',(0.016125,0.012,0.0017));
#5456=CARTESIAN_POINT('',(0.016125,1.7347234759768E-17,0.0017));
#5457=CARTESIAN_POINT('',(0.0281815554652213,0.0105,0.0017));
#5458=CARTESIAN_POINT('',(0.0281815554652213,0.009,0.0017));
#5459=CARTESIAN_POINT('',(0.0281815554652213,0.012,0.0017));
#5460=CARTESIAN_POINT('',(0.0237157777326107,0.009,0.0017));
#5461=CARTESIAN_POINT('',(0.0270815554652213,0.009,0.0017));
#5462=CARTESIAN_POINT('',(0.0270815554652213,0.0105,0.0017));
#5463=CARTESIAN_POINT('',(0.0270815554652213,0.012,0.0017));
#5464=CARTESIAN_POINT('',(0.016125,0.012,0.0017));
#5465=CARTESIAN_POINT('',(0.016125,1.7347234759768E-17,0.0017));
#5466=CARTESIAN_POINT('',(0.0261815554652213,0.0105,0.0017));
#5467=CARTESIAN_POINT('',(0.0261815554652213,0.009,0.0017));
#5468=CARTESIAN_POINT('',(0.0261815554652213,0.012,0.0017));
#5469=CARTESIAN_POINT('',(0.0237157777326107,0.009,0.0017));
#5470=CARTESIAN_POINT('',(0.0250815554652213,0.009,0.0017));
#5471=CARTESIAN_POINT('',(0.0250815554652213,0.0105,0.0017));
#5472=CARTESIAN_POINT('',(0.0250815554652213,0.012,0.0017));
#5473=CARTESIAN_POINT('',(0.016125,0.012,0.0017));
#5474=CARTESIAN_POINT('',(0.016125,1.7347234759768E-17,0.0017));
#5475=CARTESIAN_POINT('',(0.03075,-0.0045,0.0017));
#5476=CARTESIAN_POINT('',(0.02925,-0.0045,0.0017));
#5477=CARTESIAN_POINT('',(0.03225,-0.0045,0.0017));
#5478=CARTESIAN_POINT('',(0.02925,1.21430643318376E-17,0.0017));
#5479=CARTESIAN_POINT('',(0.02925,-0.0034,0.0017));
#5480=CARTESIAN_POINT('',(0.03075,-0.0034,0.0017));
#5481=CARTESIAN_POINT('',(0.03225,-0.0034,0.0017));
#5482=CARTESIAN_POINT('',(0.03225,1.21430643318376E-17,0.0017));
#5483=CARTESIAN_POINT('',(0.016125,1.7347234759768E-17,0.0017));
#5484=CARTESIAN_POINT('',(0.03075,-0.0025,0.0017));
#5485=CARTESIAN_POINT('',(0.02925,-0.0025,0.0017));
#5486=CARTESIAN_POINT('',(0.03225,-0.0025,0.0017));
#5487=CARTESIAN_POINT('',(0.02925,1.21430643318376E-17,0.0017));
#5488=CARTESIAN_POINT('',(0.02925,-0.0014,0.0017));
#5489=CARTESIAN_POINT('',(0.03075,-0.0014,0.0017));
#5490=CARTESIAN_POINT('',(0.03225,-0.0014,0.0017));
#5491=CARTESIAN_POINT('',(0.03225,1.21430643318376E-17,0.0017));
#5492=CARTESIAN_POINT('',(0.016125,1.7347234759768E-17,0.0017));
#5493=CARTESIAN_POINT('',(0.03075,-0.000499999999999994,0.0017));
#5494=CARTESIAN_POINT('',(0.02925,-0.000499999999999994,0.0017));
#5495=CARTESIAN_POINT('',(0.03225,-0.000499999999999994,0.0017));
#5496=CARTESIAN_POINT('',(0.02925,1.21430643318376E-17,0.0017));
#5497=CARTESIAN_POINT('',(0.02925,0.000600000000000007,0.0017));
#5498=CARTESIAN_POINT('',(0.03075,0.000600000000000007,0.0017));
#5499=CARTESIAN_POINT('',(0.03225,0.000600000000000007,0.0017));
#5500=CARTESIAN_POINT('',(0.03225,1.21430643318376E-17,0.0017));
#5501=CARTESIAN_POINT('',(0.016125,1.7347234759768E-17,0.0017));
#5502=CARTESIAN_POINT('',(0.03075,0.0015,0.0017));
#5503=CARTESIAN_POINT('',(0.02925,0.0015,0.0017));
#5504=CARTESIAN_POINT('',(0.03225,0.0015,0.0017));
#5505=CARTESIAN_POINT('',(0.02925,1.21430643318376E-17,0.0017));
#5506=CARTESIAN_POINT('',(0.02925,0.0026,0.0017));
#5507=CARTESIAN_POINT('',(0.03075,0.0026,0.0017));
#5508=CARTESIAN_POINT('',(0.03225,0.0026,0.0017));
#5509=CARTESIAN_POINT('',(0.03225,1.21430643318376E-17,0.0017));
#5510=CARTESIAN_POINT('',(0.016125,1.7347234759768E-17,0.0017));
#5511=CARTESIAN_POINT('',(0.0210815554652214,-0.0105,0.0017));
#5512=CARTESIAN_POINT('',(0.0210815554652214,-0.009,0.0017));
#5513=CARTESIAN_POINT('',(0.0210815554652214,-0.012,0.0017));
#5514=CARTESIAN_POINT('',(0.0237157777326107,-0.009,0.0017));
#5515=CARTESIAN_POINT('',(0.0221815554652213,-0.009,0.0017));
#5516=CARTESIAN_POINT('',(0.0221815554652213,-0.0105,0.0017));
#5517=CARTESIAN_POINT('',(0.0221815554652213,-0.012,0.0017));
#5518=CARTESIAN_POINT('',(0.016125,-0.012,0.0017));
#5519=CARTESIAN_POINT('',(0.016125,1.7347234759768E-17,0.0017));
#5520=CARTESIAN_POINT('',(0.0230815554652213,-0.0105,0.0017));
#5521=CARTESIAN_POINT('',(0.0230815554652213,-0.009,0.0017));
#5522=CARTESIAN_POINT('',(0.0230815554652213,-0.012,0.0017));
#5523=CARTESIAN_POINT('',(0.0237157777326107,-0.009,0.0017));
#5524=CARTESIAN_POINT('',(0.0241815554652213,-0.009,0.0017));
#5525=CARTESIAN_POINT('',(0.0241815554652213,-0.0105,0.0017));
#5526=CARTESIAN_POINT('',(0.0241815554652213,-0.012,0.0017));
#5527=CARTESIAN_POINT('',(0.016125,-0.012,0.0017));
#5528=CARTESIAN_POINT('',(0.016125,1.7347234759768E-17,0.0017));
#5529=CARTESIAN_POINT('',(0.0250815554652213,-0.0105,0.0017));
#5530=CARTESIAN_POINT('',(0.0250815554652213,-0.009,0.0017));
#5531=CARTESIAN_POINT('',(0.0250815554652213,-0.012,0.0017));
#5532=CARTESIAN_POINT('',(0.0237157777326107,-0.009,0.0017));
#5533=CARTESIAN_POINT('',(0.0261815554652213,-0.009,0.0017));
#5534=CARTESIAN_POINT('',(0.0261815554652213,-0.0105,0.0017));
#5535=CARTESIAN_POINT('',(0.0261815554652213,-0.012,0.0017));
#5536=CARTESIAN_POINT('',(0.016125,-0.012,0.0017));
#5537=CARTESIAN_POINT('',(0.016125,1.7347234759768E-17,0.0017));
#5538=CARTESIAN_POINT('',(0.0270815554652213,-0.0105,0.0017));
#5539=CARTESIAN_POINT('',(0.0270815554652213,-0.009,0.0017));
#5540=CARTESIAN_POINT('',(0.0270815554652213,-0.012,0.0017));
#5541=CARTESIAN_POINT('',(0.0237157777326107,-0.009,0.0017));
#5542=CARTESIAN_POINT('',(0.0281815554652213,-0.009,0.0017));
#5543=CARTESIAN_POINT('',(0.0281815554652213,-0.0105,0.0017));
#5544=CARTESIAN_POINT('',(0.0281815554652213,-0.012,0.0017));
#5545=CARTESIAN_POINT('',(0.016125,-0.012,0.0017));
#5546=CARTESIAN_POINT('',(0.016125,1.7347234759768E-17,0.0017));
#5547=CARTESIAN_POINT('',(0.0201815554652214,0.0105,0.0017));
#5548=CARTESIAN_POINT('',(0.0201815554652214,0.009,0.0017));
#5549=CARTESIAN_POINT('',(0.0201815554652214,0.012,0.0017));
#5550=CARTESIAN_POINT('',(0.0237157777326107,0.009,0.0017));
#5551=CARTESIAN_POINT('',(0.0190815554652214,0.009,0.0017));
#5552=CARTESIAN_POINT('',(0.0190815554652214,0.0105,0.0017));
#5553=CARTESIAN_POINT('',(0.0190815554652214,0.012,0.0017));
#5554=CARTESIAN_POINT('',(0.016125,0.012,0.0017));
#5555=CARTESIAN_POINT('',(0.016125,1.7347234759768E-17,0.0017));
#5556=CARTESIAN_POINT('',(0.0237157777326107,0.009,0.0017));
#5557=CARTESIAN_POINT('',(0.0230815554652213,0.009,0.0017));
#5558=CARTESIAN_POINT('',(0.0241815554652213,0.009,0.0017));
#5559=CARTESIAN_POINT('',(0.0230815554652213,0.0105,0.0017));
#5560=CARTESIAN_POINT('',(0.0230815554652213,0.012,0.0017));
#5561=CARTESIAN_POINT('',(0.016125,0.012,0.0017));
#5562=CARTESIAN_POINT('',(0.0241815554652213,0.012,0.0017));
#5563=CARTESIAN_POINT('',(0.0241815554652213,0.0105,0.0017));
#5564=CARTESIAN_POINT('',(0.016125,1.7347234759768E-17,0.0017));
#5565=CARTESIAN_POINT('',(0.02925,1.21430643318376E-17,0.0017));
#5566=CARTESIAN_POINT('',(0.02925,-0.0074,0.0017));
#5567=CARTESIAN_POINT('',(0.02925,-0.008,0.0017));
#5568=CARTESIAN_POINT('',(0.03075,-0.0074,0.0017));
#5569=CARTESIAN_POINT('',(0.03225,-0.0074,0.0017));
#5570=CARTESIAN_POINT('',(0.03225,1.21430643318376E-17,0.0017));
#5571=CARTESIAN_POINT('',(0.03225,-0.009,0.0017));
#5572=CARTESIAN_POINT('',(0.02925,-0.009,0.0017));
#5573=CARTESIAN_POINT('',(0.02925,-0.012,0.0017));
#5574=CARTESIAN_POINT('',(0.016125,-0.012,0.0017));
#5575=CARTESIAN_POINT('',(0.0290815554652213,-0.012,0.0017));
#5576=CARTESIAN_POINT('',(0.0290815554652213,-0.0105,0.0017));
#5577=CARTESIAN_POINT('',(0.0290815554652213,-0.00855544172355039,0.0017));
#5578=CARTESIAN_POINT('',(0.02825,-0.008,0.0017));
#5579=CARTESIAN_POINT('',(0.016125,1.7347234759768E-17,0.0017));
#5580=CARTESIAN_POINT('',(0.03075,0.0035,0.0017));
#5581=CARTESIAN_POINT('',(0.02925,0.0035,0.0017));
#5582=CARTESIAN_POINT('',(0.03225,0.0035,0.0017));
#5583=CARTESIAN_POINT('',(0.02925,1.21430643318376E-17,0.0017));
#5584=CARTESIAN_POINT('',(0.02925,0.0046,0.0017));
#5585=CARTESIAN_POINT('',(0.03075,0.0046,0.0017));
#5586=CARTESIAN_POINT('',(0.03225,0.0046,0.0017));
#5587=CARTESIAN_POINT('',(0.03225,1.21430643318376E-17,0.0017));
#5588=CARTESIAN_POINT('',(0.016125,1.7347234759768E-17,0.0017));
#5589=CARTESIAN_POINT('',(0.03075,0.0055,0.0017));
#5590=CARTESIAN_POINT('',(0.02925,0.0055,0.0017));
#5591=CARTESIAN_POINT('',(0.03225,0.0055,0.0017));
#5592=CARTESIAN_POINT('',(0.02925,1.21430643318376E-17,0.0017));
#5593=CARTESIAN_POINT('',(0.02925,0.0066,0.0017));
#5594=CARTESIAN_POINT('',(0.03075,0.0066,0.0017));
#5595=CARTESIAN_POINT('',(0.03225,0.0066,0.0017));
#5596=CARTESIAN_POINT('',(0.03225,1.21430643318376E-17,0.0017));
#5597=CARTESIAN_POINT('',(0.016125,1.7347234759768E-17,0.0017));
#5598=CARTESIAN_POINT('',(0.02925,1.21430643318376E-17,0.0017));
#5599=CARTESIAN_POINT('',(0.02925,0.008,0.0017));
#5600=CARTESIAN_POINT('',(0.02925,0.0075,0.0017));
#5601=CARTESIAN_POINT('',(0.02825,0.008,0.0017));
#5602=CARTESIAN_POINT('',(0.0290815554652213,0.00855544172355041,0.0017));
#5603=CARTESIAN_POINT('',(0.0290815554652213,0.0105,0.0017));
#5604=CARTESIAN_POINT('',(0.0290815554652213,0.012,0.0017));
#5605=CARTESIAN_POINT('',(0.016125,0.012,0.0017));
#5606=CARTESIAN_POINT('',(0.02925,0.012,0.0017));
#5607=CARTESIAN_POINT('',(0.02925,0.009,0.0017));
#5608=CARTESIAN_POINT('',(0.03225,0.009,0.0017));
#5609=CARTESIAN_POINT('',(0.03225,1.21430643318376E-17,0.0017));
#5610=CARTESIAN_POINT('',(0.03225,0.0075,0.0017));
#5611=CARTESIAN_POINT('',(0.03075,0.0075,0.0017));
#5612=CARTESIAN_POINT('',(0.016125,-0.012,0.00595));
#5613=CARTESIAN_POINT('',(0.0206315554652214,-0.012,0.0037));
#5614=CARTESIAN_POINT('',(0.0201815554652214,-0.012,0.0037));
#5615=CARTESIAN_POINT('',(0.0210815554652214,-0.012,0.0037));
#5616=CARTESIAN_POINT('',(0.0210815554652214,-0.012,0.0037));
#5617=CARTESIAN_POINT('',(0.0221815554652213,-0.012,0.0037));
#5618=CARTESIAN_POINT('',(0.0221815554652213,-0.012,0.0037));
#5619=CARTESIAN_POINT('',(0.0226315554652213,-0.012,0.0037));
#5620=CARTESIAN_POINT('',(0.0230815554652213,-0.012,0.0037));
#5621=CARTESIAN_POINT('',(0.0230815554652213,-0.012,0.0037));
#5622=CARTESIAN_POINT('',(0.0241815554652213,-0.012,0.0037));
#5623=CARTESIAN_POINT('',(0.0241815554652213,-0.012,0.0037));
#5624=CARTESIAN_POINT('',(0.0246315554652214,-0.012,0.0037));
#5625=CARTESIAN_POINT('',(0.0250815554652213,-0.012,0.0037));
#5626=CARTESIAN_POINT('',(0.0250815554652213,-0.012,0.0037));
#5627=CARTESIAN_POINT('',(0.0261815554652213,-0.012,0.0037));
#5628=CARTESIAN_POINT('',(0.0261815554652213,-0.012,0.0037));
#5629=CARTESIAN_POINT('',(0.0266315554652213,-0.012,0.0037));
#5630=CARTESIAN_POINT('',(0.0270815554652213,-0.012,0.0037));
#5631=CARTESIAN_POINT('',(0.0270815554652213,-0.012,0.0037));
#5632=CARTESIAN_POINT('',(0.0281815554652213,-0.012,0.0037));
#5633=CARTESIAN_POINT('',(0.0281815554652213,-0.012,0.0037));
#5634=CARTESIAN_POINT('',(0.0286315554652214,-0.012,0.0037));
#5635=CARTESIAN_POINT('',(0.0290815554652213,-0.012,0.0037));
#5636=CARTESIAN_POINT('',(0.0290815554652213,-0.012,0.0037));
#5637=CARTESIAN_POINT('',(0.02925,-0.012,0.00595));
#5638=CARTESIAN_POINT('',(0.02925,-0.012,0.00608578643762691));
#5639=CARTESIAN_POINT('',(0.016125,-0.012,0.00608578643762691));
#5640=CARTESIAN_POINT('',(0.003,-0.012,0.00608578643762691));
#5641=CARTESIAN_POINT('',(0.003,-0.012,0.00595));
#5642=CARTESIAN_POINT('',(0.0181815554652213,-0.012,0.0037));
#5643=CARTESIAN_POINT('',(0.0181815554652213,-0.012,0.0037));
#5644=CARTESIAN_POINT('',(0.0186315554652214,-0.012,0.0037));
#5645=CARTESIAN_POINT('',(0.0190815554652214,-0.012,0.0037));
#5646=CARTESIAN_POINT('',(0.0190815554652214,-0.012,0.0037));
#5647=CARTESIAN_POINT('',(0.0190815554652214,-0.012,0.0017));
#5648=CARTESIAN_POINT('',(0.016125,-0.012,0.0017));
#5649=CARTESIAN_POINT('',(0.0201815554652214,-0.012,0.0017));
#5650=CARTESIAN_POINT('',(0.0201815554652214,-0.012,0.0037));
#5651=CARTESIAN_POINT('',(0.03225,1.21430643318376E-17,0.00595));
#5652=CARTESIAN_POINT('',(0.03225,-0.00695,0.0037));
#5653=CARTESIAN_POINT('',(0.03225,-0.0074,0.0037));
#5654=CARTESIAN_POINT('',(0.03225,-0.0065,0.0037));
#5655=CARTESIAN_POINT('',(0.03225,-0.0065,0.0037));
#5656=CARTESIAN_POINT('',(0.03225,-0.0054,0.0037));
#5657=CARTESIAN_POINT('',(0.03225,-0.0054,0.0037));
#5658=CARTESIAN_POINT('',(0.03225,-0.00495,0.0037));
#5659=CARTESIAN_POINT('',(0.03225,-0.0045,0.0037));
#5660=CARTESIAN_POINT('',(0.03225,-0.0045,0.0037));
#5661=CARTESIAN_POINT('',(0.03225,-0.0034,0.0037));
#5662=CARTESIAN_POINT('',(0.03225,-0.0034,0.0037));
#5663=CARTESIAN_POINT('',(0.03225,-0.00295,0.0037));
#5664=CARTESIAN_POINT('',(0.03225,-0.0025,0.0037));
#5665=CARTESIAN_POINT('',(0.03225,-0.0025,0.0037));
#5666=CARTESIAN_POINT('',(0.03225,-0.0014,0.0037));
#5667=CARTESIAN_POINT('',(0.03225,-0.0014,0.0037));
#5668=CARTESIAN_POINT('',(0.03225,-0.00095,0.0037));
#5669=CARTESIAN_POINT('',(0.03225,-0.000499999999999994,0.0037));
#5670=CARTESIAN_POINT('',(0.03225,-0.000499999999999994,0.0037));
#5671=CARTESIAN_POINT('',(0.03225,0.000600000000000007,0.0037));
#5672=CARTESIAN_POINT('',(0.03225,0.000600000000000007,0.0037));
#5673=CARTESIAN_POINT('',(0.03225,0.00105,0.0037));
#5674=CARTESIAN_POINT('',(0.03225,0.0015,0.0037));
#5675=CARTESIAN_POINT('',(0.03225,0.0015,0.0037));
#5676=CARTESIAN_POINT('',(0.03225,0.0026,0.0037));
#5677=CARTESIAN_POINT('',(0.03225,0.0026,0.0037));
#5678=CARTESIAN_POINT('',(0.03225,0.00305,0.0037));
#5679=CARTESIAN_POINT('',(0.03225,0.0035,0.0037));
#5680=CARTESIAN_POINT('',(0.03225,0.0035,0.0037));
#5681=CARTESIAN_POINT('',(0.03225,0.0046,0.0037));
#5682=CARTESIAN_POINT('',(0.03225,0.0046,0.0037));
#5683=CARTESIAN_POINT('',(0.03225,0.00505,0.0037));
#5684=CARTESIAN_POINT('',(0.03225,0.0055,0.0037));
#5685=CARTESIAN_POINT('',(0.03225,0.0055,0.0037));
#5686=CARTESIAN_POINT('',(0.03225,0.0066,0.0037));
#5687=CARTESIAN_POINT('',(0.03225,0.0066,0.0037));
#5688=CARTESIAN_POINT('',(0.03225,0.00705,0.0037));
#5689=CARTESIAN_POINT('',(0.03225,0.0075,0.0037));
#5690=CARTESIAN_POINT('',(0.03225,0.0075,0.0037));
#5691=CARTESIAN_POINT('',(0.03225,0.009,0.00595));
#5692=CARTESIAN_POINT('',(0.03225,0.009,0.0060857864376269));
#5693=CARTESIAN_POINT('',(0.03225,1.21430643318376E-17,0.00608578643762691));
#5694=CARTESIAN_POINT('',(0.03225,-0.009,0.00608578643762691));
#5695=CARTESIAN_POINT('',(0.03225,-0.009,0.00595));
#5696=CARTESIAN_POINT('',(0.03225,-0.0074,0.0037));
#5697=CARTESIAN_POINT('',(0.0237157777326107,-0.009,0.00595));
#5698=CARTESIAN_POINT('',(0.0237157777326107,-0.009,0.00595));
#5699=CARTESIAN_POINT('',(0.0188489528604826,-0.009,0.00595));
#5700=CARTESIAN_POINT('',(0.02825,-0.009,0.00595));
#5701=CARTESIAN_POINT('',(0.02825,-0.009,0.00595));
#5702=CARTESIAN_POINT('',(0.02825,-0.009,0.0037));
#5703=CARTESIAN_POINT('',(0.0286315554652214,-0.009,0.0037));
#5704=CARTESIAN_POINT('',(0.0281815554652213,-0.009,0.0037));
#5705=CARTESIAN_POINT('',(0.0281815554652213,-0.009,0.0037));
#5706=CARTESIAN_POINT('',(0.0270815554652213,-0.009,0.0037));
#5707=CARTESIAN_POINT('',(0.0270815554652213,-0.009,0.0037));
#5708=CARTESIAN_POINT('',(0.0266315554652213,-0.009,0.0037));
#5709=CARTESIAN_POINT('',(0.0261815554652213,-0.009,0.0037));
#5710=CARTESIAN_POINT('',(0.0261815554652213,-0.009,0.0037));
#5711=CARTESIAN_POINT('',(0.0250815554652213,-0.009,0.0037));
#5712=CARTESIAN_POINT('',(0.0250815554652213,-0.009,0.0037));
#5713=CARTESIAN_POINT('',(0.0246315554652214,-0.009,0.0037));
#5714=CARTESIAN_POINT('',(0.0241815554652213,-0.009,0.0037));
#5715=CARTESIAN_POINT('',(0.0241815554652213,-0.009,0.0037));
#5716=CARTESIAN_POINT('',(0.0230815554652213,-0.009,0.0037));
#5717=CARTESIAN_POINT('',(0.0230815554652213,-0.009,0.0037));
#5718=CARTESIAN_POINT('',(0.0226315554652213,-0.009,0.0037));
#5719=CARTESIAN_POINT('',(0.0221815554652213,-0.009,0.0037));
#5720=CARTESIAN_POINT('',(0.0221815554652213,-0.009,0.0037));
#5721=CARTESIAN_POINT('',(0.0210815554652214,-0.009,0.0037));
#5722=CARTESIAN_POINT('',(0.0210815554652214,-0.009,0.0037));
#5723=CARTESIAN_POINT('',(0.0206315554652214,-0.009,0.0037));
#5724=CARTESIAN_POINT('',(0.0201815554652214,-0.009,0.0037));
#5725=CARTESIAN_POINT('',(0.0201815554652214,-0.009,0.0037));
#5726=CARTESIAN_POINT('',(0.0201815554652214,-0.009,0.0017));
#5727=CARTESIAN_POINT('',(0.0237157777326107,-0.009,0.0017));
#5728=CARTESIAN_POINT('',(0.0190815554652214,-0.009,0.0017));
#5729=CARTESIAN_POINT('',(0.0190815554652214,-0.009,0.0037));
#5730=CARTESIAN_POINT('',(0.0190815554652214,-0.009,0.0037));
#5731=CARTESIAN_POINT('',(0.0186315554652214,-0.009,0.0037));
#5732=CARTESIAN_POINT('',(0.0188489528604826,-0.009,0.0037));
#5733=CARTESIAN_POINT('',(0.0188489528604826,-0.009,0.00595));
#5734=CARTESIAN_POINT('',(0.016125,1.7347234759768E-17,0.0017));
#5735=CARTESIAN_POINT('',(0.0201815554652214,-0.0105,0.0017));
#5736=CARTESIAN_POINT('',(0.0190815554652214,-0.0105,0.0017));
#5737=CARTESIAN_POINT('',(0.016125,1.56125112837912E-17,0.00695));
#5738=CARTESIAN_POINT('',(0.01225,-0.008,0.00695));
#5739=CARTESIAN_POINT('',(0.01575,-0.008,0.00695));
#5740=CARTESIAN_POINT('',(0.01225,0.008,0.00695));
#5741=CARTESIAN_POINT('',(0.01575,0.008,0.00695));
#5742=CARTESIAN_POINT('',(0.01925,-0.008,0.00695));
#5743=CARTESIAN_POINT('',(0.01925,-0.00755,0.00695));
#5744=CARTESIAN_POINT('',(0.01925,-0.00845,0.00695));
#5745=CARTESIAN_POINT('',(0.02375,-0.00755,0.00695));
#5746=CARTESIAN_POINT('',(0.02825,-0.00755,0.00695));
#5747=CARTESIAN_POINT('',(0.02825,-0.008,0.00695));
#5748=CARTESIAN_POINT('',(0.02825,-0.00845,0.00695));
#5749=CARTESIAN_POINT('',(0.02375,-0.00845,0.00695));
#5750=CARTESIAN_POINT('',(0.01925,-0.006,0.00695));
#5751=CARTESIAN_POINT('',(0.01925,-0.00555,0.00695));
#5752=CARTESIAN_POINT('',(0.01925,-0.00645,0.00695));
#5753=CARTESIAN_POINT('',(0.02375,-0.00555,0.00695));
#5754=CARTESIAN_POINT('',(0.02825,-0.00555,0.00695));
#5755=CARTESIAN_POINT('',(0.02825,-0.006,0.00695));
#5756=CARTESIAN_POINT('',(0.02825,-0.00645,0.00695));
#5757=CARTESIAN_POINT('',(0.02375,-0.00645,0.00695));
#5758=CARTESIAN_POINT('',(0.01825,-0.004,0.00695));
#5759=CARTESIAN_POINT('',(0.01825,-0.00355,0.00695));
#5760=CARTESIAN_POINT('',(0.01825,-0.00445,0.00695));
#5761=CARTESIAN_POINT('',(0.02325,-0.00355,0.00695));
#5762=CARTESIAN_POINT('',(0.02825,-0.00355,0.00695));
#5763=CARTESIAN_POINT('',(0.02825,-0.004,0.00695));
#5764=CARTESIAN_POINT('',(0.02825,-0.00445,0.00695));
#5765=CARTESIAN_POINT('',(0.02325,-0.00445,0.00695));
#5766=CARTESIAN_POINT('',(0.01725,-0.002,0.00695));
#5767=CARTESIAN_POINT('',(0.01725,-0.00155,0.00695));
#5768=CARTESIAN_POINT('',(0.01725,-0.00245,0.00695));
#5769=CARTESIAN_POINT('',(0.02275,-0.00155,0.00695));
#5770=CARTESIAN_POINT('',(0.02825,-0.00155,0.00695));
#5771=CARTESIAN_POINT('',(0.02825,-0.002,0.00695));
#5772=CARTESIAN_POINT('',(0.02825,-0.00245,0.00695));
#5773=CARTESIAN_POINT('',(0.02275,-0.00245,0.00695));
#5774=CARTESIAN_POINT('',(0.01725,7.58941520739853E-18,0.00695));
#5775=CARTESIAN_POINT('',(0.01725,0.000450000000000008,0.00695));
#5776=CARTESIAN_POINT('',(0.01725,-0.000449999999999991,0.00695));
#5777=CARTESIAN_POINT('',(0.02275,0.00045,0.00695));
#5778=CARTESIAN_POINT('',(0.02825,0.000450000000000007,0.00695));
#5779=CARTESIAN_POINT('',(0.02825,6.66784336078585E-18,0.00695));
#5780=CARTESIAN_POINT('',(0.02825,-0.000449999999999995,0.00695));
#5781=CARTESIAN_POINT('',(0.02275,-0.000449999999999993,0.00695));
#5782=CARTESIAN_POINT('',(0.01725,0.002,0.00695));
#5783=CARTESIAN_POINT('',(0.01725,0.00245,0.00695));
#5784=CARTESIAN_POINT('',(0.01725,0.00155,0.00695));
#5785=CARTESIAN_POINT('',(0.02275,0.00245,0.00695));
#5786=CARTESIAN_POINT('',(0.02825,0.00245,0.00695));
#5787=CARTESIAN_POINT('',(0.02825,0.002,0.00695));
#5788=CARTESIAN_POINT('',(0.02825,0.00155,0.00695));
#5789=CARTESIAN_POINT('',(0.02275,0.00155,0.00695));
#5790=CARTESIAN_POINT('',(0.01825,0.004,0.00695));
#5791=CARTESIAN_POINT('',(0.01825,0.00445,0.00695));
#5792=CARTESIAN_POINT('',(0.01825,0.00355,0.00695));
#5793=CARTESIAN_POINT('',(0.02325,0.00445,0.00695));
#5794=CARTESIAN_POINT('',(0.02825,0.00445,0.00695));
#5795=CARTESIAN_POINT('',(0.02825,0.004,0.00695));
#5796=CARTESIAN_POINT('',(0.02825,0.00355,0.00695));
#5797=CARTESIAN_POINT('',(0.02325,0.00355,0.00695));
#5798=CARTESIAN_POINT('',(0.01925,0.006,0.00695));
#5799=CARTESIAN_POINT('',(0.01925,0.00645,0.00695));
#5800=CARTESIAN_POINT('',(0.01925,0.00555,0.00695));
#5801=CARTESIAN_POINT('',(0.02375,0.00645,0.00695));
#5802=CARTESIAN_POINT('',(0.02825,0.00645,0.00695));
#5803=CARTESIAN_POINT('',(0.02825,0.006,0.00695));
#5804=CARTESIAN_POINT('',(0.02825,0.00555,0.00695));
#5805=CARTESIAN_POINT('',(0.02375,0.00555,0.00695));
#5806=CARTESIAN_POINT('',(0.01925,0.008,0.00695));
#5807=CARTESIAN_POINT('',(0.01925,0.00845,0.00695));
#5808=CARTESIAN_POINT('',(0.01925,0.00755,0.00695));
#5809=CARTESIAN_POINT('',(0.02375,0.00845,0.00695));
#5810=CARTESIAN_POINT('',(0.02825,0.00845,0.00695));
#5811=CARTESIAN_POINT('',(0.02825,0.008,0.00695));
#5812=CARTESIAN_POINT('',(0.02825,0.00755,0.00695));
#5813=CARTESIAN_POINT('',(0.02375,0.00755,0.00695));
#5814=CARTESIAN_POINT('',(0.00045,0.00609,0.00695));
#5815=CARTESIAN_POINT('',(0.00045,0.009,0.00695));
#5816=CARTESIAN_POINT('',(0.00045,0.00709,0.00695));
#5817=CARTESIAN_POINT('',(0.00186421356237309,0.00709,0.00695));
#5818=CARTESIAN_POINT('',(0.00186421356237309,0.00609,0.00695));
#5819=CARTESIAN_POINT('',(0.00175,0.00609,0.00695));
#5820=CARTESIAN_POINT('',(0.0072,0.00609,0.00695));
#5821=CARTESIAN_POINT('',(0.0072,1.12757025938492E-17,0.00695));
#5822=CARTESIAN_POINT('',(0.0072,-0.00609,0.00695));
#5823=CARTESIAN_POINT('',(0.00535,-0.00609,0.00695));
#5824=CARTESIAN_POINT('',(0.00186421356237309,-0.00609,0.00695));
#5825=CARTESIAN_POINT('',(0.00186421356237309,-0.00709,0.00695));
#5826=CARTESIAN_POINT('',(0.00045,-0.00709,0.00695));
#5827=CARTESIAN_POINT('',(0.00045,1.56125112837912E-17,0.00695));
#5828=CARTESIAN_POINT('',(0.00045,-0.009,0.00695));
#5829=CARTESIAN_POINT('',(0.003,-0.009,0.00695));
#5830=CARTESIAN_POINT('',(0.003,-0.01155,0.00695));
#5831=CARTESIAN_POINT('',(0.016125,-0.01155,0.00695));
#5832=CARTESIAN_POINT('',(0.02925,-0.01155,0.00695));
#5833=CARTESIAN_POINT('',(0.02925,-0.009,0.00695));
#5834=CARTESIAN_POINT('',(0.0318,-0.009,0.00695));
#5835=CARTESIAN_POINT('',(0.0318,1.56125112837912E-17,0.00695));
#5836=CARTESIAN_POINT('',(0.0318,0.009,0.00695));
#5837=CARTESIAN_POINT('',(0.02925,0.009,0.00695));
#5838=CARTESIAN_POINT('',(0.02925,0.01155,0.00695));
#5839=CARTESIAN_POINT('',(0.003,0.01155,0.00695));
#5840=CARTESIAN_POINT('',(0.003,0.01155,0.00695));
#5841=CARTESIAN_POINT('',(0.003,0.009,0.00695));
#5842=CARTESIAN_POINT('',(0.01025,0.00399,0.00595));
#5843=CARTESIAN_POINT('',(0.01025,0.00399,0.00595));
#5844=CARTESIAN_POINT('',(0.0109,0.00399,0.00595));
#5845=CARTESIAN_POINT('',(0.0109,0.00399,0.00595));
#5846=CARTESIAN_POINT('',(0.0119,1.21430643318376E-17,0.00595));
#5847=CARTESIAN_POINT('',(0.0119,-0.00299,0.00595));
#5848=CARTESIAN_POINT('',(0.0119,-0.00299,0.00595));
#5849=CARTESIAN_POINT('',(0.0119,1.21430643318376E-17,0.00595));
#5850=CARTESIAN_POINT('',(0.0119,0.00299,0.00595));
#5851=CARTESIAN_POINT('',(0.0119,0.00299,0.0017));
#5852=CARTESIAN_POINT('',(0.01025,-0.00399,0.00595));
#5853=CARTESIAN_POINT('',(0.0096,-0.00399,0.00595));
#5854=CARTESIAN_POINT('',(0.0096,-0.00399,0.00595));
#5855=CARTESIAN_POINT('',(0.01025,-0.00399,0.00595));
#5856=CARTESIAN_POINT('',(0.0109,-0.00399,0.00595));
#5857=CARTESIAN_POINT('',(0.0109,-0.00399,0.00595));
#5858=CARTESIAN_POINT('',(0.0086,-0.00504,0.00595));
#5859=CARTESIAN_POINT('',(0.0086,-0.00544,0.0029));
#5860=CARTESIAN_POINT('',(0.0086,-0.00609,0.0029));
#5861=CARTESIAN_POINT('',(0.0086,-0.00499,0.0029));
#5862=CARTESIAN_POINT('',(0.0086,-0.00609,0.00595));
#5863=CARTESIAN_POINT('',(0.0086,-0.00609,0.00595));
#5864=CARTESIAN_POINT('',(0.0086,-0.00504,0.00595));
#5865=CARTESIAN_POINT('',(0.0086,-0.00499,0.00595));
#5866=CARTESIAN_POINT('',(0.0086,-0.00499,0.00595));
#5867=CARTESIAN_POINT('',(0.0043,-0.00609,0.00595));
#5868=CARTESIAN_POINT('',(0.00387731958762887,-0.00609,0.00499896907216495));
#5869=CARTESIAN_POINT('',(0.0095,-0.00609,0.0025));
#5870=CARTESIAN_POINT('',(0.0095,-0.00609,0.0029));
#5871=CARTESIAN_POINT('',(0.001,-0.00609,0.00595));
#5872=CARTESIAN_POINT('',(0.001,-0.00609,0.0060857864376269));
#5873=CARTESIAN_POINT('',(0.00258210678118655,-0.00609,0.00766789321881345));
#5874=CARTESIAN_POINT('',(0.0072,-0.00609,0.00695));
#5875=CARTESIAN_POINT('',(0.0072,-0.00609,0.00595));
#5876=CARTESIAN_POINT('',(0.0043,-0.00609,0.00595));
#5877=CARTESIAN_POINT('',(-1.7347234759768E-18,-0.007545,0.00595));
#5878=CARTESIAN_POINT('',(-1.7347234759768E-18,-0.007545,0.0060857864376269));
#5879=CARTESIAN_POINT('',(-1.7347234759768E-18,-0.009,0.0060857864376269));
#5880=CARTESIAN_POINT('',(-1.7347234759768E-18,-0.00709,0.0060857864376269));
#5881=CARTESIAN_POINT('',(-1.7347234759768E-18,-0.00709,0.00595));
#5882=CARTESIAN_POINT('',(-1.7347234759768E-18,-0.009,0.00595));
#5883=CARTESIAN_POINT('',(0.003,-0.009,0.00595));
#5884=CARTESIAN_POINT('',(0.003,-0.009,0.0060857864376269));
#5885=CARTESIAN_POINT('',(0.02925,-0.009,0.00595));
#5886=CARTESIAN_POINT('',(0.02925,-0.009,0.00608578643762691));
#5887=CARTESIAN_POINT('',(0.02925,0.009,0.00595));
#5888=CARTESIAN_POINT('',(0.02925,0.012,0.00595));
#5889=CARTESIAN_POINT('',(0.02925,0.012,0.00608578643762691));
#5890=CARTESIAN_POINT('',(0.02925,0.009,0.0060857864376269));
#5891=CARTESIAN_POINT('',(0.016125,0.012,0.00595));
#5892=CARTESIAN_POINT('',(0.0226315554652213,0.012,0.0037));
#5893=CARTESIAN_POINT('',(0.0221815554652213,0.012,0.0037));
#5894=CARTESIAN_POINT('',(0.0230815554652213,0.012,0.0037));
#5895=CARTESIAN_POINT('',(0.0221815554652213,0.012,0.0037));
#5896=CARTESIAN_POINT('',(0.0210815554652214,0.012,0.0037));
#5897=CARTESIAN_POINT('',(0.0210815554652214,0.012,0.0037));
#5898=CARTESIAN_POINT('',(0.0206315554652214,0.012,0.0037));
#5899=CARTESIAN_POINT('',(0.0201815554652214,0.012,0.0037));
#5900=CARTESIAN_POINT('',(0.0201815554652214,0.012,0.0037));
#5901=CARTESIAN_POINT('',(0.0190815554652214,0.012,0.0037));
#5902=CARTESIAN_POINT('',(0.0190815554652214,0.012,0.0037));
#5903=CARTESIAN_POINT('',(0.0186315554652214,0.012,0.0037));
#5904=CARTESIAN_POINT('',(0.0181815554652213,0.012,0.0037));
#5905=CARTESIAN_POINT('',(0.0181815554652213,0.012,0.0037));
#5906=CARTESIAN_POINT('',(0.003,0.012,0.00595));
#5907=CARTESIAN_POINT('',(0.003,0.012,0.0060857864376269));
#5908=CARTESIAN_POINT('',(0.02925,0.012,0.00608578643762691));
#5909=CARTESIAN_POINT('',(0.0290815554652213,0.012,0.0037));
#5910=CARTESIAN_POINT('',(0.0290815554652213,0.012,0.0037));
#5911=CARTESIAN_POINT('',(0.0286315554652214,0.012,0.0037));
#5912=CARTESIAN_POINT('',(0.0281815554652213,0.012,0.0037));
#5913=CARTESIAN_POINT('',(0.0281815554652213,0.012,0.0037));
#5914=CARTESIAN_POINT('',(0.0270815554652213,0.012,0.0037));
#5915=CARTESIAN_POINT('',(0.0270815554652213,0.012,0.0037));
#5916=CARTESIAN_POINT('',(0.0266315554652213,0.012,0.0037));
#5917=CARTESIAN_POINT('',(0.0261815554652213,0.012,0.0037));
#5918=CARTESIAN_POINT('',(0.0261815554652213,0.012,0.0037));
#5919=CARTESIAN_POINT('',(0.0250815554652213,0.012,0.0037));
#5920=CARTESIAN_POINT('',(0.0250815554652213,0.012,0.0037));
#5921=CARTESIAN_POINT('',(0.0246315554652214,0.012,0.0037));
#5922=CARTESIAN_POINT('',(0.0241815554652213,0.012,0.0037));
#5923=CARTESIAN_POINT('',(0.0241815554652213,0.012,0.0037));
#5924=CARTESIAN_POINT('',(0.0230815554652213,0.012,0.0037));
#5925=CARTESIAN_POINT('',(0.003,0.009,0.00595));
#5926=CARTESIAN_POINT('',(-1.7347234759768E-18,0.009,0.00595));
#5927=CARTESIAN_POINT('',(-1.7347234759768E-18,0.009,0.0060857864376269));
#5928=CARTESIAN_POINT('',(0.003,0.009,0.0060857864376269));
#5929=CARTESIAN_POINT('',(-1.7347234759768E-18,0.007545,0.00595));
#5930=CARTESIAN_POINT('',(-1.7347234759768E-18,0.00709,0.00595));
#5931=CARTESIAN_POINT('',(-1.7347234759768E-18,0.00709,0.0060857864376269));
#5932=CARTESIAN_POINT('',(-1.7347234759768E-18,0.009,0.0060857864376269));
#5933=CARTESIAN_POINT('',(0.0043,0.00609,0.00595));
#5934=CARTESIAN_POINT('',(0.0095,0.00609,0.0029));
#5935=CARTESIAN_POINT('',(0.0095,0.00609,0.0025));
#5936=CARTESIAN_POINT('',(0.0086,0.00609,0.0029));
#5937=CARTESIAN_POINT('',(0.0086,0.00609,0.0029));
#5938=CARTESIAN_POINT('',(0.0086,0.00609,0.00595));
#5939=CARTESIAN_POINT('',(0.0086,0.00609,0.00595));
#5940=CARTESIAN_POINT('',(0.0043,0.00609,0.00595));
#5941=CARTESIAN_POINT('',(0.0072,0.00609,0.00595));
#5942=CARTESIAN_POINT('',(0.0072,0.00609,0.00695));
#5943=CARTESIAN_POINT('',(0.001,0.00609,0.0060857864376269));
#5944=CARTESIAN_POINT('',(0.001,0.00609,0.0060857864376269));
#5945=CARTESIAN_POINT('',(0.001,0.00609,0.00595));
#5946=CARTESIAN_POINT('',(0.01325,1.21430643318376E-17,0.00595));
#5947=CARTESIAN_POINT('',(0.01325,0.00299,0.00595));
#5948=CARTESIAN_POINT('',(0.01325,0.00299,0.00595));
#5949=CARTESIAN_POINT('',(0.01325,1.21430643318376E-17,0.00595));
#5950=CARTESIAN_POINT('',(0.01325,-0.00299,0.00595));
#5951=CARTESIAN_POINT('',(0.01325,-0.00299,0.0017));
#5952=CARTESIAN_POINT('',(0.0171407777326107,0.006495,0.00595));
#5953=CARTESIAN_POINT('',(0.0171407777326107,0.006495,0.00595));
#5954=CARTESIAN_POINT('',(0.0172161435430124,0.00667639449869152,0.00595));
#5955=CARTESIAN_POINT('',(0.0179254873954543,0.00838368155402651,0.00595));
#5956=CARTESIAN_POINT('',(0.0172161435430124,0.00667639449869152,0.00595));
#5957=CARTESIAN_POINT('',(0.0181815554652213,0.009,0.0037));
#5958=CARTESIAN_POINT('',(0.0181815554652213,0.009,0.0037));
#5959=CARTESIAN_POINT('',(0.0171407777326107,0.006495,0.0037));
#5960=CARTESIAN_POINT('',(0.0179254873954543,0.00838368155402651,0.0037));
#5961=CARTESIAN_POINT('',(0.0179254873954543,0.00838368155402651,0.00595));
#5962=CARTESIAN_POINT('',(0.0237157777326107,0.009,0.00595));
#5963=CARTESIAN_POINT('',(0.0286315554652214,0.009,0.0037));
#5964=CARTESIAN_POINT('',(0.0281815554652213,0.009,0.0037));
#5965=CARTESIAN_POINT('',(0.02825,0.009,0.0037));
#5966=CARTESIAN_POINT('',(0.02825,0.009,0.00595));
#5967=CARTESIAN_POINT('',(0.02825,0.009,0.00595));
#5968=CARTESIAN_POINT('',(0.0237157777326107,0.009,0.00595));
#5969=CARTESIAN_POINT('',(0.0188489528604826,0.009,0.00595));
#5970=CARTESIAN_POINT('',(0.0188489528604826,0.009,0.0037));
#5971=CARTESIAN_POINT('',(0.0188489528604826,0.009,0.0037));
#5972=CARTESIAN_POINT('',(0.0186315554652214,0.009,0.0037));
#5973=CARTESIAN_POINT('',(0.0190815554652214,0.009,0.0037));
#5974=CARTESIAN_POINT('',(0.0190815554652214,0.009,0.0037));
#5975=CARTESIAN_POINT('',(0.0201815554652214,0.009,0.0037));
#5976=CARTESIAN_POINT('',(0.0201815554652214,0.009,0.0037));
#5977=CARTESIAN_POINT('',(0.0206315554652214,0.009,0.0037));
#5978=CARTESIAN_POINT('',(0.0210815554652214,0.009,0.0037));
#5979=CARTESIAN_POINT('',(0.0210815554652214,0.009,0.0037));
#5980=CARTESIAN_POINT('',(0.0221815554652213,0.009,0.0037));
#5981=CARTESIAN_POINT('',(0.0221815554652213,0.009,0.0037));
#5982=CARTESIAN_POINT('',(0.0226315554652213,0.009,0.0037));
#5983=CARTESIAN_POINT('',(0.0230815554652213,0.009,0.0037));
#5984=CARTESIAN_POINT('',(0.0230815554652213,0.009,0.0037));
#5985=CARTESIAN_POINT('',(0.0241815554652213,0.009,0.0037));
#5986=CARTESIAN_POINT('',(0.0241815554652213,0.009,0.0037));
#5987=CARTESIAN_POINT('',(0.0246315554652214,0.009,0.0037));
#5988=CARTESIAN_POINT('',(0.0250815554652213,0.009,0.0037));
#5989=CARTESIAN_POINT('',(0.0250815554652213,0.009,0.0037));
#5990=CARTESIAN_POINT('',(0.0261815554652213,0.009,0.0037));
#5991=CARTESIAN_POINT('',(0.0261815554652213,0.009,0.0037));
#5992=CARTESIAN_POINT('',(0.0266315554652213,0.009,0.0037));
#5993=CARTESIAN_POINT('',(0.0270815554652213,0.009,0.0037));
#5994=CARTESIAN_POINT('',(0.0270815554652213,0.009,0.0037));
#5995=CARTESIAN_POINT('',(0.0281815554652213,0.009,0.0037));
#5996=CARTESIAN_POINT('',(0.02925,1.21430643318376E-17,0.00595));
#5997=CARTESIAN_POINT('',(0.02925,-0.008,0.00595));
#5998=CARTESIAN_POINT('',(0.02925,-0.008,0.00595));
#5999=CARTESIAN_POINT('',(0.02925,1.21430643318376E-17,0.00595));
#6000=CARTESIAN_POINT('',(0.02925,0.008,0.00595));
#6001=CARTESIAN_POINT('',(0.02925,0.008,0.0017));
#6002=CARTESIAN_POINT('',(0.02925,0.0075,0.0037));
#6003=CARTESIAN_POINT('',(0.02925,0.0075,0.0037));
#6004=CARTESIAN_POINT('',(0.02925,0.00705,0.0037));
#6005=CARTESIAN_POINT('',(0.02925,0.0066,0.0037));
#6006=CARTESIAN_POINT('',(0.02925,0.0066,0.0037));
#6007=CARTESIAN_POINT('',(0.02925,0.0055,0.0037));
#6008=CARTESIAN_POINT('',(0.02925,0.0055,0.0037));
#6009=CARTESIAN_POINT('',(0.02925,0.00505,0.0037));
#6010=CARTESIAN_POINT('',(0.02925,0.0046,0.0037));
#6011=CARTESIAN_POINT('',(0.02925,0.0046,0.0037));
#6012=CARTESIAN_POINT('',(0.02925,0.0035,0.0037));
#6013=CARTESIAN_POINT('',(0.02925,0.0035,0.0037));
#6014=CARTESIAN_POINT('',(0.02925,0.00305,0.0037));
#6015=CARTESIAN_POINT('',(0.02925,0.0026,0.0037));
#6016=CARTESIAN_POINT('',(0.02925,0.0026,0.0037));
#6017=CARTESIAN_POINT('',(0.02925,0.0015,0.0037));
#6018=CARTESIAN_POINT('',(0.02925,0.0015,0.0037));
#6019=CARTESIAN_POINT('',(0.02925,0.00105,0.0037));
#6020=CARTESIAN_POINT('',(0.02925,0.000600000000000007,0.0037));
#6021=CARTESIAN_POINT('',(0.02925,0.000600000000000007,0.0037));
#6022=CARTESIAN_POINT('',(0.02925,-0.000499999999999994,0.0037));
#6023=CARTESIAN_POINT('',(0.02925,-0.000499999999999994,0.0037));
#6024=CARTESIAN_POINT('',(0.02925,-0.00095,0.0037));
#6025=CARTESIAN_POINT('',(0.02925,-0.0014,0.0037));
#6026=CARTESIAN_POINT('',(0.02925,-0.0014,0.0037));
#6027=CARTESIAN_POINT('',(0.02925,-0.0025,0.0037));
#6028=CARTESIAN_POINT('',(0.02925,-0.0025,0.0037));
#6029=CARTESIAN_POINT('',(0.02925,-0.00295,0.0037));
#6030=CARTESIAN_POINT('',(0.02925,-0.0034,0.0037));
#6031=CARTESIAN_POINT('',(0.02925,-0.0034,0.0037));
#6032=CARTESIAN_POINT('',(0.02925,-0.0045,0.0037));
#6033=CARTESIAN_POINT('',(0.02925,-0.0045,0.0037));
#6034=CARTESIAN_POINT('',(0.02925,-0.00495,0.0037));
#6035=CARTESIAN_POINT('',(0.02925,-0.0054,0.0037));
#6036=CARTESIAN_POINT('',(0.02925,-0.0054,0.0037));
#6037=CARTESIAN_POINT('',(0.02925,-0.0065,0.0037));
#6038=CARTESIAN_POINT('',(0.02925,-0.0065,0.0037));
#6039=CARTESIAN_POINT('',(0.02925,-0.00695,0.0037));
#6040=CARTESIAN_POINT('',(0.02925,-0.0074,0.0037));
#6041=CARTESIAN_POINT('',(0.02925,-0.0074,0.0037));
#6042=CARTESIAN_POINT('',(0.0171407777326107,-0.006495,0.00595));
#6043=CARTESIAN_POINT('',(0.0172161435430124,-0.00667639449869149,0.00595));
#6044=CARTESIAN_POINT('',(0.0172161435430124,-0.00667639449869149,0.00595));
#6045=CARTESIAN_POINT('',(0.0171407777326107,-0.006495,0.00595));
#6046=CARTESIAN_POINT('',(0.0179254873954543,-0.00838368155402648,0.00595));
#6047=CARTESIAN_POINT('',(0.0179254873954543,-0.00838368155402648,0.0037));
#6048=CARTESIAN_POINT('',(0.0179254873954543,-0.00838368155402648,0.0037));
#6049=CARTESIAN_POINT('',(0.01740732070384,-0.00713653000396593,0.0037));
#6050=CARTESIAN_POINT('',(0.0181815554652213,-0.009,0.0037));
#6051=CARTESIAN_POINT('',(0.0181815554652213,-0.009,0.0037));
#6052=CARTESIAN_POINT('',(0.0086,0.00504,0.00595));
#6053=CARTESIAN_POINT('',(0.0086,0.00544,0.0029));
#6054=CARTESIAN_POINT('',(0.0086,0.00504,0.00595));
#6055=CARTESIAN_POINT('',(0.016125,1.56125112837912E-17,0.00595));
#6056=CARTESIAN_POINT('',(0.0109,-0.00299,0.00595));
#6057=CARTESIAN_POINT('',(0.0096,-0.00499,0.00595));
#6058=CARTESIAN_POINT('',(0.0072,1.12757025938492E-17,0.00595));
#6059=CARTESIAN_POINT('',(0.0109,0.00299,0.00595));
#6060=CARTESIAN_POINT('',(0.0072,1.12757025938492E-17,0.00695));
#6061=CARTESIAN_POINT('',(0.016125,1.56125112837912E-17,0.00595));
#6062=CARTESIAN_POINT('',(0.02825,-0.008,0.00595));
#6063=CARTESIAN_POINT('',(0.02825,-0.00845,0.00595));
#6064=CARTESIAN_POINT('',(0.02825,-0.00755,0.00595));
#6065=CARTESIAN_POINT('',(0.02375,-0.00755,0.00595));
#6066=CARTESIAN_POINT('',(0.01925,-0.00755,0.00595));
#6067=CARTESIAN_POINT('',(0.01925,-0.008,0.00595));
#6068=CARTESIAN_POINT('',(0.01925,-0.00845,0.00595));
#6069=CARTESIAN_POINT('',(0.02375,-0.00845,0.00595));
#6070=CARTESIAN_POINT('',(0.02825,-0.006,0.00595));
#6071=CARTESIAN_POINT('',(0.02825,-0.00645,0.00595));
#6072=CARTESIAN_POINT('',(0.02825,-0.00555,0.00595));
#6073=CARTESIAN_POINT('',(0.02375,-0.00555,0.00595));
#6074=CARTESIAN_POINT('',(0.01925,-0.00555,0.00595));
#6075=CARTESIAN_POINT('',(0.01925,-0.006,0.00595));
#6076=CARTESIAN_POINT('',(0.01925,-0.00645,0.00595));
#6077=CARTESIAN_POINT('',(0.02375,-0.00645,0.00595));
#6078=CARTESIAN_POINT('',(0.02825,-0.004,0.00595));
#6079=CARTESIAN_POINT('',(0.02825,-0.00445,0.00595));
#6080=CARTESIAN_POINT('',(0.02825,-0.00355,0.00595));
#6081=CARTESIAN_POINT('',(0.02325,-0.00355,0.00595));
#6082=CARTESIAN_POINT('',(0.01825,-0.00355,0.00595));
#6083=CARTESIAN_POINT('',(0.01825,-0.004,0.00595));
#6084=CARTESIAN_POINT('',(0.01825,-0.00445,0.00595));
#6085=CARTESIAN_POINT('',(0.02325,-0.00445,0.00595));
#6086=CARTESIAN_POINT('',(0.02825,-0.002,0.00595));
#6087=CARTESIAN_POINT('',(0.02825,-0.00245,0.00595));
#6088=CARTESIAN_POINT('',(0.02825,-0.00155,0.00595));
#6089=CARTESIAN_POINT('',(0.02275,-0.00155,0.00595));
#6090=CARTESIAN_POINT('',(0.01725,-0.00155,0.00595));
#6091=CARTESIAN_POINT('',(0.01725,-0.002,0.00595));
#6092=CARTESIAN_POINT('',(0.01725,-0.00245,0.00595));
#6093=CARTESIAN_POINT('',(0.02275,-0.00245,0.00595));
#6094=CARTESIAN_POINT('',(0.02825,6.66784336078585E-18,0.00595));
#6095=CARTESIAN_POINT('',(0.02825,-0.000449999999999995,0.00595));
#6096=CARTESIAN_POINT('',(0.02825,0.000450000000000007,0.00595));
#6097=CARTESIAN_POINT('',(0.02275,0.00045,0.00595));
#6098=CARTESIAN_POINT('',(0.01725,0.000450000000000008,0.00595));
#6099=CARTESIAN_POINT('',(0.01725,7.58941520739853E-18,0.00595));
#6100=CARTESIAN_POINT('',(0.01725,-0.000449999999999991,0.00595));
#6101=CARTESIAN_POINT('',(0.02275,-0.000449999999999993,0.00595));
#6102=CARTESIAN_POINT('',(0.02825,0.002,0.00595));
#6103=CARTESIAN_POINT('',(0.02825,0.00155,0.00595));
#6104=CARTESIAN_POINT('',(0.02825,0.00245,0.00595));
#6105=CARTESIAN_POINT('',(0.02275,0.00245,0.00595));
#6106=CARTESIAN_POINT('',(0.01725,0.00245,0.00595));
#6107=CARTESIAN_POINT('',(0.01725,0.002,0.00595));
#6108=CARTESIAN_POINT('',(0.01725,0.00155,0.00595));
#6109=CARTESIAN_POINT('',(0.02275,0.00155,0.00595));
#6110=CARTESIAN_POINT('',(0.02825,0.004,0.00595));
#6111=CARTESIAN_POINT('',(0.02825,0.00355,0.00595));
#6112=CARTESIAN_POINT('',(0.02825,0.00445,0.00595));
#6113=CARTESIAN_POINT('',(0.02325,0.00445,0.00595));
#6114=CARTESIAN_POINT('',(0.01825,0.00445,0.00595));
#6115=CARTESIAN_POINT('',(0.01825,0.004,0.00595));
#6116=CARTESIAN_POINT('',(0.01825,0.00355,0.00595));
#6117=CARTESIAN_POINT('',(0.02325,0.00355,0.00595));
#6118=CARTESIAN_POINT('',(0.02825,0.006,0.00595));
#6119=CARTESIAN_POINT('',(0.02825,0.00555,0.00595));
#6120=CARTESIAN_POINT('',(0.02825,0.00645,0.00595));
#6121=CARTESIAN_POINT('',(0.02375,0.00645,0.00595));
#6122=CARTESIAN_POINT('',(0.01925,0.00645,0.00595));
#6123=CARTESIAN_POINT('',(0.01925,0.006,0.00595));
#6124=CARTESIAN_POINT('',(0.01925,0.00555,0.00595));
#6125=CARTESIAN_POINT('',(0.02375,0.00555,0.00595));
#6126=CARTESIAN_POINT('',(0.02825,0.008,0.00595));
#6127=CARTESIAN_POINT('',(0.02825,0.00755,0.00595));
#6128=CARTESIAN_POINT('',(0.02825,0.00845,0.00595));
#6129=CARTESIAN_POINT('',(0.02375,0.00845,0.00595));
#6130=CARTESIAN_POINT('',(0.01925,0.00845,0.00595));
#6131=CARTESIAN_POINT('',(0.01925,0.008,0.00595));
#6132=CARTESIAN_POINT('',(0.01925,0.00755,0.00595));
#6133=CARTESIAN_POINT('',(0.02375,0.00755,0.00595));
#6134=CARTESIAN_POINT('',(0.02825,-0.008,0.00595));
#6135=CARTESIAN_POINT('',(0.0188489528604826,-0.008,0.00595));
#6136=CARTESIAN_POINT('',(0.0129682024038825,-0.00844132964721334,0.00595));
#6137=CARTESIAN_POINT('',(0.0140211075721219,-0.00396345172271665,0.00595));
#6138=CARTESIAN_POINT('',(0.01425,-0.00299,0.00595));
#6139=CARTESIAN_POINT('',(0.01425,0.00299,0.00595));
#6140=CARTESIAN_POINT('',(0.0140211075721219,0.00396345172271668,0.00595));
#6141=CARTESIAN_POINT('',(0.0129682024038825,0.00844132964721336,0.00595));
#6142=CARTESIAN_POINT('',(0.0188489528604826,0.008,0.00595));
#6143=CARTESIAN_POINT('',(0.02825,0.008,0.00595));
#6144=CARTESIAN_POINT('',(0.01225,-0.008,-0.0392888360010384));
#6145=CARTESIAN_POINT('',(0.01225,-0.008,0.00285));
#6146=CARTESIAN_POINT('',(0.01475,-0.008,0.00285));
#6147=CARTESIAN_POINT('',(0.01225,-0.008,0.00595));
#6148=CARTESIAN_POINT('',(0.01475,-0.008,0.00595));
#6149=CARTESIAN_POINT('',(0.01225,0.008,-0.0392888360010384));
#6150=CARTESIAN_POINT('',(0.01225,0.008,0.00285));
#6151=CARTESIAN_POINT('',(0.01475,0.008,0.00285));
#6152=CARTESIAN_POINT('',(0.01225,0.008,0.00595));
#6153=CARTESIAN_POINT('',(0.01475,0.008,0.00595));
#6154=CARTESIAN_POINT('',(0.00045,1.56125112837912E-17,0.00695));
#6155=CARTESIAN_POINT('',(0.00045,-0.00709,0.00695));
#6156=CARTESIAN_POINT('',(0.000292893218813452,-0.00709,0.00679289321881345));
#6157=CARTESIAN_POINT('',(0.000292893218813452,1.56125112837912E-17,0.00679289321881345));
#6158=CARTESIAN_POINT('',(0.000292893218813452,-0.009,0.00679289321881345));
#6159=CARTESIAN_POINT('',(0.00045,-0.009,0.00695));
#6160=CARTESIAN_POINT('',(0.003,-0.009,0.00695));
#6161=CARTESIAN_POINT('',(0.003,-0.009,0.00679289321881345));
#6162=CARTESIAN_POINT('',(0.003,-0.0117071067811865,0.00679289321881346));
#6163=CARTESIAN_POINT('',(0.003,-0.01155,0.00695));
#6164=CARTESIAN_POINT('',(0.016125,-0.01155,0.00695));
#6165=CARTESIAN_POINT('',(0.016125,-0.0117071067811865,0.00679289321881345));
#6166=CARTESIAN_POINT('',(0.02925,-0.0117071067811865,0.00679289321881345));
#6167=CARTESIAN_POINT('',(0.02925,-0.01155,0.00695));
#6168=CARTESIAN_POINT('',(0.02925,-0.009,0.00695));
#6169=CARTESIAN_POINT('',(0.02925,-0.009,0.00679289321881345));
#6170=CARTESIAN_POINT('',(0.0319571067811866,-0.009,0.00679289321881346));
#6171=CARTESIAN_POINT('',(0.0318,-0.009,0.00695));
#6172=CARTESIAN_POINT('',(0.0318,1.56125112837912E-17,0.00695));
#6173=CARTESIAN_POINT('',(0.0319571067811866,1.56125112837912E-17,0.00679289321881346));
#6174=CARTESIAN_POINT('',(0.0319571067811866,0.009,0.00679289321881345));
#6175=CARTESIAN_POINT('',(0.0318,0.009,0.00695));
#6176=CARTESIAN_POINT('',(0.02925,0.009,0.00695));
#6177=CARTESIAN_POINT('',(0.02925,0.009,0.00679289321881345));
#6178=CARTESIAN_POINT('',(0.02925,0.0117071067811866,0.00679289321881345));
#6179=CARTESIAN_POINT('',(0.02925,0.01155,0.00695));
#6180=CARTESIAN_POINT('',(0.016125,0.01155,0.00695));
#6181=CARTESIAN_POINT('',(0.003,0.0117071067811866,0.00679289321881345));
#6182=CARTESIAN_POINT('',(0.003,0.0117071067811866,0.00679289321881345));
#6183=CARTESIAN_POINT('',(0.003,0.01155,0.00695));
#6184=CARTESIAN_POINT('',(0.003,0.009,0.00695));
#6185=CARTESIAN_POINT('',(0.003,0.009,0.00679289321881345));
#6186=CARTESIAN_POINT('',(0.000292893218813451,0.009,0.00679289321881345));
#6187=CARTESIAN_POINT('',(0.00045,0.009,0.00695));
#6188=CARTESIAN_POINT('',(0.00045,1.56125112837912E-17,0.00695));
#6189=CARTESIAN_POINT('',(0.000292893218813452,0.00609,0.00679289321881345));
#6190=CARTESIAN_POINT('',(0.000292893218813452,0.00709,0.00679289321881345));
#6191=CARTESIAN_POINT('',(0.00045,0.00709,0.00695));
#6192=CARTESIAN_POINT('',(0.001,-0.007545,0.0060857864376269));
#6193=CARTESIAN_POINT('',(0.001,-0.00709,0.0060857864376269));
#6194=CARTESIAN_POINT('',(0.001,-0.009,0.0060857864376269));
#6195=CARTESIAN_POINT('',(0.003,-0.009,0.0060857864376269));
#6196=CARTESIAN_POINT('',(0.003,-0.011,0.0060857864376269));
#6197=CARTESIAN_POINT('',(0.016125,-0.011,0.00608578643762691));
#6198=CARTESIAN_POINT('',(0.02925,-0.011,0.00608578643762691));
#6199=CARTESIAN_POINT('',(0.02925,-0.009,0.00608578643762691));
#6200=CARTESIAN_POINT('',(0.03125,-0.009,0.00608578643762691));
#6201=CARTESIAN_POINT('',(0.03125,1.21430643318376E-17,0.00608578643762691));
#6202=CARTESIAN_POINT('',(0.03125,0.009,0.00608578643762691));
#6203=CARTESIAN_POINT('',(0.02925,0.009,0.0060857864376269));
#6204=CARTESIAN_POINT('',(0.02925,0.011,0.0060857864376269));
#6205=CARTESIAN_POINT('',(0.016125,0.011,0.00608578643762691));
#6206=CARTESIAN_POINT('',(0.003,0.011,0.00608578643762691));
#6207=CARTESIAN_POINT('',(0.003,0.009,0.0060857864376269));
#6208=CARTESIAN_POINT('',(0.001,0.009,0.0060857864376269));
#6209=CARTESIAN_POINT('',(0.001,0.007545,0.0060857864376269));
#6210=CARTESIAN_POINT('',(0.001,0.00709,0.0060857864376269));
#6211=CARTESIAN_POINT('',(0.02375,0.00845,0.006952));
#6212=CARTESIAN_POINT('',(0.01925,0.00845,0.006952));
#6213=CARTESIAN_POINT('',(0.02825,0.00845,0.006952));
#6214=CARTESIAN_POINT('',(0.02825,0.008,0.006952));
#6215=CARTESIAN_POINT('',(0.02825,0.00755,0.006952));
#6216=CARTESIAN_POINT('',(0.02375,0.00755,0.006952));
#6217=CARTESIAN_POINT('',(0.01925,0.00755,0.006952));
#6218=CARTESIAN_POINT('',(0.01925,0.008,0.006952));
#6219=CARTESIAN_POINT('',(0.02375,0.00645,0.006952));
#6220=CARTESIAN_POINT('',(0.01925,0.00645,0.006952));
#6221=CARTESIAN_POINT('',(0.02825,0.00645,0.006952));
#6222=CARTESIAN_POINT('',(0.02825,0.006,0.006952));
#6223=CARTESIAN_POINT('',(0.02825,0.00555,0.006952));
#6224=CARTESIAN_POINT('',(0.02375,0.00555,0.006952));
#6225=CARTESIAN_POINT('',(0.01925,0.00555,0.006952));
#6226=CARTESIAN_POINT('',(0.01925,0.006,0.006952));
#6227=CARTESIAN_POINT('',(0.02325,0.00445,0.006952));
#6228=CARTESIAN_POINT('',(0.01825,0.00445,0.006952));
#6229=CARTESIAN_POINT('',(0.02825,0.00445,0.006952));
#6230=CARTESIAN_POINT('',(0.02825,0.004,0.006952));
#6231=CARTESIAN_POINT('',(0.02825,0.00355,0.006952));
#6232=CARTESIAN_POINT('',(0.02325,0.00355,0.006952));
#6233=CARTESIAN_POINT('',(0.01825,0.00355,0.006952));
#6234=CARTESIAN_POINT('',(0.01825,0.004,0.006952));
#6235=CARTESIAN_POINT('',(0.02275,0.00245,0.006952));
#6236=CARTESIAN_POINT('',(0.01725,0.00245,0.006952));
#6237=CARTESIAN_POINT('',(0.02825,0.00245,0.006952));
#6238=CARTESIAN_POINT('',(0.02825,0.002,0.006952));
#6239=CARTESIAN_POINT('',(0.02825,0.00155,0.006952));
#6240=CARTESIAN_POINT('',(0.02275,0.00155,0.006952));
#6241=CARTESIAN_POINT('',(0.01725,0.00155,0.006952));
#6242=CARTESIAN_POINT('',(0.01725,0.002,0.006952));
#6243=CARTESIAN_POINT('',(0.02275,0.00045,0.006952));
#6244=CARTESIAN_POINT('',(0.01725,0.000450000000000008,0.006952));
#6245=CARTESIAN_POINT('',(0.02825,0.000450000000000007,0.006952));
#6246=CARTESIAN_POINT('',(0.02825,6.66784336078585E-18,0.006952));
#6247=CARTESIAN_POINT('',(0.02825,-0.000449999999999995,0.006952));
#6248=CARTESIAN_POINT('',(0.02275,-0.000449999999999993,0.006952));
#6249=CARTESIAN_POINT('',(0.01725,-0.000449999999999991,0.006952));
#6250=CARTESIAN_POINT('',(0.01725,7.58941520739853E-18,0.006952));
#6251=CARTESIAN_POINT('',(0.02275,-0.00155,0.006952));
#6252=CARTESIAN_POINT('',(0.01725,-0.00155,0.006952));
#6253=CARTESIAN_POINT('',(0.02825,-0.00155,0.006952));
#6254=CARTESIAN_POINT('',(0.02825,-0.002,0.006952));
#6255=CARTESIAN_POINT('',(0.02825,-0.00245,0.006952));
#6256=CARTESIAN_POINT('',(0.02275,-0.00245,0.006952));
#6257=CARTESIAN_POINT('',(0.01725,-0.00245,0.006952));
#6258=CARTESIAN_POINT('',(0.01725,-0.002,0.006952));
#6259=CARTESIAN_POINT('',(0.02325,-0.00355,0.006952));
#6260=CARTESIAN_POINT('',(0.01825,-0.00355,0.006952));
#6261=CARTESIAN_POINT('',(0.02825,-0.00355,0.006952));
#6262=CARTESIAN_POINT('',(0.02825,-0.004,0.006952));
#6263=CARTESIAN_POINT('',(0.02825,-0.00445,0.006952));
#6264=CARTESIAN_POINT('',(0.02325,-0.00445,0.006952));
#6265=CARTESIAN_POINT('',(0.01825,-0.00445,0.006952));
#6266=CARTESIAN_POINT('',(0.01825,-0.004,0.006952));
#6267=CARTESIAN_POINT('',(0.02375,-0.00555,0.006952));
#6268=CARTESIAN_POINT('',(0.01925,-0.00555,0.006952));
#6269=CARTESIAN_POINT('',(0.02825,-0.00555,0.006952));
#6270=CARTESIAN_POINT('',(0.02825,-0.006,0.006952));
#6271=CARTESIAN_POINT('',(0.02825,-0.00645,0.006952));
#6272=CARTESIAN_POINT('',(0.02375,-0.00645,0.006952));
#6273=CARTESIAN_POINT('',(0.01925,-0.00645,0.006952));
#6274=CARTESIAN_POINT('',(0.01925,-0.006,0.006952));
#6275=CARTESIAN_POINT('',(0.02375,-0.00755,0.006952));
#6276=CARTESIAN_POINT('',(0.01925,-0.00755,0.006952));
#6277=CARTESIAN_POINT('',(0.02825,-0.00755,0.006952));
#6278=CARTESIAN_POINT('',(0.02825,-0.008,0.006952));
#6279=CARTESIAN_POINT('',(0.02825,-0.00845,0.006952));
#6280=CARTESIAN_POINT('',(0.02375,-0.00845,0.006952));
#6281=CARTESIAN_POINT('',(0.01925,-0.00845,0.006952));
#6282=CARTESIAN_POINT('',(0.01925,-0.008,0.006952));
#6283=CARTESIAN_POINT('',(0.0290815554652213,-0.0105,0.0037));
#6284=CARTESIAN_POINT('',(0.0290815554652213,-0.0105,0.0037));
#6285=CARTESIAN_POINT('',(0.0290815554652213,-0.00855544172355039,0.0037));
#6286=CARTESIAN_POINT('',(0.0290815554652213,-0.00855544172355039,0.0037));
#6287=CARTESIAN_POINT('',(0.0281815554652213,-0.0105,0.0037));
#6288=CARTESIAN_POINT('',(0.0281815554652213,-0.0105,0.0037));
#6289=CARTESIAN_POINT('',(0.0345839061550796,1.04083408558608E-17,0.0037));
#6290=CARTESIAN_POINT('',(0.02825,-0.008,0.0037));
#6291=CARTESIAN_POINT('',(0.0270815554652213,-0.0105,0.0037));
#6292=CARTESIAN_POINT('',(0.0270815554652213,-0.0105,0.0037));
#6293=CARTESIAN_POINT('',(0.0261815554652213,-0.0105,0.0037));
#6294=CARTESIAN_POINT('',(0.0261815554652213,-0.0105,0.0037));
#6295=CARTESIAN_POINT('',(0.0345839061550796,1.04083408558608E-17,0.0037));
#6296=CARTESIAN_POINT('',(0.0250815554652213,-0.0105,0.0037));
#6297=CARTESIAN_POINT('',(0.0250815554652213,-0.0105,0.0037));
#6298=CARTESIAN_POINT('',(0.0241815554652213,-0.0105,0.0037));
#6299=CARTESIAN_POINT('',(0.0241815554652213,-0.0105,0.0037));
#6300=CARTESIAN_POINT('',(0.0345839061550796,1.04083408558608E-17,0.0037));
#6301=CARTESIAN_POINT('',(0.0230815554652213,-0.0105,0.0037));
#6302=CARTESIAN_POINT('',(0.0230815554652213,-0.0105,0.0037));
#6303=CARTESIAN_POINT('',(0.0221815554652213,-0.0105,0.0037));
#6304=CARTESIAN_POINT('',(0.0221815554652213,-0.0105,0.0037));
#6305=CARTESIAN_POINT('',(0.0345839061550796,1.04083408558608E-17,0.0037));
#6306=CARTESIAN_POINT('',(0.0210815554652214,-0.0105,0.0037));
#6307=CARTESIAN_POINT('',(0.0210815554652214,-0.0105,0.0037));
#6308=CARTESIAN_POINT('',(0.0201815554652214,-0.0105,0.0037));
#6309=CARTESIAN_POINT('',(0.0201815554652214,-0.0105,0.0037));
#6310=CARTESIAN_POINT('',(0.0345839061550796,1.04083408558608E-17,0.0037));
#6311=CARTESIAN_POINT('',(0.03075,0.0066,0.0037));
#6312=CARTESIAN_POINT('',(0.03075,0.0066,0.0037));
#6313=CARTESIAN_POINT('',(0.03075,0.0075,0.0037));
#6314=CARTESIAN_POINT('',(0.03075,0.0075,0.0037));
#6315=CARTESIAN_POINT('',(0.0345839061550796,1.04083408558608E-17,0.0037));
#6316=CARTESIAN_POINT('',(0.03075,0.0046,0.0037));
#6317=CARTESIAN_POINT('',(0.03075,0.0046,0.0037));
#6318=CARTESIAN_POINT('',(0.03075,0.0055,0.0037));
#6319=CARTESIAN_POINT('',(0.03075,0.0055,0.0037));
#6320=CARTESIAN_POINT('',(0.0345839061550796,1.04083408558608E-17,0.0037));
#6321=CARTESIAN_POINT('',(0.03075,0.0026,0.0037));
#6322=CARTESIAN_POINT('',(0.03075,0.0026,0.0037));
#6323=CARTESIAN_POINT('',(0.03075,0.0035,0.0037));
#6324=CARTESIAN_POINT('',(0.03075,0.0035,0.0037));
#6325=CARTESIAN_POINT('',(0.0345839061550796,1.04083408558608E-17,0.0037));
#6326=CARTESIAN_POINT('',(0.03075,0.000600000000000007,0.0037));
#6327=CARTESIAN_POINT('',(0.03075,0.000600000000000007,0.0037));
#6328=CARTESIAN_POINT('',(0.03075,0.0015,0.0037));
#6329=CARTESIAN_POINT('',(0.03075,0.0015,0.0037));
#6330=CARTESIAN_POINT('',(0.0345839061550796,1.04083408558608E-17,0.0037));
#6331=CARTESIAN_POINT('',(0.03075,-0.0014,0.0037));
#6332=CARTESIAN_POINT('',(0.03075,-0.0014,0.0037));
#6333=CARTESIAN_POINT('',(0.03075,-0.000499999999999994,0.0037));
#6334=CARTESIAN_POINT('',(0.03075,-0.000499999999999994,0.0037));
#6335=CARTESIAN_POINT('',(0.0345839061550796,1.04083408558608E-17,0.0037));
#6336=CARTESIAN_POINT('',(0.03075,-0.0034,0.0037));
#6337=CARTESIAN_POINT('',(0.03075,-0.0034,0.0037));
#6338=CARTESIAN_POINT('',(0.03075,-0.0025,0.0037));
#6339=CARTESIAN_POINT('',(0.03075,-0.0025,0.0037));
#6340=CARTESIAN_POINT('',(0.0345839061550796,1.04083408558608E-17,0.0037));
#6341=CARTESIAN_POINT('',(0.03075,-0.0054,0.0037));
#6342=CARTESIAN_POINT('',(0.03075,-0.0054,0.0037));
#6343=CARTESIAN_POINT('',(0.03075,-0.0045,0.0037));
#6344=CARTESIAN_POINT('',(0.03075,-0.0045,0.0037));
#6345=CARTESIAN_POINT('',(0.0345839061550796,1.04083408558608E-17,0.0037));
#6346=CARTESIAN_POINT('',(0.03075,-0.0074,0.0037));
#6347=CARTESIAN_POINT('',(0.03075,-0.0074,0.0037));
#6348=CARTESIAN_POINT('',(0.03075,-0.0065,0.0037));
#6349=CARTESIAN_POINT('',(0.03075,-0.0065,0.0037));
#6350=CARTESIAN_POINT('',(0.0345839061550796,1.04083408558608E-17,0.0037));
#6351=CARTESIAN_POINT('',(0.0241815554652213,0.0105,0.0037));
#6352=CARTESIAN_POINT('',(0.0241815554652213,0.0105,0.0037));
#6353=CARTESIAN_POINT('',(0.0250815554652213,0.0105,0.0037));
#6354=CARTESIAN_POINT('',(0.0250815554652213,0.0105,0.0037));
#6355=CARTESIAN_POINT('',(0.0345839061550796,1.04083408558608E-17,0.0037));
#6356=CARTESIAN_POINT('',(0.0201815554652214,0.0105,0.0037));
#6357=CARTESIAN_POINT('',(0.0201815554652214,0.0105,0.0037));
#6358=CARTESIAN_POINT('',(0.0210815554652214,0.0105,0.0037));
#6359=CARTESIAN_POINT('',(0.0210815554652214,0.0105,0.0037));
#6360=CARTESIAN_POINT('',(0.0345839061550796,1.04083408558608E-17,0.0037));
#6361=CARTESIAN_POINT('',(0.0270815554652213,0.0105,0.0037));
#6362=CARTESIAN_POINT('',(0.0270815554652213,0.0105,0.0037));
#6363=CARTESIAN_POINT('',(0.0261815554652213,0.0105,0.0037));
#6364=CARTESIAN_POINT('',(0.0261815554652213,0.0105,0.0037));
#6365=CARTESIAN_POINT('',(0.0345839061550796,1.04083408558608E-17,0.0037));
#6366=CARTESIAN_POINT('',(0.0281815554652213,0.0105,0.0037));
#6367=CARTESIAN_POINT('',(0.0281815554652213,0.0105,0.0037));
#6368=CARTESIAN_POINT('',(0.0290815554652213,0.0105,0.0037));
#6369=CARTESIAN_POINT('',(0.0290815554652213,0.00855544172355041,0.0017));
#6370=CARTESIAN_POINT('',(0.0290815554652213,0.00855544172355041,0.0037));
#6371=CARTESIAN_POINT('',(0.0290815554652213,0.0105,0.0037));
#6372=CARTESIAN_POINT('',(0.0345839061550796,1.04083408558608E-17,0.0037));
#6373=CARTESIAN_POINT('',(0.02825,0.008,0.0037));
#6374=CARTESIAN_POINT('',(0.0221815554652213,0.0105,0.0037));
#6375=CARTESIAN_POINT('',(0.0221815554652213,0.0105,0.0037));
#6376=CARTESIAN_POINT('',(0.0230815554652213,0.0105,0.0037));
#6377=CARTESIAN_POINT('',(0.0230815554652213,0.0105,0.0037));
#6378=CARTESIAN_POINT('',(0.0345839061550796,1.04083408558608E-17,0.0037));
#6379=CARTESIAN_POINT('',(0.0181815554652213,0.0105,0.0037));
#6380=CARTESIAN_POINT('',(0.0181815554652213,0.0105,0.0037));
#6381=CARTESIAN_POINT('',(0.0190815554652214,0.0105,0.0037));
#6382=CARTESIAN_POINT('',(0.0190815554652214,0.0105,0.0037));
#6383=CARTESIAN_POINT('',(0.0345839061550796,1.04083408558608E-17,0.0037));
#6384=CARTESIAN_POINT('',(0.0188489528604826,0.008,0.0037));
#6385=CARTESIAN_POINT('',(0.0181815554652213,-0.0105,0.0037));
#6386=CARTESIAN_POINT('',(0.0181815554652213,-0.0105,0.0037));
#6387=CARTESIAN_POINT('',(0.0190815554652214,-0.0105,0.0037));
#6388=CARTESIAN_POINT('',(0.0190815554652214,-0.0105,0.0037));
#6389=CARTESIAN_POINT('',(0.0345839061550796,1.04083408558608E-17,0.0037));
#6390=CARTESIAN_POINT('',(0.0188489528604826,-0.008,0.0037));
#6391=CARTESIAN_POINT('',(0.01225,-0.008,0.00695));
#6392=CARTESIAN_POINT('',(0.01225,0.008,0.00595));
#6393=CARTESIAN_POINT('',(0.001,0.00709,0.00595));
#6394=CARTESIAN_POINT('',(0.001,0.00709,0.0060857864376269));
#6395=CARTESIAN_POINT('',(0.001,0.00709,0.0060857864376269));
#6396=CARTESIAN_POINT('',(0.001,0.00709,0.0060857864376269));
#6397=CARTESIAN_POINT('',(0.00258210678118655,0.00709,0.00766789321881345));
#6398=CARTESIAN_POINT('',(0.001,-0.00709,0.00595));
#6399=CARTESIAN_POINT('',(0.001,-0.00709,0.0060857864376269));
#6400=CARTESIAN_POINT('',(0.001,-0.00709,0.0060857864376269));
#6401=CARTESIAN_POINT('',(0.001,-0.00709,0.0060857864376269));
#6402=CARTESIAN_POINT('',(0.00258210678118655,-0.00709,0.00766789321881345));
#6403=CARTESIAN_POINT('',(0.0096,-0.00499,0.00595));
#6404=CARTESIAN_POINT('',(0.00862020410288673,-0.00479,0.00595));
#6405=CARTESIAN_POINT('',(0.00862020410288673,-0.00479,0.00289102039871701));
#6406=CARTESIAN_POINT('',(0.0096,-0.00499,0.00245555555555556));
#6407=CARTESIAN_POINT('',(0.0109,-0.00299,0.00595));
#6408=CARTESIAN_POINT('',(0.0109,0.00299,0.00595));
#6409=CARTESIAN_POINT('',(0.02825,-0.008,0.00595));
#6410=CARTESIAN_POINT('',(0.02825,0.008,0.00595));
#6411=CARTESIAN_POINT('',(0.0188489528604826,0.008,0.00595));
#6412=CARTESIAN_POINT('',(0.01425,0.00299,0.00595));
#6413=CARTESIAN_POINT('',(0.0140211075721219,0.00396345172271668,0.00595));
#6414=CARTESIAN_POINT('',(0.01425,-0.00299,0.00595));
#6415=CARTESIAN_POINT('',(0.0140211075721219,-0.00396345172271665,0.00595));
#6416=CARTESIAN_POINT('',(0.0188489528604826,-0.008,0.00595));
#6417=CARTESIAN_POINT('',(0.03225,1.7347234759768E-17,0.00285));
#6418=CARTESIAN_POINT('',(0.01225,0.008,0.00285));
#6419=CARTESIAN_POINT('',(0.0153803930106724,0.008,0.00285));
#6420=CARTESIAN_POINT('',(0.01225,0.008,0.00272087596514401));
#6421=CARTESIAN_POINT('',(0.03225,1.7347234759768E-17,0.00285));
#6422=CARTESIAN_POINT('',(0.01225,-0.008,0.00285));
#6423=CARTESIAN_POINT('',(0.0153803930106724,-0.008,0.00285));
#6424=CARTESIAN_POINT('',(0.01225,-0.008,0.00272087596514401));
#6425=CARTESIAN_POINT('',(0.03225,1.7347234759768E-17,0.00285));
#6426=CARTESIAN_POINT('',(0.03225,0.0102803930106724,0.00285));
#6427=CARTESIAN_POINT('',(0.0022,0.0102803930106724,0.00285));
#6428=CARTESIAN_POINT('',(0.0072,0.0102803930106724,0.00285));
#6429=CARTESIAN_POINT('',(0.0072,0.00965,0.00285));
#6430=CARTESIAN_POINT('',(0.0072,0.00901960698932757,0.00285));
#6431=CARTESIAN_POINT('',(0.03225,0.00901960698932757,0.00285));
#6432=CARTESIAN_POINT('',(0.00219999999999997,0.00901960698932757,0.00285));
#6433=CARTESIAN_POINT('',(0.0022,0.00965,0.00285));
#6434=CARTESIAN_POINT('',(0.0072,0.00965,0.00272087596514401));
#6435=CARTESIAN_POINT('',(0.0072,0.00900145978968877,0.00272087596514401));
#6436=CARTESIAN_POINT('',(0.0072,0.0102985402103112,0.00272087596514401));
#6437=CARTESIAN_POINT('',(0.03225,0.00900145978968877,0.00272087596514401));
#6438=CARTESIAN_POINT('',(0.00219999999999997,0.00900145978968877,0.00272087596514401));
#6439=CARTESIAN_POINT('',(0.0022,0.00965,0.00272087596514401));
#6440=CARTESIAN_POINT('',(0.0022,0.0102985402103112,0.00272087596514401));
#6441=CARTESIAN_POINT('',(0.03225,0.0102985402103112,0.00272087596514401));
#6442=CARTESIAN_POINT('',(0.03225,-0.00900145978968877,0.00272087596514401));
#6443=CARTESIAN_POINT('',(0.0072,-0.00900145978968877,0.00272087596514401));
#6444=CARTESIAN_POINT('',(0.0072,-0.00901960698932757,0.00285));
#6445=CARTESIAN_POINT('',(0.03225,-0.00901960698932757,0.00285));
#6446=CARTESIAN_POINT('',(0.0022,-0.00901960698932757,0.00285));
#6447=CARTESIAN_POINT('',(0.0022,-0.00900145978968877,0.00272087596514401));
#6448=CARTESIAN_POINT('',(0.0022,-0.00965,0.00272087596514401));
#6449=CARTESIAN_POINT('',(0.0022,-0.00965,0.00285));
#6450=CARTESIAN_POINT('',(0.00219999999999997,-0.0102803930106724,0.00285));
#6451=CARTESIAN_POINT('',(0.00219999999999997,-0.0102985402103112,0.00272087596514401));
#6452=CARTESIAN_POINT('',(0.03225,-0.0102985402103112,0.00272087596514401));
#6453=CARTESIAN_POINT('',(0.03225,-0.0102803930106724,0.00285));
#6454=CARTESIAN_POINT('',(0.0072,-0.0102803930106724,0.00285));
#6455=CARTESIAN_POINT('',(0.0072,-0.0102985402103112,0.00272087596514401));
#6456=CARTESIAN_POINT('',(0.0072,-0.00965,0.00272087596514401));
#6457=CARTESIAN_POINT('',(0.0072,-0.00965,0.00285));
#6458=CARTESIAN_POINT('',(0.03225,1.7347234759768E-17,0.00285));
#6459=CARTESIAN_POINT('',(0.00905,-0.00479,0.0029));
#6460=CARTESIAN_POINT('',(0.0095,-0.00479,0.0029));
#6461=CARTESIAN_POINT('',(0.0095,-0.00479,0.0025));
#6462=CARTESIAN_POINT('',(0.0095,-0.00479,0.0025));
#6463=CARTESIAN_POINT('',(0.0095,-0.00544,0.0029));
#6464=CARTESIAN_POINT('',(0.0095,-0.00479,0.0025));
#6465=CARTESIAN_POINT('',(0.0095,0.00544,0.0029));
#6466=CARTESIAN_POINT('',(0.0095,0.00479,0.0029));
#6467=CARTESIAN_POINT('',(0.0095,0.00479,0.0025));
#6468=CARTESIAN_POINT('',(0.0095,0.00544,0.0025));
#6469=CARTESIAN_POINT('',(0.00905,0.00479,0.0029));
#6470=CARTESIAN_POINT('',(0.00897577319587629,0.00479,0.00273298969072165));
#6471=CARTESIAN_POINT('',(0.0095,-0.00544,0.0025));
#6472=CARTESIAN_POINT('',(0.0086,0.,0.0029));
#6473=CARTESIAN_POINT('',(0.0129682024038825,0.00844132964721336,0.00595));
#6474=CARTESIAN_POINT('',(0.0129682024038825,-0.00844132964721334,0.00595));
#6475=CARTESIAN_POINT('',(0.,0.,0.));
#6476=MECHANICAL_DESIGN_GEOMETRIC_PRESENTATION_REPRESENTATION('',(#3931),
#6477);
#6477=(
GEOMETRIC_REPRESENTATION_CONTEXT(3)
GLOBAL_UNCERTAINTY_ASSIGNED_CONTEXT((#6479))
GLOBAL_UNIT_ASSIGNED_CONTEXT((#6483,#6482,#6481))
REPRESENTATION_CONTEXT('Top Shell','TOP_LEVEL_ASSEMBLY_PART')
);
#6478=(
GEOMETRIC_REPRESENTATION_CONTEXT(3)
GLOBAL_UNCERTAINTY_ASSIGNED_CONTEXT((#6480))
GLOBAL_UNIT_ASSIGNED_CONTEXT((#6483,#6482,#6481))
REPRESENTATION_CONTEXT('Top Shell','COMPONENT_PART')
);
#6479=UNCERTAINTY_MEASURE_WITH_UNIT(LENGTH_MEASURE(1.E-8),#6483,
'DISTANCE_ACCURACY_VALUE','Maximum Tolerance applied to model');
#6480=UNCERTAINTY_MEASURE_WITH_UNIT(LENGTH_MEASURE(1.E-8),#6483,
'DISTANCE_ACCURACY_VALUE','Maximum Tolerance applied to model');
#6481=(
NAMED_UNIT(*)
SI_UNIT($,.STERADIAN.)
SOLID_ANGLE_UNIT()
);
#6482=(
NAMED_UNIT(*)
PLANE_ANGLE_UNIT()
SI_UNIT($,.RADIAN.)
);
#6483=(
LENGTH_UNIT()
NAMED_UNIT(*)
SI_UNIT($,.METRE.)
);
#6484=PRODUCT_DEFINITION_SHAPE('','',#6487);
#6485=PRODUCT_DEFINITION_SHAPE('','',#6488);
#6486=PRODUCT_DEFINITION_SHAPE(' ','NAUO PRDDFN',#11);
#6487=PRODUCT_DEFINITION('','',#6491,#6489);
#6488=PRODUCT_DEFINITION('','',#6492,#6490);
#6489=PRODUCT_DEFINITION_CONTEXT('',#6502,'design');
#6490=PRODUCT_DEFINITION_CONTEXT('',#6502,'design');
#6491=PRODUCT_DEFINITION_FORMATION_WITH_SPECIFIED_SOURCE('','',#6495,
 .NOT_KNOWN.);
#6492=PRODUCT_DEFINITION_FORMATION_WITH_SPECIFIED_SOURCE('','',#6496,
 .NOT_KNOWN.);
#6493=PRODUCT_RELATED_PRODUCT_CATEGORY('','',(#6495));
#6494=PRODUCT_RELATED_PRODUCT_CATEGORY('','',(#6496));
#6495=PRODUCT('Top Shell','Top Shell','Top Shell',(#6499));
#6496=PRODUCT('Top Shell','Top Shell','Top Shell',(#6500));
#6497=PRODUCT_CATEGORY('','');
#6498=PRODUCT_CATEGORY('','');
#6499=PRODUCT_CONTEXT('',#6502,'mechanical');
#6500=PRODUCT_CONTEXT('',#6502,'mechanical');
#6501=APPLICATION_PROTOCOL_DEFINITION('international standard',
'ap242_managed_model_based_3d_engineering',2020,#6502);
#6502=APPLICATION_CONTEXT('managed model based 3d engineering');
ENDSEC;
END-ISO-10303-21;
